[     258ms] [LOG] 🔍 Browser logger active (MCP server detected). Posting to: http://jaka-stran.test/_boost/browser-logs @ http://jaka-stran.test/galerija/icf-canoe-slalom-world-cup-1:30
[     327ms] [INFO] %cDownload the React DevTools for a better development experience: https://reactjs.org/link/react-devtools font-weight:bold @ http://jaka-stran.test/galerija/icf-canoe-slalom-world-cup-1:89
[  323652ms] TypeError: Cannot read properties of undefined (reading 'enabled')
    at WatermarkOverlay (http://[::1]:5173/resources/js/Pages/GalleryShow.tsx?t=1780775237164:34:18)
    at renderWithHooks (http://[::1]:5173/node_modules/.vite/deps/chunk-LPF6KSF2.js?v=4934fd6a:11596:26)
    at mountIndeterminateComponent (http://[::1]:5173/node_modules/.vite/deps/chunk-LPF6KSF2.js?v=4934fd6a:14974:21)
    at beginWork (http://[::1]:5173/node_modules/.vite/deps/chunk-LPF6KSF2.js?v=4934fd6a:15962:22)
    at HTMLUnknownElement.callCallback2 (http://[::1]:5173/node_modules/.vite/deps/chunk-LPF6KSF2.js?v=4934fd6a:3680:22)
    at Object.invokeGuardedCallbackDev (http://[::1]:5173/node_modules/.vite/deps/chunk-LPF6KSF2.js?v=4934fd6a:3705:24)
    at invokeGuardedCallback (http://[::1]:5173/node_modules/.vite/deps/chunk-LPF6KSF2.js?v=4934fd6a:3739:39)
    at beginWork$1 (http://[::1]:5173/node_modules/.vite/deps/chunk-LPF6KSF2.js?v=4934fd6a:19818:15)
    at performUnitOfWork (http://[::1]:5173/node_modules/.vite/deps/chunk-LPF6KSF2.js?v=4934fd6a:19251:20)
    at workLoopSync (http://[::1]:5173/node_modules/.vite/deps/chunk-LPF6KSF2.js?v=4934fd6a:19190:13)
[  323657ms] TypeError: Cannot read properties of undefined (reading 'enabled')
    at WatermarkOverlay (http://[::1]:5173/resources/js/Pages/GalleryShow.tsx?t=1780775237164:34:18)
    at renderWithHooks (http://[::1]:5173/node_modules/.vite/deps/chunk-LPF6KSF2.js?v=4934fd6a:11596:26)
    at mountIndeterminateComponent (http://[::1]:5173/node_modules/.vite/deps/chunk-LPF6KSF2.js?v=4934fd6a:14974:21)
    at beginWork (http://[::1]:5173/node_modules/.vite/deps/chunk-LPF6KSF2.js?v=4934fd6a:15962:22)
    at HTMLUnknownElement.callCallback2 (http://[::1]:5173/node_modules/.vite/deps/chunk-LPF6KSF2.js?v=4934fd6a:3680:22)
    at Object.invokeGuardedCallbackDev (http://[::1]:5173/node_modules/.vite/deps/chunk-LPF6KSF2.js?v=4934fd6a:3705:24)
    at invokeGuardedCallback (http://[::1]:5173/node_modules/.vite/deps/chunk-LPF6KSF2.js?v=4934fd6a:3739:39)
    at beginWork$1 (http://[::1]:5173/node_modules/.vite/deps/chunk-LPF6KSF2.js?v=4934fd6a:19818:15)
    at performUnitOfWork (http://[::1]:5173/node_modules/.vite/deps/chunk-LPF6KSF2.js?v=4934fd6a:19251:20)
    at workLoopSync (http://[::1]:5173/node_modules/.vite/deps/chunk-LPF6KSF2.js?v=4934fd6a:19190:13)
[  323659ms] TypeError: Cannot read properties of undefined (reading 'enabled')
    at WatermarkOverlay (http://[::1]:5173/resources/js/Pages/GalleryShow.tsx?t=1780775237164:34:18)
    at renderWithHooks (http://[::1]:5173/node_modules/.vite/deps/chunk-LPF6KSF2.js?v=4934fd6a:11596:26)
    at mountIndeterminateComponent (http://[::1]:5173/node_modules/.vite/deps/chunk-LPF6KSF2.js?v=4934fd6a:14974:21)
    at beginWork (http://[::1]:5173/node_modules/.vite/deps/chunk-LPF6KSF2.js?v=4934fd6a:15962:22)
    at HTMLUnknownElement.callCallback2 (http://[::1]:5173/node_modules/.vite/deps/chunk-LPF6KSF2.js?v=4934fd6a:3680:22)
    at Object.invokeGuardedCallbackDev (http://[::1]:5173/node_modules/.vite/deps/chunk-LPF6KSF2.js?v=4934fd6a:3705:24)
    at invokeGuardedCallback (http://[::1]:5173/node_modules/.vite/deps/chunk-LPF6KSF2.js?v=4934fd6a:3739:39)
    at beginWork$1 (http://[::1]:5173/node_modules/.vite/deps/chunk-LPF6KSF2.js?v=4934fd6a:19818:15)
    at performUnitOfWork (http://[::1]:5173/node_modules/.vite/deps/chunk-LPF6KSF2.js?v=4934fd6a:19251:20)
    at workLoopSync (http://[::1]:5173/node_modules/.vite/deps/chunk-LPF6KSF2.js?v=4934fd6a:19190:13)
[  323661ms] TypeError: Cannot read properties of undefined (reading 'enabled')
    at WatermarkOverlay (http://[::1]:5173/resources/js/Pages/GalleryShow.tsx?t=1780775237164:34:18)
    at renderWithHooks (http://[::1]:5173/node_modules/.vite/deps/chunk-LPF6KSF2.js?v=4934fd6a:11596:26)
    at mountIndeterminateComponent (http://[::1]:5173/node_modules/.vite/deps/chunk-LPF6KSF2.js?v=4934fd6a:14974:21)
    at beginWork (http://[::1]:5173/node_modules/.vite/deps/chunk-LPF6KSF2.js?v=4934fd6a:15962:22)
    at HTMLUnknownElement.callCallback2 (http://[::1]:5173/node_modules/.vite/deps/chunk-LPF6KSF2.js?v=4934fd6a:3680:22)
    at Object.invokeGuardedCallbackDev (http://[::1]:5173/node_modules/.vite/deps/chunk-LPF6KSF2.js?v=4934fd6a:3705:24)
    at invokeGuardedCallback (http://[::1]:5173/node_modules/.vite/deps/chunk-LPF6KSF2.js?v=4934fd6a:3739:39)
    at beginWork$1 (http://[::1]:5173/node_modules/.vite/deps/chunk-LPF6KSF2.js?v=4934fd6a:19818:15)
    at performUnitOfWork (http://[::1]:5173/node_modules/.vite/deps/chunk-LPF6KSF2.js?v=4934fd6a:19251:20)
    at workLoopSync (http://[::1]:5173/node_modules/.vite/deps/chunk-LPF6KSF2.js?v=4934fd6a:19190:13)
[  323664ms] TypeError: Cannot read properties of undefined (reading 'enabled')
    at WatermarkOverlay (http://[::1]:5173/resources/js/Pages/GalleryShow.tsx?t=1780775237164:34:18)
    at renderWithHooks (http://[::1]:5173/node_modules/.vite/deps/chunk-LPF6KSF2.js?v=4934fd6a:11596:26)
    at mountIndeterminateComponent (http://[::1]:5173/node_modules/.vite/deps/chunk-LPF6KSF2.js?v=4934fd6a:14974:21)
    at beginWork (http://[::1]:5173/node_modules/.vite/deps/chunk-LPF6KSF2.js?v=4934fd6a:15962:22)
    at HTMLUnknownElement.callCallback2 (http://[::1]:5173/node_modules/.vite/deps/chunk-LPF6KSF2.js?v=4934fd6a:3680:22)
    at Object.invokeGuardedCallbackDev (http://[::1]:5173/node_modules/.vite/deps/chunk-LPF6KSF2.js?v=4934fd6a:3705:24)
    at invokeGuardedCallback (http://[::1]:5173/node_modules/.vite/deps/chunk-LPF6KSF2.js?v=4934fd6a:3739:39)
    at beginWork$1 (http://[::1]:5173/node_modules/.vite/deps/chunk-LPF6KSF2.js?v=4934fd6a:19818:15)
    at performUnitOfWork (http://[::1]:5173/node_modules/.vite/deps/chunk-LPF6KSF2.js?v=4934fd6a:19251:20)
    at workLoopSync (http://[::1]:5173/node_modules/.vite/deps/chunk-LPF6KSF2.js?v=4934fd6a:19190:13)
[  323666ms] TypeError: Cannot read properties of undefined (reading 'enabled')
    at WatermarkOverlay (http://[::1]:5173/resources/js/Pages/GalleryShow.tsx?t=1780775237164:34:18)
    at renderWithHooks (http://[::1]:5173/node_modules/.vite/deps/chunk-LPF6KSF2.js?v=4934fd6a:11596:26)
    at mountIndeterminateComponent (http://[::1]:5173/node_modules/.vite/deps/chunk-LPF6KSF2.js?v=4934fd6a:14974:21)
    at beginWork (http://[::1]:5173/node_modules/.vite/deps/chunk-LPF6KSF2.js?v=4934fd6a:15962:22)
    at HTMLUnknownElement.callCallback2 (http://[::1]:5173/node_modules/.vite/deps/chunk-LPF6KSF2.js?v=4934fd6a:3680:22)
    at Object.invokeGuardedCallbackDev (http://[::1]:5173/node_modules/.vite/deps/chunk-LPF6KSF2.js?v=4934fd6a:3705:24)
    at invokeGuardedCallback (http://[::1]:5173/node_modules/.vite/deps/chunk-LPF6KSF2.js?v=4934fd6a:3739:39)
    at beginWork$1 (http://[::1]:5173/node_modules/.vite/deps/chunk-LPF6KSF2.js?v=4934fd6a:19818:15)
    at performUnitOfWork (http://[::1]:5173/node_modules/.vite/deps/chunk-LPF6KSF2.js?v=4934fd6a:19251:20)
    at workLoopSync (http://[::1]:5173/node_modules/.vite/deps/chunk-LPF6KSF2.js?v=4934fd6a:19190:13)
[  323668ms] TypeError: Cannot read properties of undefined (reading 'enabled')
    at WatermarkOverlay (http://[::1]:5173/resources/js/Pages/GalleryShow.tsx?t=1780775237164:34:18)
    at renderWithHooks (http://[::1]:5173/node_modules/.vite/deps/chunk-LPF6KSF2.js?v=4934fd6a:11596:26)
    at mountIndeterminateComponent (http://[::1]:5173/node_modules/.vite/deps/chunk-LPF6KSF2.js?v=4934fd6a:14974:21)
    at beginWork (http://[::1]:5173/node_modules/.vite/deps/chunk-LPF6KSF2.js?v=4934fd6a:15962:22)
    at HTMLUnknownElement.callCallback2 (http://[::1]:5173/node_modules/.vite/deps/chunk-LPF6KSF2.js?v=4934fd6a:3680:22)
    at Object.invokeGuardedCallbackDev (http://[::1]:5173/node_modules/.vite/deps/chunk-LPF6KSF2.js?v=4934fd6a:3705:24)
    at invokeGuardedCallback (http://[::1]:5173/node_modules/.vite/deps/chunk-LPF6KSF2.js?v=4934fd6a:3739:39)
    at beginWork$1 (http://[::1]:5173/node_modules/.vite/deps/chunk-LPF6KSF2.js?v=4934fd6a:19818:15)
    at performUnitOfWork (http://[::1]:5173/node_modules/.vite/deps/chunk-LPF6KSF2.js?v=4934fd6a:19251:20)
    at workLoopSync (http://[::1]:5173/node_modules/.vite/deps/chunk-LPF6KSF2.js?v=4934fd6a:19190:13)
[  323670ms] TypeError: Cannot read properties of undefined (reading 'enabled')
    at WatermarkOverlay (http://[::1]:5173/resources/js/Pages/GalleryShow.tsx?t=1780775237164:34:18)
    at renderWithHooks (http://[::1]:5173/node_modules/.vite/deps/chunk-LPF6KSF2.js?v=4934fd6a:11596:26)
    at mountIndeterminateComponent (http://[::1]:5173/node_modules/.vite/deps/chunk-LPF6KSF2.js?v=4934fd6a:14974:21)
    at beginWork (http://[::1]:5173/node_modules/.vite/deps/chunk-LPF6KSF2.js?v=4934fd6a:15962:22)
    at HTMLUnknownElement.callCallback2 (http://[::1]:5173/node_modules/.vite/deps/chunk-LPF6KSF2.js?v=4934fd6a:3680:22)
    at Object.invokeGuardedCallbackDev (http://[::1]:5173/node_modules/.vite/deps/chunk-LPF6KSF2.js?v=4934fd6a:3705:24)
    at invokeGuardedCallback (http://[::1]:5173/node_modules/.vite/deps/chunk-LPF6KSF2.js?v=4934fd6a:3739:39)
    at beginWork$1 (http://[::1]:5173/node_modules/.vite/deps/chunk-LPF6KSF2.js?v=4934fd6a:19818:15)
    at performUnitOfWork (http://[::1]:5173/node_modules/.vite/deps/chunk-LPF6KSF2.js?v=4934fd6a:19251:20)
    at workLoopSync (http://[::1]:5173/node_modules/.vite/deps/chunk-LPF6KSF2.js?v=4934fd6a:19190:13)
[  323671ms] TypeError: Cannot read properties of undefined (reading 'enabled')
    at WatermarkOverlay (http://[::1]:5173/resources/js/Pages/GalleryShow.tsx?t=1780775237164:34:18)
    at renderWithHooks (http://[::1]:5173/node_modules/.vite/deps/chunk-LPF6KSF2.js?v=4934fd6a:11596:26)
    at mountIndeterminateComponent (http://[::1]:5173/node_modules/.vite/deps/chunk-LPF6KSF2.js?v=4934fd6a:14974:21)
    at beginWork (http://[::1]:5173/node_modules/.vite/deps/chunk-LPF6KSF2.js?v=4934fd6a:15962:22)
    at HTMLUnknownElement.callCallback2 (http://[::1]:5173/node_modules/.vite/deps/chunk-LPF6KSF2.js?v=4934fd6a:3680:22)
    at Object.invokeGuardedCallbackDev (http://[::1]:5173/node_modules/.vite/deps/chunk-LPF6KSF2.js?v=4934fd6a:3705:24)
    at invokeGuardedCallback (http://[::1]:5173/node_modules/.vite/deps/chunk-LPF6KSF2.js?v=4934fd6a:3739:39)
    at beginWork$1 (http://[::1]:5173/node_modules/.vite/deps/chunk-LPF6KSF2.js?v=4934fd6a:19818:15)
    at performUnitOfWork (http://[::1]:5173/node_modules/.vite/deps/chunk-LPF6KSF2.js?v=4934fd6a:19251:20)
    at workLoopSync (http://[::1]:5173/node_modules/.vite/deps/chunk-LPF6KSF2.js?v=4934fd6a:19190:13)
[  323672ms] TypeError: Cannot read properties of undefined (reading 'enabled')
    at WatermarkOverlay (http://[::1]:5173/resources/js/Pages/GalleryShow.tsx?t=1780775237164:34:18)
    at renderWithHooks (http://[::1]:5173/node_modules/.vite/deps/chunk-LPF6KSF2.js?v=4934fd6a:11596:26)
    at mountIndeterminateComponent (http://[::1]:5173/node_modules/.vite/deps/chunk-LPF6KSF2.js?v=4934fd6a:14974:21)
    at beginWork (http://[::1]:5173/node_modules/.vite/deps/chunk-LPF6KSF2.js?v=4934fd6a:15962:22)
    at HTMLUnknownElement.callCallback2 (http://[::1]:5173/node_modules/.vite/deps/chunk-LPF6KSF2.js?v=4934fd6a:3680:22)
    at Object.invokeGuardedCallbackDev (http://[::1]:5173/node_modules/.vite/deps/chunk-LPF6KSF2.js?v=4934fd6a:3705:24)
    at invokeGuardedCallback (http://[::1]:5173/node_modules/.vite/deps/chunk-LPF6KSF2.js?v=4934fd6a:3739:39)
    at beginWork$1 (http://[::1]:5173/node_modules/.vite/deps/chunk-LPF6KSF2.js?v=4934fd6a:19818:15)
    at performUnitOfWork (http://[::1]:5173/node_modules/.vite/deps/chunk-LPF6KSF2.js?v=4934fd6a:19251:20)
    at workLoopSync (http://[::1]:5173/node_modules/.vite/deps/chunk-LPF6KSF2.js?v=4934fd6a:19190:13)
[  323674ms] TypeError: Cannot read properties of undefined (reading 'enabled')
    at WatermarkOverlay (http://[::1]:5173/resources/js/Pages/GalleryShow.tsx?t=1780775237164:34:18)
    at renderWithHooks (http://[::1]:5173/node_modules/.vite/deps/chunk-LPF6KSF2.js?v=4934fd6a:11596:26)
    at mountIndeterminateComponent (http://[::1]:5173/node_modules/.vite/deps/chunk-LPF6KSF2.js?v=4934fd6a:14974:21)
    at beginWork (http://[::1]:5173/node_modules/.vite/deps/chunk-LPF6KSF2.js?v=4934fd6a:15962:22)
    at HTMLUnknownElement.callCallback2 (http://[::1]:5173/node_modules/.vite/deps/chunk-LPF6KSF2.js?v=4934fd6a:3680:22)
    at Object.invokeGuardedCallbackDev (http://[::1]:5173/node_modules/.vite/deps/chunk-LPF6KSF2.js?v=4934fd6a:3705:24)
    at invokeGuardedCallback (http://[::1]:5173/node_modules/.vite/deps/chunk-LPF6KSF2.js?v=4934fd6a:3739:39)
    at beginWork$1 (http://[::1]:5173/node_modules/.vite/deps/chunk-LPF6KSF2.js?v=4934fd6a:19818:15)
    at performUnitOfWork (http://[::1]:5173/node_modules/.vite/deps/chunk-LPF6KSF2.js?v=4934fd6a:19251:20)
    at workLoopSync (http://[::1]:5173/node_modules/.vite/deps/chunk-LPF6KSF2.js?v=4934fd6a:19190:13)
[  323675ms] TypeError: Cannot read properties of undefined (reading 'enabled')
    at WatermarkOverlay (http://[::1]:5173/resources/js/Pages/GalleryShow.tsx?t=1780775237164:34:18)
    at renderWithHooks (http://[::1]:5173/node_modules/.vite/deps/chunk-LPF6KSF2.js?v=4934fd6a:11596:26)
    at mountIndeterminateComponent (http://[::1]:5173/node_modules/.vite/deps/chunk-LPF6KSF2.js?v=4934fd6a:14974:21)
    at beginWork (http://[::1]:5173/node_modules/.vite/deps/chunk-LPF6KSF2.js?v=4934fd6a:15962:22)
    at HTMLUnknownElement.callCallback2 (http://[::1]:5173/node_modules/.vite/deps/chunk-LPF6KSF2.js?v=4934fd6a:3680:22)
    at Object.invokeGuardedCallbackDev (http://[::1]:5173/node_modules/.vite/deps/chunk-LPF6KSF2.js?v=4934fd6a:3705:24)
    at invokeGuardedCallback (http://[::1]:5173/node_modules/.vite/deps/chunk-LPF6KSF2.js?v=4934fd6a:3739:39)
    at beginWork$1 (http://[::1]:5173/node_modules/.vite/deps/chunk-LPF6KSF2.js?v=4934fd6a:19818:15)
    at performUnitOfWork (http://[::1]:5173/node_modules/.vite/deps/chunk-LPF6KSF2.js?v=4934fd6a:19251:20)
    at workLoopSync (http://[::1]:5173/node_modules/.vite/deps/chunk-LPF6KSF2.js?v=4934fd6a:19190:13)
[  323675ms] TypeError: Cannot read properties of undefined (reading 'enabled')
    at WatermarkOverlay (http://[::1]:5173/resources/js/Pages/GalleryShow.tsx?t=1780775237164:34:18)
    at renderWithHooks (http://[::1]:5173/node_modules/.vite/deps/chunk-LPF6KSF2.js?v=4934fd6a:11596:26)
    at mountIndeterminateComponent (http://[::1]:5173/node_modules/.vite/deps/chunk-LPF6KSF2.js?v=4934fd6a:14974:21)
    at beginWork (http://[::1]:5173/node_modules/.vite/deps/chunk-LPF6KSF2.js?v=4934fd6a:15962:22)
    at HTMLUnknownElement.callCallback2 (http://[::1]:5173/node_modules/.vite/deps/chunk-LPF6KSF2.js?v=4934fd6a:3680:22)
    at Object.invokeGuardedCallbackDev (http://[::1]:5173/node_modules/.vite/deps/chunk-LPF6KSF2.js?v=4934fd6a:3705:24)
    at invokeGuardedCallback (http://[::1]:5173/node_modules/.vite/deps/chunk-LPF6KSF2.js?v=4934fd6a:3739:39)
    at beginWork$1 (http://[::1]:5173/node_modules/.vite/deps/chunk-LPF6KSF2.js?v=4934fd6a:19818:15)
    at performUnitOfWork (http://[::1]:5173/node_modules/.vite/deps/chunk-LPF6KSF2.js?v=4934fd6a:19251:20)
    at workLoopSync (http://[::1]:5173/node_modules/.vite/deps/chunk-LPF6KSF2.js?v=4934fd6a:19190:13)
[  323676ms] TypeError: Cannot read properties of undefined (reading 'enabled')
    at WatermarkOverlay (http://[::1]:5173/resources/js/Pages/GalleryShow.tsx?t=1780775237164:34:18)
    at renderWithHooks (http://[::1]:5173/node_modules/.vite/deps/chunk-LPF6KSF2.js?v=4934fd6a:11596:26)
    at mountIndeterminateComponent (http://[::1]:5173/node_modules/.vite/deps/chunk-LPF6KSF2.js?v=4934fd6a:14974:21)
    at beginWork (http://[::1]:5173/node_modules/.vite/deps/chunk-LPF6KSF2.js?v=4934fd6a:15962:22)
    at HTMLUnknownElement.callCallback2 (http://[::1]:5173/node_modules/.vite/deps/chunk-LPF6KSF2.js?v=4934fd6a:3680:22)
    at Object.invokeGuardedCallbackDev (http://[::1]:5173/node_modules/.vite/deps/chunk-LPF6KSF2.js?v=4934fd6a:3705:24)
    at invokeGuardedCallback (http://[::1]:5173/node_modules/.vite/deps/chunk-LPF6KSF2.js?v=4934fd6a:3739:39)
    at beginWork$1 (http://[::1]:5173/node_modules/.vite/deps/chunk-LPF6KSF2.js?v=4934fd6a:19818:15)
    at performUnitOfWork (http://[::1]:5173/node_modules/.vite/deps/chunk-LPF6KSF2.js?v=4934fd6a:19251:20)
    at workLoopSync (http://[::1]:5173/node_modules/.vite/deps/chunk-LPF6KSF2.js?v=4934fd6a:19190:13)
[  323677ms] TypeError: Cannot read properties of undefined (reading 'enabled')
    at WatermarkOverlay (http://[::1]:5173/resources/js/Pages/GalleryShow.tsx?t=1780775237164:34:18)
    at renderWithHooks (http://[::1]:5173/node_modules/.vite/deps/chunk-LPF6KSF2.js?v=4934fd6a:11596:26)
    at mountIndeterminateComponent (http://[::1]:5173/node_modules/.vite/deps/chunk-LPF6KSF2.js?v=4934fd6a:14974:21)
    at beginWork (http://[::1]:5173/node_modules/.vite/deps/chunk-LPF6KSF2.js?v=4934fd6a:15962:22)
    at HTMLUnknownElement.callCallback2 (http://[::1]:5173/node_modules/.vite/deps/chunk-LPF6KSF2.js?v=4934fd6a:3680:22)
    at Object.invokeGuardedCallbackDev (http://[::1]:5173/node_modules/.vite/deps/chunk-LPF6KSF2.js?v=4934fd6a:3705:24)
    at invokeGuardedCallback (http://[::1]:5173/node_modules/.vite/deps/chunk-LPF6KSF2.js?v=4934fd6a:3739:39)
    at beginWork$1 (http://[::1]:5173/node_modules/.vite/deps/chunk-LPF6KSF2.js?v=4934fd6a:19818:15)
    at performUnitOfWork (http://[::1]:5173/node_modules/.vite/deps/chunk-LPF6KSF2.js?v=4934fd6a:19251:20)
    at workLoopSync (http://[::1]:5173/node_modules/.vite/deps/chunk-LPF6KSF2.js?v=4934fd6a:19190:13)
[  323678ms] TypeError: Cannot read properties of undefined (reading 'enabled')
    at WatermarkOverlay (http://[::1]:5173/resources/js/Pages/GalleryShow.tsx?t=1780775237164:34:18)
    at renderWithHooks (http://[::1]:5173/node_modules/.vite/deps/chunk-LPF6KSF2.js?v=4934fd6a:11596:26)
    at mountIndeterminateComponent (http://[::1]:5173/node_modules/.vite/deps/chunk-LPF6KSF2.js?v=4934fd6a:14974:21)
    at beginWork (http://[::1]:5173/node_modules/.vite/deps/chunk-LPF6KSF2.js?v=4934fd6a:15962:22)
    at HTMLUnknownElement.callCallback2 (http://[::1]:5173/node_modules/.vite/deps/chunk-LPF6KSF2.js?v=4934fd6a:3680:22)
    at Object.invokeGuardedCallbackDev (http://[::1]:5173/node_modules/.vite/deps/chunk-LPF6KSF2.js?v=4934fd6a:3705:24)
    at invokeGuardedCallback (http://[::1]:5173/node_modules/.vite/deps/chunk-LPF6KSF2.js?v=4934fd6a:3739:39)
    at beginWork$1 (http://[::1]:5173/node_modules/.vite/deps/chunk-LPF6KSF2.js?v=4934fd6a:19818:15)
    at performUnitOfWork (http://[::1]:5173/node_modules/.vite/deps/chunk-LPF6KSF2.js?v=4934fd6a:19251:20)
    at workLoopSync (http://[::1]:5173/node_modules/.vite/deps/chunk-LPF6KSF2.js?v=4934fd6a:19190:13)
[  323679ms] TypeError: Cannot read properties of undefined (reading 'enabled')
    at WatermarkOverlay (http://[::1]:5173/resources/js/Pages/GalleryShow.tsx?t=1780775237164:34:18)
    at renderWithHooks (http://[::1]:5173/node_modules/.vite/deps/chunk-LPF6KSF2.js?v=4934fd6a:11596:26)
    at mountIndeterminateComponent (http://[::1]:5173/node_modules/.vite/deps/chunk-LPF6KSF2.js?v=4934fd6a:14974:21)
    at beginWork (http://[::1]:5173/node_modules/.vite/deps/chunk-LPF6KSF2.js?v=4934fd6a:15962:22)
    at HTMLUnknownElement.callCallback2 (http://[::1]:5173/node_modules/.vite/deps/chunk-LPF6KSF2.js?v=4934fd6a:3680:22)
    at Object.invokeGuardedCallbackDev (http://[::1]:5173/node_modules/.vite/deps/chunk-LPF6KSF2.js?v=4934fd6a:3705:24)
    at invokeGuardedCallback (http://[::1]:5173/node_modules/.vite/deps/chunk-LPF6KSF2.js?v=4934fd6a:3739:39)
    at beginWork$1 (http://[::1]:5173/node_modules/.vite/deps/chunk-LPF6KSF2.js?v=4934fd6a:19818:15)
    at performUnitOfWork (http://[::1]:5173/node_modules/.vite/deps/chunk-LPF6KSF2.js?v=4934fd6a:19251:20)
    at workLoopSync (http://[::1]:5173/node_modules/.vite/deps/chunk-LPF6KSF2.js?v=4934fd6a:19190:13)
[  323680ms] TypeError: Cannot read properties of undefined (reading 'enabled')
    at WatermarkOverlay (http://[::1]:5173/resources/js/Pages/GalleryShow.tsx?t=1780775237164:34:18)
    at renderWithHooks (http://[::1]:5173/node_modules/.vite/deps/chunk-LPF6KSF2.js?v=4934fd6a:11596:26)
    at mountIndeterminateComponent (http://[::1]:5173/node_modules/.vite/deps/chunk-LPF6KSF2.js?v=4934fd6a:14974:21)
    at beginWork (http://[::1]:5173/node_modules/.vite/deps/chunk-LPF6KSF2.js?v=4934fd6a:15962:22)
    at HTMLUnknownElement.callCallback2 (http://[::1]:5173/node_modules/.vite/deps/chunk-LPF6KSF2.js?v=4934fd6a:3680:22)
    at Object.invokeGuardedCallbackDev (http://[::1]:5173/node_modules/.vite/deps/chunk-LPF6KSF2.js?v=4934fd6a:3705:24)
    at invokeGuardedCallback (http://[::1]:5173/node_modules/.vite/deps/chunk-LPF6KSF2.js?v=4934fd6a:3739:39)
    at beginWork$1 (http://[::1]:5173/node_modules/.vite/deps/chunk-LPF6KSF2.js?v=4934fd6a:19818:15)
    at performUnitOfWork (http://[::1]:5173/node_modules/.vite/deps/chunk-LPF6KSF2.js?v=4934fd6a:19251:20)
    at workLoopSync (http://[::1]:5173/node_modules/.vite/deps/chunk-LPF6KSF2.js?v=4934fd6a:19190:13)
[  323681ms] TypeError: Cannot read properties of undefined (reading 'enabled')
    at WatermarkOverlay (http://[::1]:5173/resources/js/Pages/GalleryShow.tsx?t=1780775237164:34:18)
    at renderWithHooks (http://[::1]:5173/node_modules/.vite/deps/chunk-LPF6KSF2.js?v=4934fd6a:11596:26)
    at mountIndeterminateComponent (http://[::1]:5173/node_modules/.vite/deps/chunk-LPF6KSF2.js?v=4934fd6a:14974:21)
    at beginWork (http://[::1]:5173/node_modules/.vite/deps/chunk-LPF6KSF2.js?v=4934fd6a:15962:22)
    at HTMLUnknownElement.callCallback2 (http://[::1]:5173/node_modules/.vite/deps/chunk-LPF6KSF2.js?v=4934fd6a:3680:22)
    at Object.invokeGuardedCallbackDev (http://[::1]:5173/node_modules/.vite/deps/chunk-LPF6KSF2.js?v=4934fd6a:3705:24)
    at invokeGuardedCallback (http://[::1]:5173/node_modules/.vite/deps/chunk-LPF6KSF2.js?v=4934fd6a:3739:39)
    at beginWork$1 (http://[::1]:5173/node_modules/.vite/deps/chunk-LPF6KSF2.js?v=4934fd6a:19818:15)
    at performUnitOfWork (http://[::1]:5173/node_modules/.vite/deps/chunk-LPF6KSF2.js?v=4934fd6a:19251:20)
    at workLoopSync (http://[::1]:5173/node_modules/.vite/deps/chunk-LPF6KSF2.js?v=4934fd6a:19190:13)
[  323682ms] TypeError: Cannot read properties of undefined (reading 'enabled')
    at WatermarkOverlay (http://[::1]:5173/resources/js/Pages/GalleryShow.tsx?t=1780775237164:34:18)
    at renderWithHooks (http://[::1]:5173/node_modules/.vite/deps/chunk-LPF6KSF2.js?v=4934fd6a:11596:26)
    at mountIndeterminateComponent (http://[::1]:5173/node_modules/.vite/deps/chunk-LPF6KSF2.js?v=4934fd6a:14974:21)
    at beginWork (http://[::1]:5173/node_modules/.vite/deps/chunk-LPF6KSF2.js?v=4934fd6a:15962:22)
    at HTMLUnknownElement.callCallback2 (http://[::1]:5173/node_modules/.vite/deps/chunk-LPF6KSF2.js?v=4934fd6a:3680:22)
    at Object.invokeGuardedCallbackDev (http://[::1]:5173/node_modules/.vite/deps/chunk-LPF6KSF2.js?v=4934fd6a:3705:24)
    at invokeGuardedCallback (http://[::1]:5173/node_modules/.vite/deps/chunk-LPF6KSF2.js?v=4934fd6a:3739:39)
    at beginWork$1 (http://[::1]:5173/node_modules/.vite/deps/chunk-LPF6KSF2.js?v=4934fd6a:19818:15)
    at performUnitOfWork (http://[::1]:5173/node_modules/.vite/deps/chunk-LPF6KSF2.js?v=4934fd6a:19251:20)
    at workLoopSync (http://[::1]:5173/node_modules/.vite/deps/chunk-LPF6KSF2.js?v=4934fd6a:19190:13)
[  323683ms] TypeError: Cannot read properties of undefined (reading 'enabled')
    at WatermarkOverlay (http://[::1]:5173/resources/js/Pages/GalleryShow.tsx?t=1780775237164:34:18)
    at renderWithHooks (http://[::1]:5173/node_modules/.vite/deps/chunk-LPF6KSF2.js?v=4934fd6a:11596:26)
    at mountIndeterminateComponent (http://[::1]:5173/node_modules/.vite/deps/chunk-LPF6KSF2.js?v=4934fd6a:14974:21)
    at beginWork (http://[::1]:5173/node_modules/.vite/deps/chunk-LPF6KSF2.js?v=4934fd6a:15962:22)
    at HTMLUnknownElement.callCallback2 (http://[::1]:5173/node_modules/.vite/deps/chunk-LPF6KSF2.js?v=4934fd6a:3680:22)
    at Object.invokeGuardedCallbackDev (http://[::1]:5173/node_modules/.vite/deps/chunk-LPF6KSF2.js?v=4934fd6a:3705:24)
    at invokeGuardedCallback (http://[::1]:5173/node_modules/.vite/deps/chunk-LPF6KSF2.js?v=4934fd6a:3739:39)
    at beginWork$1 (http://[::1]:5173/node_modules/.vite/deps/chunk-LPF6KSF2.js?v=4934fd6a:19818:15)
    at performUnitOfWork (http://[::1]:5173/node_modules/.vite/deps/chunk-LPF6KSF2.js?v=4934fd6a:19251:20)
    at workLoopSync (http://[::1]:5173/node_modules/.vite/deps/chunk-LPF6KSF2.js?v=4934fd6a:19190:13)
[  323684ms] TypeError: Cannot read properties of undefined (reading 'enabled')
    at WatermarkOverlay (http://[::1]:5173/resources/js/Pages/GalleryShow.tsx?t=1780775237164:34:18)
    at renderWithHooks (http://[::1]:5173/node_modules/.vite/deps/chunk-LPF6KSF2.js?v=4934fd6a:11596:26)
    at mountIndeterminateComponent (http://[::1]:5173/node_modules/.vite/deps/chunk-LPF6KSF2.js?v=4934fd6a:14974:21)
    at beginWork (http://[::1]:5173/node_modules/.vite/deps/chunk-LPF6KSF2.js?v=4934fd6a:15962:22)
    at HTMLUnknownElement.callCallback2 (http://[::1]:5173/node_modules/.vite/deps/chunk-LPF6KSF2.js?v=4934fd6a:3680:22)
    at Object.invokeGuardedCallbackDev (http://[::1]:5173/node_modules/.vite/deps/chunk-LPF6KSF2.js?v=4934fd6a:3705:24)
    at invokeGuardedCallback (http://[::1]:5173/node_modules/.vite/deps/chunk-LPF6KSF2.js?v=4934fd6a:3739:39)
    at beginWork$1 (http://[::1]:5173/node_modules/.vite/deps/chunk-LPF6KSF2.js?v=4934fd6a:19818:15)
    at performUnitOfWork (http://[::1]:5173/node_modules/.vite/deps/chunk-LPF6KSF2.js?v=4934fd6a:19251:20)
    at workLoopSync (http://[::1]:5173/node_modules/.vite/deps/chunk-LPF6KSF2.js?v=4934fd6a:19190:13)
[  323685ms] TypeError: Cannot read properties of undefined (reading 'enabled')
    at WatermarkOverlay (http://[::1]:5173/resources/js/Pages/GalleryShow.tsx?t=1780775237164:34:18)
    at renderWithHooks (http://[::1]:5173/node_modules/.vite/deps/chunk-LPF6KSF2.js?v=4934fd6a:11596:26)
    at mountIndeterminateComponent (http://[::1]:5173/node_modules/.vite/deps/chunk-LPF6KSF2.js?v=4934fd6a:14974:21)
    at beginWork (http://[::1]:5173/node_modules/.vite/deps/chunk-LPF6KSF2.js?v=4934fd6a:15962:22)
    at HTMLUnknownElement.callCallback2 (http://[::1]:5173/node_modules/.vite/deps/chunk-LPF6KSF2.js?v=4934fd6a:3680:22)
    at Object.invokeGuardedCallbackDev (http://[::1]:5173/node_modules/.vite/deps/chunk-LPF6KSF2.js?v=4934fd6a:3705:24)
    at invokeGuardedCallback (http://[::1]:5173/node_modules/.vite/deps/chunk-LPF6KSF2.js?v=4934fd6a:3739:39)
    at beginWork$1 (http://[::1]:5173/node_modules/.vite/deps/chunk-LPF6KSF2.js?v=4934fd6a:19818:15)
    at performUnitOfWork (http://[::1]:5173/node_modules/.vite/deps/chunk-LPF6KSF2.js?v=4934fd6a:19251:20)
    at workLoopSync (http://[::1]:5173/node_modules/.vite/deps/chunk-LPF6KSF2.js?v=4934fd6a:19190:13)
[  323686ms] TypeError: Cannot read properties of undefined (reading 'enabled')
    at WatermarkOverlay (http://[::1]:5173/resources/js/Pages/GalleryShow.tsx?t=1780775237164:34:18)
    at renderWithHooks (http://[::1]:5173/node_modules/.vite/deps/chunk-LPF6KSF2.js?v=4934fd6a:11596:26)
    at mountIndeterminateComponent (http://[::1]:5173/node_modules/.vite/deps/chunk-LPF6KSF2.js?v=4934fd6a:14974:21)
    at beginWork (http://[::1]:5173/node_modules/.vite/deps/chunk-LPF6KSF2.js?v=4934fd6a:15962:22)
    at HTMLUnknownElement.callCallback2 (http://[::1]:5173/node_modules/.vite/deps/chunk-LPF6KSF2.js?v=4934fd6a:3680:22)
    at Object.invokeGuardedCallbackDev (http://[::1]:5173/node_modules/.vite/deps/chunk-LPF6KSF2.js?v=4934fd6a:3705:24)
    at invokeGuardedCallback (http://[::1]:5173/node_modules/.vite/deps/chunk-LPF6KSF2.js?v=4934fd6a:3739:39)
    at beginWork$1 (http://[::1]:5173/node_modules/.vite/deps/chunk-LPF6KSF2.js?v=4934fd6a:19818:15)
    at performUnitOfWork (http://[::1]:5173/node_modules/.vite/deps/chunk-LPF6KSF2.js?v=4934fd6a:19251:20)
    at workLoopSync (http://[::1]:5173/node_modules/.vite/deps/chunk-LPF6KSF2.js?v=4934fd6a:19190:13)
[  323687ms] TypeError: Cannot read properties of undefined (reading 'enabled')
    at WatermarkOverlay (http://[::1]:5173/resources/js/Pages/GalleryShow.tsx?t=1780775237164:34:18)
    at renderWithHooks (http://[::1]:5173/node_modules/.vite/deps/chunk-LPF6KSF2.js?v=4934fd6a:11596:26)
    at mountIndeterminateComponent (http://[::1]:5173/node_modules/.vite/deps/chunk-LPF6KSF2.js?v=4934fd6a:14974:21)
    at beginWork (http://[::1]:5173/node_modules/.vite/deps/chunk-LPF6KSF2.js?v=4934fd6a:15962:22)
    at HTMLUnknownElement.callCallback2 (http://[::1]:5173/node_modules/.vite/deps/chunk-LPF6KSF2.js?v=4934fd6a:3680:22)
    at Object.invokeGuardedCallbackDev (http://[::1]:5173/node_modules/.vite/deps/chunk-LPF6KSF2.js?v=4934fd6a:3705:24)
    at invokeGuardedCallback (http://[::1]:5173/node_modules/.vite/deps/chunk-LPF6KSF2.js?v=4934fd6a:3739:39)
    at beginWork$1 (http://[::1]:5173/node_modules/.vite/deps/chunk-LPF6KSF2.js?v=4934fd6a:19818:15)
    at performUnitOfWork (http://[::1]:5173/node_modules/.vite/deps/chunk-LPF6KSF2.js?v=4934fd6a:19251:20)
    at workLoopSync (http://[::1]:5173/node_modules/.vite/deps/chunk-LPF6KSF2.js?v=4934fd6a:19190:13)
[  323688ms] TypeError: Cannot read properties of undefined (reading 'enabled')
    at WatermarkOverlay (http://[::1]:5173/resources/js/Pages/GalleryShow.tsx?t=1780775237164:34:18)
    at renderWithHooks (http://[::1]:5173/node_modules/.vite/deps/chunk-LPF6KSF2.js?v=4934fd6a:11596:26)
    at mountIndeterminateComponent (http://[::1]:5173/node_modules/.vite/deps/chunk-LPF6KSF2.js?v=4934fd6a:14974:21)
    at beginWork (http://[::1]:5173/node_modules/.vite/deps/chunk-LPF6KSF2.js?v=4934fd6a:15962:22)
    at HTMLUnknownElement.callCallback2 (http://[::1]:5173/node_modules/.vite/deps/chunk-LPF6KSF2.js?v=4934fd6a:3680:22)
    at Object.invokeGuardedCallbackDev (http://[::1]:5173/node_modules/.vite/deps/chunk-LPF6KSF2.js?v=4934fd6a:3705:24)
    at invokeGuardedCallback (http://[::1]:5173/node_modules/.vite/deps/chunk-LPF6KSF2.js?v=4934fd6a:3739:39)
    at beginWork$1 (http://[::1]:5173/node_modules/.vite/deps/chunk-LPF6KSF2.js?v=4934fd6a:19818:15)
    at performUnitOfWork (http://[::1]:5173/node_modules/.vite/deps/chunk-LPF6KSF2.js?v=4934fd6a:19251:20)
    at workLoopSync (http://[::1]:5173/node_modules/.vite/deps/chunk-LPF6KSF2.js?v=4934fd6a:19190:13)
[  323689ms] TypeError: Cannot read properties of undefined (reading 'enabled')
    at WatermarkOverlay (http://[::1]:5173/resources/js/Pages/GalleryShow.tsx?t=1780775237164:34:18)
    at renderWithHooks (http://[::1]:5173/node_modules/.vite/deps/chunk-LPF6KSF2.js?v=4934fd6a:11596:26)
    at mountIndeterminateComponent (http://[::1]:5173/node_modules/.vite/deps/chunk-LPF6KSF2.js?v=4934fd6a:14974:21)
    at beginWork (http://[::1]:5173/node_modules/.vite/deps/chunk-LPF6KSF2.js?v=4934fd6a:15962:22)
    at HTMLUnknownElement.callCallback2 (http://[::1]:5173/node_modules/.vite/deps/chunk-LPF6KSF2.js?v=4934fd6a:3680:22)
    at Object.invokeGuardedCallbackDev (http://[::1]:5173/node_modules/.vite/deps/chunk-LPF6KSF2.js?v=4934fd6a:3705:24)
    at invokeGuardedCallback (http://[::1]:5173/node_modules/.vite/deps/chunk-LPF6KSF2.js?v=4934fd6a:3739:39)
    at beginWork$1 (http://[::1]:5173/node_modules/.vite/deps/chunk-LPF6KSF2.js?v=4934fd6a:19818:15)
    at performUnitOfWork (http://[::1]:5173/node_modules/.vite/deps/chunk-LPF6KSF2.js?v=4934fd6a:19251:20)
    at workLoopSync (http://[::1]:5173/node_modules/.vite/deps/chunk-LPF6KSF2.js?v=4934fd6a:19190:13)
[  323690ms] TypeError: Cannot read properties of undefined (reading 'enabled')
    at WatermarkOverlay (http://[::1]:5173/resources/js/Pages/GalleryShow.tsx?t=1780775237164:34:18)
    at renderWithHooks (http://[::1]:5173/node_modules/.vite/deps/chunk-LPF6KSF2.js?v=4934fd6a:11596:26)
    at mountIndeterminateComponent (http://[::1]:5173/node_modules/.vite/deps/chunk-LPF6KSF2.js?v=4934fd6a:14974:21)
    at beginWork (http://[::1]:5173/node_modules/.vite/deps/chunk-LPF6KSF2.js?v=4934fd6a:15962:22)
    at HTMLUnknownElement.callCallback2 (http://[::1]:5173/node_modules/.vite/deps/chunk-LPF6KSF2.js?v=4934fd6a:3680:22)
    at Object.invokeGuardedCallbackDev (http://[::1]:5173/node_modules/.vite/deps/chunk-LPF6KSF2.js?v=4934fd6a:3705:24)
    at invokeGuardedCallback (http://[::1]:5173/node_modules/.vite/deps/chunk-LPF6KSF2.js?v=4934fd6a:3739:39)
    at beginWork$1 (http://[::1]:5173/node_modules/.vite/deps/chunk-LPF6KSF2.js?v=4934fd6a:19818:15)
    at performUnitOfWork (http://[::1]:5173/node_modules/.vite/deps/chunk-LPF6KSF2.js?v=4934fd6a:19251:20)
    at workLoopSync (http://[::1]:5173/node_modules/.vite/deps/chunk-LPF6KSF2.js?v=4934fd6a:19190:13)
[  323690ms] TypeError: Cannot read properties of undefined (reading 'enabled')
    at WatermarkOverlay (http://[::1]:5173/resources/js/Pages/GalleryShow.tsx?t=1780775237164:34:18)
    at renderWithHooks (http://[::1]:5173/node_modules/.vite/deps/chunk-LPF6KSF2.js?v=4934fd6a:11596:26)
    at mountIndeterminateComponent (http://[::1]:5173/node_modules/.vite/deps/chunk-LPF6KSF2.js?v=4934fd6a:14974:21)
    at beginWork (http://[::1]:5173/node_modules/.vite/deps/chunk-LPF6KSF2.js?v=4934fd6a:15962:22)
    at HTMLUnknownElement.callCallback2 (http://[::1]:5173/node_modules/.vite/deps/chunk-LPF6KSF2.js?v=4934fd6a:3680:22)
    at Object.invokeGuardedCallbackDev (http://[::1]:5173/node_modules/.vite/deps/chunk-LPF6KSF2.js?v=4934fd6a:3705:24)
    at invokeGuardedCallback (http://[::1]:5173/node_modules/.vite/deps/chunk-LPF6KSF2.js?v=4934fd6a:3739:39)
    at beginWork$1 (http://[::1]:5173/node_modules/.vite/deps/chunk-LPF6KSF2.js?v=4934fd6a:19818:15)
    at performUnitOfWork (http://[::1]:5173/node_modules/.vite/deps/chunk-LPF6KSF2.js?v=4934fd6a:19251:20)
    at workLoopSync (http://[::1]:5173/node_modules/.vite/deps/chunk-LPF6KSF2.js?v=4934fd6a:19190:13)
[  323691ms] TypeError: Cannot read properties of undefined (reading 'enabled')
    at WatermarkOverlay (http://[::1]:5173/resources/js/Pages/GalleryShow.tsx?t=1780775237164:34:18)
    at renderWithHooks (http://[::1]:5173/node_modules/.vite/deps/chunk-LPF6KSF2.js?v=4934fd6a:11596:26)
    at mountIndeterminateComponent (http://[::1]:5173/node_modules/.vite/deps/chunk-LPF6KSF2.js?v=4934fd6a:14974:21)
    at beginWork (http://[::1]:5173/node_modules/.vite/deps/chunk-LPF6KSF2.js?v=4934fd6a:15962:22)
    at HTMLUnknownElement.callCallback2 (http://[::1]:5173/node_modules/.vite/deps/chunk-LPF6KSF2.js?v=4934fd6a:3680:22)
    at Object.invokeGuardedCallbackDev (http://[::1]:5173/node_modules/.vite/deps/chunk-LPF6KSF2.js?v=4934fd6a:3705:24)
    at invokeGuardedCallback (http://[::1]:5173/node_modules/.vite/deps/chunk-LPF6KSF2.js?v=4934fd6a:3739:39)
    at beginWork$1 (http://[::1]:5173/node_modules/.vite/deps/chunk-LPF6KSF2.js?v=4934fd6a:19818:15)
    at performUnitOfWork (http://[::1]:5173/node_modules/.vite/deps/chunk-LPF6KSF2.js?v=4934fd6a:19251:20)
    at workLoopSync (http://[::1]:5173/node_modules/.vite/deps/chunk-LPF6KSF2.js?v=4934fd6a:19190:13)
[  323692ms] TypeError: Cannot read properties of undefined (reading 'enabled')
    at WatermarkOverlay (http://[::1]:5173/resources/js/Pages/GalleryShow.tsx?t=1780775237164:34:18)
    at renderWithHooks (http://[::1]:5173/node_modules/.vite/deps/chunk-LPF6KSF2.js?v=4934fd6a:11596:26)
    at mountIndeterminateComponent (http://[::1]:5173/node_modules/.vite/deps/chunk-LPF6KSF2.js?v=4934fd6a:14974:21)
    at beginWork (http://[::1]:5173/node_modules/.vite/deps/chunk-LPF6KSF2.js?v=4934fd6a:15962:22)
    at HTMLUnknownElement.callCallback2 (http://[::1]:5173/node_modules/.vite/deps/chunk-LPF6KSF2.js?v=4934fd6a:3680:22)
    at Object.invokeGuardedCallbackDev (http://[::1]:5173/node_modules/.vite/deps/chunk-LPF6KSF2.js?v=4934fd6a:3705:24)
    at invokeGuardedCallback (http://[::1]:5173/node_modules/.vite/deps/chunk-LPF6KSF2.js?v=4934fd6a:3739:39)
    at beginWork$1 (http://[::1]:5173/node_modules/.vite/deps/chunk-LPF6KSF2.js?v=4934fd6a:19818:15)
    at performUnitOfWork (http://[::1]:5173/node_modules/.vite/deps/chunk-LPF6KSF2.js?v=4934fd6a:19251:20)
    at workLoopSync (http://[::1]:5173/node_modules/.vite/deps/chunk-LPF6KSF2.js?v=4934fd6a:19190:13)
[  323693ms] TypeError: Cannot read properties of undefined (reading 'enabled')
    at WatermarkOverlay (http://[::1]:5173/resources/js/Pages/GalleryShow.tsx?t=1780775237164:34:18)
    at renderWithHooks (http://[::1]:5173/node_modules/.vite/deps/chunk-LPF6KSF2.js?v=4934fd6a:11596:26)
    at mountIndeterminateComponent (http://[::1]:5173/node_modules/.vite/deps/chunk-LPF6KSF2.js?v=4934fd6a:14974:21)
    at beginWork (http://[::1]:5173/node_modules/.vite/deps/chunk-LPF6KSF2.js?v=4934fd6a:15962:22)
    at HTMLUnknownElement.callCallback2 (http://[::1]:5173/node_modules/.vite/deps/chunk-LPF6KSF2.js?v=4934fd6a:3680:22)
    at Object.invokeGuardedCallbackDev (http://[::1]:5173/node_modules/.vite/deps/chunk-LPF6KSF2.js?v=4934fd6a:3705:24)
    at invokeGuardedCallback (http://[::1]:5173/node_modules/.vite/deps/chunk-LPF6KSF2.js?v=4934fd6a:3739:39)
    at beginWork$1 (http://[::1]:5173/node_modules/.vite/deps/chunk-LPF6KSF2.js?v=4934fd6a:19818:15)
    at performUnitOfWork (http://[::1]:5173/node_modules/.vite/deps/chunk-LPF6KSF2.js?v=4934fd6a:19251:20)
    at workLoopSync (http://[::1]:5173/node_modules/.vite/deps/chunk-LPF6KSF2.js?v=4934fd6a:19190:13)
[  323693ms] TypeError: Cannot read properties of undefined (reading 'enabled')
    at WatermarkOverlay (http://[::1]:5173/resources/js/Pages/GalleryShow.tsx?t=1780775237164:34:18)
    at renderWithHooks (http://[::1]:5173/node_modules/.vite/deps/chunk-LPF6KSF2.js?v=4934fd6a:11596:26)
    at mountIndeterminateComponent (http://[::1]:5173/node_modules/.vite/deps/chunk-LPF6KSF2.js?v=4934fd6a:14974:21)
    at beginWork (http://[::1]:5173/node_modules/.vite/deps/chunk-LPF6KSF2.js?v=4934fd6a:15962:22)
    at HTMLUnknownElement.callCallback2 (http://[::1]:5173/node_modules/.vite/deps/chunk-LPF6KSF2.js?v=4934fd6a:3680:22)
    at Object.invokeGuardedCallbackDev (http://[::1]:5173/node_modules/.vite/deps/chunk-LPF6KSF2.js?v=4934fd6a:3705:24)
    at invokeGuardedCallback (http://[::1]:5173/node_modules/.vite/deps/chunk-LPF6KSF2.js?v=4934fd6a:3739:39)
    at beginWork$1 (http://[::1]:5173/node_modules/.vite/deps/chunk-LPF6KSF2.js?v=4934fd6a:19818:15)
    at performUnitOfWork (http://[::1]:5173/node_modules/.vite/deps/chunk-LPF6KSF2.js?v=4934fd6a:19251:20)
    at workLoopSync (http://[::1]:5173/node_modules/.vite/deps/chunk-LPF6KSF2.js?v=4934fd6a:19190:13)
[  323694ms] TypeError: Cannot read properties of undefined (reading 'enabled')
    at WatermarkOverlay (http://[::1]:5173/resources/js/Pages/GalleryShow.tsx?t=1780775237164:34:18)
    at renderWithHooks (http://[::1]:5173/node_modules/.vite/deps/chunk-LPF6KSF2.js?v=4934fd6a:11596:26)
    at mountIndeterminateComponent (http://[::1]:5173/node_modules/.vite/deps/chunk-LPF6KSF2.js?v=4934fd6a:14974:21)
    at beginWork (http://[::1]:5173/node_modules/.vite/deps/chunk-LPF6KSF2.js?v=4934fd6a:15962:22)
    at HTMLUnknownElement.callCallback2 (http://[::1]:5173/node_modules/.vite/deps/chunk-LPF6KSF2.js?v=4934fd6a:3680:22)
    at Object.invokeGuardedCallbackDev (http://[::1]:5173/node_modules/.vite/deps/chunk-LPF6KSF2.js?v=4934fd6a:3705:24)
    at invokeGuardedCallback (http://[::1]:5173/node_modules/.vite/deps/chunk-LPF6KSF2.js?v=4934fd6a:3739:39)
    at beginWork$1 (http://[::1]:5173/node_modules/.vite/deps/chunk-LPF6KSF2.js?v=4934fd6a:19818:15)
    at performUnitOfWork (http://[::1]:5173/node_modules/.vite/deps/chunk-LPF6KSF2.js?v=4934fd6a:19251:20)
    at workLoopSync (http://[::1]:5173/node_modules/.vite/deps/chunk-LPF6KSF2.js?v=4934fd6a:19190:13)
[  323695ms] TypeError: Cannot read properties of undefined (reading 'enabled')
    at WatermarkOverlay (http://[::1]:5173/resources/js/Pages/GalleryShow.tsx?t=1780775237164:34:18)
    at renderWithHooks (http://[::1]:5173/node_modules/.vite/deps/chunk-LPF6KSF2.js?v=4934fd6a:11596:26)
    at mountIndeterminateComponent (http://[::1]:5173/node_modules/.vite/deps/chunk-LPF6KSF2.js?v=4934fd6a:14974:21)
    at beginWork (http://[::1]:5173/node_modules/.vite/deps/chunk-LPF6KSF2.js?v=4934fd6a:15962:22)
    at HTMLUnknownElement.callCallback2 (http://[::1]:5173/node_modules/.vite/deps/chunk-LPF6KSF2.js?v=4934fd6a:3680:22)
    at Object.invokeGuardedCallbackDev (http://[::1]:5173/node_modules/.vite/deps/chunk-LPF6KSF2.js?v=4934fd6a:3705:24)
    at invokeGuardedCallback (http://[::1]:5173/node_modules/.vite/deps/chunk-LPF6KSF2.js?v=4934fd6a:3739:39)
    at beginWork$1 (http://[::1]:5173/node_modules/.vite/deps/chunk-LPF6KSF2.js?v=4934fd6a:19818:15)
    at performUnitOfWork (http://[::1]:5173/node_modules/.vite/deps/chunk-LPF6KSF2.js?v=4934fd6a:19251:20)
    at workLoopSync (http://[::1]:5173/node_modules/.vite/deps/chunk-LPF6KSF2.js?v=4934fd6a:19190:13)
[  323696ms] TypeError: Cannot read properties of undefined (reading 'enabled')
    at WatermarkOverlay (http://[::1]:5173/resources/js/Pages/GalleryShow.tsx?t=1780775237164:34:18)
    at renderWithHooks (http://[::1]:5173/node_modules/.vite/deps/chunk-LPF6KSF2.js?v=4934fd6a:11596:26)
    at mountIndeterminateComponent (http://[::1]:5173/node_modules/.vite/deps/chunk-LPF6KSF2.js?v=4934fd6a:14974:21)
    at beginWork (http://[::1]:5173/node_modules/.vite/deps/chunk-LPF6KSF2.js?v=4934fd6a:15962:22)
    at HTMLUnknownElement.callCallback2 (http://[::1]:5173/node_modules/.vite/deps/chunk-LPF6KSF2.js?v=4934fd6a:3680:22)
    at Object.invokeGuardedCallbackDev (http://[::1]:5173/node_modules/.vite/deps/chunk-LPF6KSF2.js?v=4934fd6a:3705:24)
    at invokeGuardedCallback (http://[::1]:5173/node_modules/.vite/deps/chunk-LPF6KSF2.js?v=4934fd6a:3739:39)
    at beginWork$1 (http://[::1]:5173/node_modules/.vite/deps/chunk-LPF6KSF2.js?v=4934fd6a:19818:15)
    at performUnitOfWork (http://[::1]:5173/node_modules/.vite/deps/chunk-LPF6KSF2.js?v=4934fd6a:19251:20)
    at workLoopSync (http://[::1]:5173/node_modules/.vite/deps/chunk-LPF6KSF2.js?v=4934fd6a:19190:13)
[  323697ms] TypeError: Cannot read properties of undefined (reading 'enabled')
    at WatermarkOverlay (http://[::1]:5173/resources/js/Pages/GalleryShow.tsx?t=1780775237164:34:18)
    at renderWithHooks (http://[::1]:5173/node_modules/.vite/deps/chunk-LPF6KSF2.js?v=4934fd6a:11596:26)
    at mountIndeterminateComponent (http://[::1]:5173/node_modules/.vite/deps/chunk-LPF6KSF2.js?v=4934fd6a:14974:21)
    at beginWork (http://[::1]:5173/node_modules/.vite/deps/chunk-LPF6KSF2.js?v=4934fd6a:15962:22)
    at HTMLUnknownElement.callCallback2 (http://[::1]:5173/node_modules/.vite/deps/chunk-LPF6KSF2.js?v=4934fd6a:3680:22)
    at Object.invokeGuardedCallbackDev (http://[::1]:5173/node_modules/.vite/deps/chunk-LPF6KSF2.js?v=4934fd6a:3705:24)
    at invokeGuardedCallback (http://[::1]:5173/node_modules/.vite/deps/chunk-LPF6KSF2.js?v=4934fd6a:3739:39)
    at beginWork$1 (http://[::1]:5173/node_modules/.vite/deps/chunk-LPF6KSF2.js?v=4934fd6a:19818:15)
    at performUnitOfWork (http://[::1]:5173/node_modules/.vite/deps/chunk-LPF6KSF2.js?v=4934fd6a:19251:20)
    at workLoopSync (http://[::1]:5173/node_modules/.vite/deps/chunk-LPF6KSF2.js?v=4934fd6a:19190:13)
[  323698ms] TypeError: Cannot read properties of undefined (reading 'enabled')
    at WatermarkOverlay (http://[::1]:5173/resources/js/Pages/GalleryShow.tsx?t=1780775237164:34:18)
    at renderWithHooks (http://[::1]:5173/node_modules/.vite/deps/chunk-LPF6KSF2.js?v=4934fd6a:11596:26)
    at mountIndeterminateComponent (http://[::1]:5173/node_modules/.vite/deps/chunk-LPF6KSF2.js?v=4934fd6a:14974:21)
    at beginWork (http://[::1]:5173/node_modules/.vite/deps/chunk-LPF6KSF2.js?v=4934fd6a:15962:22)
    at HTMLUnknownElement.callCallback2 (http://[::1]:5173/node_modules/.vite/deps/chunk-LPF6KSF2.js?v=4934fd6a:3680:22)
    at Object.invokeGuardedCallbackDev (http://[::1]:5173/node_modules/.vite/deps/chunk-LPF6KSF2.js?v=4934fd6a:3705:24)
    at invokeGuardedCallback (http://[::1]:5173/node_modules/.vite/deps/chunk-LPF6KSF2.js?v=4934fd6a:3739:39)
    at beginWork$1 (http://[::1]:5173/node_modules/.vite/deps/chunk-LPF6KSF2.js?v=4934fd6a:19818:15)
    at performUnitOfWork (http://[::1]:5173/node_modules/.vite/deps/chunk-LPF6KSF2.js?v=4934fd6a:19251:20)
    at workLoopSync (http://[::1]:5173/node_modules/.vite/deps/chunk-LPF6KSF2.js?v=4934fd6a:19190:13)
[  323698ms] TypeError: Cannot read properties of undefined (reading 'enabled')
    at WatermarkOverlay (http://[::1]:5173/resources/js/Pages/GalleryShow.tsx?t=1780775237164:34:18)
    at renderWithHooks (http://[::1]:5173/node_modules/.vite/deps/chunk-LPF6KSF2.js?v=4934fd6a:11596:26)
    at mountIndeterminateComponent (http://[::1]:5173/node_modules/.vite/deps/chunk-LPF6KSF2.js?v=4934fd6a:14974:21)
    at beginWork (http://[::1]:5173/node_modules/.vite/deps/chunk-LPF6KSF2.js?v=4934fd6a:15962:22)
    at HTMLUnknownElement.callCallback2 (http://[::1]:5173/node_modules/.vite/deps/chunk-LPF6KSF2.js?v=4934fd6a:3680:22)
    at Object.invokeGuardedCallbackDev (http://[::1]:5173/node_modules/.vite/deps/chunk-LPF6KSF2.js?v=4934fd6a:3705:24)
    at invokeGuardedCallback (http://[::1]:5173/node_modules/.vite/deps/chunk-LPF6KSF2.js?v=4934fd6a:3739:39)
    at beginWork$1 (http://[::1]:5173/node_modules/.vite/deps/chunk-LPF6KSF2.js?v=4934fd6a:19818:15)
    at performUnitOfWork (http://[::1]:5173/node_modules/.vite/deps/chunk-LPF6KSF2.js?v=4934fd6a:19251:20)
    at workLoopSync (http://[::1]:5173/node_modules/.vite/deps/chunk-LPF6KSF2.js?v=4934fd6a:19190:13)
[  323699ms] TypeError: Cannot read properties of undefined (reading 'enabled')
    at WatermarkOverlay (http://[::1]:5173/resources/js/Pages/GalleryShow.tsx?t=1780775237164:34:18)
    at renderWithHooks (http://[::1]:5173/node_modules/.vite/deps/chunk-LPF6KSF2.js?v=4934fd6a:11596:26)
    at mountIndeterminateComponent (http://[::1]:5173/node_modules/.vite/deps/chunk-LPF6KSF2.js?v=4934fd6a:14974:21)
    at beginWork (http://[::1]:5173/node_modules/.vite/deps/chunk-LPF6KSF2.js?v=4934fd6a:15962:22)
    at HTMLUnknownElement.callCallback2 (http://[::1]:5173/node_modules/.vite/deps/chunk-LPF6KSF2.js?v=4934fd6a:3680:22)
    at Object.invokeGuardedCallbackDev (http://[::1]:5173/node_modules/.vite/deps/chunk-LPF6KSF2.js?v=4934fd6a:3705:24)
    at invokeGuardedCallback (http://[::1]:5173/node_modules/.vite/deps/chunk-LPF6KSF2.js?v=4934fd6a:3739:39)
    at beginWork$1 (http://[::1]:5173/node_modules/.vite/deps/chunk-LPF6KSF2.js?v=4934fd6a:19818:15)
    at performUnitOfWork (http://[::1]:5173/node_modules/.vite/deps/chunk-LPF6KSF2.js?v=4934fd6a:19251:20)
    at workLoopSync (http://[::1]:5173/node_modules/.vite/deps/chunk-LPF6KSF2.js?v=4934fd6a:19190:13)
[  323700ms] TypeError: Cannot read properties of undefined (reading 'enabled')
    at WatermarkOverlay (http://[::1]:5173/resources/js/Pages/GalleryShow.tsx?t=1780775237164:34:18)
    at renderWithHooks (http://[::1]:5173/node_modules/.vite/deps/chunk-LPF6KSF2.js?v=4934fd6a:11596:26)
    at mountIndeterminateComponent (http://[::1]:5173/node_modules/.vite/deps/chunk-LPF6KSF2.js?v=4934fd6a:14974:21)
    at beginWork (http://[::1]:5173/node_modules/.vite/deps/chunk-LPF6KSF2.js?v=4934fd6a:15962:22)
    at HTMLUnknownElement.callCallback2 (http://[::1]:5173/node_modules/.vite/deps/chunk-LPF6KSF2.js?v=4934fd6a:3680:22)
    at Object.invokeGuardedCallbackDev (http://[::1]:5173/node_modules/.vite/deps/chunk-LPF6KSF2.js?v=4934fd6a:3705:24)
    at invokeGuardedCallback (http://[::1]:5173/node_modules/.vite/deps/chunk-LPF6KSF2.js?v=4934fd6a:3739:39)
    at beginWork$1 (http://[::1]:5173/node_modules/.vite/deps/chunk-LPF6KSF2.js?v=4934fd6a:19818:15)
    at performUnitOfWork (http://[::1]:5173/node_modules/.vite/deps/chunk-LPF6KSF2.js?v=4934fd6a:19251:20)
    at workLoopSync (http://[::1]:5173/node_modules/.vite/deps/chunk-LPF6KSF2.js?v=4934fd6a:19190:13)
[  323701ms] TypeError: Cannot read properties of undefined (reading 'enabled')
    at WatermarkOverlay (http://[::1]:5173/resources/js/Pages/GalleryShow.tsx?t=1780775237164:34:18)
    at renderWithHooks (http://[::1]:5173/node_modules/.vite/deps/chunk-LPF6KSF2.js?v=4934fd6a:11596:26)
    at mountIndeterminateComponent (http://[::1]:5173/node_modules/.vite/deps/chunk-LPF6KSF2.js?v=4934fd6a:14974:21)
    at beginWork (http://[::1]:5173/node_modules/.vite/deps/chunk-LPF6KSF2.js?v=4934fd6a:15962:22)
    at HTMLUnknownElement.callCallback2 (http://[::1]:5173/node_modules/.vite/deps/chunk-LPF6KSF2.js?v=4934fd6a:3680:22)
    at Object.invokeGuardedCallbackDev (http://[::1]:5173/node_modules/.vite/deps/chunk-LPF6KSF2.js?v=4934fd6a:3705:24)
    at invokeGuardedCallback (http://[::1]:5173/node_modules/.vite/deps/chunk-LPF6KSF2.js?v=4934fd6a:3739:39)
    at beginWork$1 (http://[::1]:5173/node_modules/.vite/deps/chunk-LPF6KSF2.js?v=4934fd6a:19818:15)
    at performUnitOfWork (http://[::1]:5173/node_modules/.vite/deps/chunk-LPF6KSF2.js?v=4934fd6a:19251:20)
    at workLoopSync (http://[::1]:5173/node_modules/.vite/deps/chunk-LPF6KSF2.js?v=4934fd6a:19190:13)
[  323701ms] TypeError: Cannot read properties of undefined (reading 'enabled')
    at WatermarkOverlay (http://[::1]:5173/resources/js/Pages/GalleryShow.tsx?t=1780775237164:34:18)
    at renderWithHooks (http://[::1]:5173/node_modules/.vite/deps/chunk-LPF6KSF2.js?v=4934fd6a:11596:26)
    at mountIndeterminateComponent (http://[::1]:5173/node_modules/.vite/deps/chunk-LPF6KSF2.js?v=4934fd6a:14974:21)
    at beginWork (http://[::1]:5173/node_modules/.vite/deps/chunk-LPF6KSF2.js?v=4934fd6a:15962:22)
    at HTMLUnknownElement.callCallback2 (http://[::1]:5173/node_modules/.vite/deps/chunk-LPF6KSF2.js?v=4934fd6a:3680:22)
    at Object.invokeGuardedCallbackDev (http://[::1]:5173/node_modules/.vite/deps/chunk-LPF6KSF2.js?v=4934fd6a:3705:24)
    at invokeGuardedCallback (http://[::1]:5173/node_modules/.vite/deps/chunk-LPF6KSF2.js?v=4934fd6a:3739:39)
    at beginWork$1 (http://[::1]:5173/node_modules/.vite/deps/chunk-LPF6KSF2.js?v=4934fd6a:19818:15)
    at performUnitOfWork (http://[::1]:5173/node_modules/.vite/deps/chunk-LPF6KSF2.js?v=4934fd6a:19251:20)
    at workLoopSync (http://[::1]:5173/node_modules/.vite/deps/chunk-LPF6KSF2.js?v=4934fd6a:19190:13)
[  323702ms] TypeError: Cannot read properties of undefined (reading 'enabled')
    at WatermarkOverlay (http://[::1]:5173/resources/js/Pages/GalleryShow.tsx?t=1780775237164:34:18)
    at renderWithHooks (http://[::1]:5173/node_modules/.vite/deps/chunk-LPF6KSF2.js?v=4934fd6a:11596:26)
    at mountIndeterminateComponent (http://[::1]:5173/node_modules/.vite/deps/chunk-LPF6KSF2.js?v=4934fd6a:14974:21)
    at beginWork (http://[::1]:5173/node_modules/.vite/deps/chunk-LPF6KSF2.js?v=4934fd6a:15962:22)
    at HTMLUnknownElement.callCallback2 (http://[::1]:5173/node_modules/.vite/deps/chunk-LPF6KSF2.js?v=4934fd6a:3680:22)
    at Object.invokeGuardedCallbackDev (http://[::1]:5173/node_modules/.vite/deps/chunk-LPF6KSF2.js?v=4934fd6a:3705:24)
    at invokeGuardedCallback (http://[::1]:5173/node_modules/.vite/deps/chunk-LPF6KSF2.js?v=4934fd6a:3739:39)
    at beginWork$1 (http://[::1]:5173/node_modules/.vite/deps/chunk-LPF6KSF2.js?v=4934fd6a:19818:15)
    at performUnitOfWork (http://[::1]:5173/node_modules/.vite/deps/chunk-LPF6KSF2.js?v=4934fd6a:19251:20)
    at workLoopSync (http://[::1]:5173/node_modules/.vite/deps/chunk-LPF6KSF2.js?v=4934fd6a:19190:13)
[  323703ms] TypeError: Cannot read properties of undefined (reading 'enabled')
    at WatermarkOverlay (http://[::1]:5173/resources/js/Pages/GalleryShow.tsx?t=1780775237164:34:18)
    at renderWithHooks (http://[::1]:5173/node_modules/.vite/deps/chunk-LPF6KSF2.js?v=4934fd6a:11596:26)
    at mountIndeterminateComponent (http://[::1]:5173/node_modules/.vite/deps/chunk-LPF6KSF2.js?v=4934fd6a:14974:21)
    at beginWork (http://[::1]:5173/node_modules/.vite/deps/chunk-LPF6KSF2.js?v=4934fd6a:15962:22)
    at HTMLUnknownElement.callCallback2 (http://[::1]:5173/node_modules/.vite/deps/chunk-LPF6KSF2.js?v=4934fd6a:3680:22)
    at Object.invokeGuardedCallbackDev (http://[::1]:5173/node_modules/.vite/deps/chunk-LPF6KSF2.js?v=4934fd6a:3705:24)
    at invokeGuardedCallback (http://[::1]:5173/node_modules/.vite/deps/chunk-LPF6KSF2.js?v=4934fd6a:3739:39)
    at beginWork$1 (http://[::1]:5173/node_modules/.vite/deps/chunk-LPF6KSF2.js?v=4934fd6a:19818:15)
    at performUnitOfWork (http://[::1]:5173/node_modules/.vite/deps/chunk-LPF6KSF2.js?v=4934fd6a:19251:20)
    at workLoopSync (http://[::1]:5173/node_modules/.vite/deps/chunk-LPF6KSF2.js?v=4934fd6a:19190:13)
[  323704ms] TypeError: Cannot read properties of undefined (reading 'enabled')
    at WatermarkOverlay (http://[::1]:5173/resources/js/Pages/GalleryShow.tsx?t=1780775237164:34:18)
    at renderWithHooks (http://[::1]:5173/node_modules/.vite/deps/chunk-LPF6KSF2.js?v=4934fd6a:11596:26)
    at mountIndeterminateComponent (http://[::1]:5173/node_modules/.vite/deps/chunk-LPF6KSF2.js?v=4934fd6a:14974:21)
    at beginWork (http://[::1]:5173/node_modules/.vite/deps/chunk-LPF6KSF2.js?v=4934fd6a:15962:22)
    at HTMLUnknownElement.callCallback2 (http://[::1]:5173/node_modules/.vite/deps/chunk-LPF6KSF2.js?v=4934fd6a:3680:22)
    at Object.invokeGuardedCallbackDev (http://[::1]:5173/node_modules/.vite/deps/chunk-LPF6KSF2.js?v=4934fd6a:3705:24)
    at invokeGuardedCallback (http://[::1]:5173/node_modules/.vite/deps/chunk-LPF6KSF2.js?v=4934fd6a:3739:39)
    at beginWork$1 (http://[::1]:5173/node_modules/.vite/deps/chunk-LPF6KSF2.js?v=4934fd6a:19818:15)
    at performUnitOfWork (http://[::1]:5173/node_modules/.vite/deps/chunk-LPF6KSF2.js?v=4934fd6a:19251:20)
    at workLoopSync (http://[::1]:5173/node_modules/.vite/deps/chunk-LPF6KSF2.js?v=4934fd6a:19190:13)
[  323705ms] TypeError: Cannot read properties of undefined (reading 'enabled')
    at WatermarkOverlay (http://[::1]:5173/resources/js/Pages/GalleryShow.tsx?t=1780775237164:34:18)
    at renderWithHooks (http://[::1]:5173/node_modules/.vite/deps/chunk-LPF6KSF2.js?v=4934fd6a:11596:26)
    at mountIndeterminateComponent (http://[::1]:5173/node_modules/.vite/deps/chunk-LPF6KSF2.js?v=4934fd6a:14974:21)
    at beginWork (http://[::1]:5173/node_modules/.vite/deps/chunk-LPF6KSF2.js?v=4934fd6a:15962:22)
    at HTMLUnknownElement.callCallback2 (http://[::1]:5173/node_modules/.vite/deps/chunk-LPF6KSF2.js?v=4934fd6a:3680:22)
    at Object.invokeGuardedCallbackDev (http://[::1]:5173/node_modules/.vite/deps/chunk-LPF6KSF2.js?v=4934fd6a:3705:24)
    at invokeGuardedCallback (http://[::1]:5173/node_modules/.vite/deps/chunk-LPF6KSF2.js?v=4934fd6a:3739:39)
    at beginWork$1 (http://[::1]:5173/node_modules/.vite/deps/chunk-LPF6KSF2.js?v=4934fd6a:19818:15)
    at performUnitOfWork (http://[::1]:5173/node_modules/.vite/deps/chunk-LPF6KSF2.js?v=4934fd6a:19251:20)
    at workLoopSync (http://[::1]:5173/node_modules/.vite/deps/chunk-LPF6KSF2.js?v=4934fd6a:19190:13)
[  323706ms] TypeError: Cannot read properties of undefined (reading 'enabled')
    at WatermarkOverlay (http://[::1]:5173/resources/js/Pages/GalleryShow.tsx?t=1780775237164:34:18)
    at renderWithHooks (http://[::1]:5173/node_modules/.vite/deps/chunk-LPF6KSF2.js?v=4934fd6a:11596:26)
    at mountIndeterminateComponent (http://[::1]:5173/node_modules/.vite/deps/chunk-LPF6KSF2.js?v=4934fd6a:14974:21)
    at beginWork (http://[::1]:5173/node_modules/.vite/deps/chunk-LPF6KSF2.js?v=4934fd6a:15962:22)
    at HTMLUnknownElement.callCallback2 (http://[::1]:5173/node_modules/.vite/deps/chunk-LPF6KSF2.js?v=4934fd6a:3680:22)
    at Object.invokeGuardedCallbackDev (http://[::1]:5173/node_modules/.vite/deps/chunk-LPF6KSF2.js?v=4934fd6a:3705:24)
    at invokeGuardedCallback (http://[::1]:5173/node_modules/.vite/deps/chunk-LPF6KSF2.js?v=4934fd6a:3739:39)
    at beginWork$1 (http://[::1]:5173/node_modules/.vite/deps/chunk-LPF6KSF2.js?v=4934fd6a:19818:15)
    at performUnitOfWork (http://[::1]:5173/node_modules/.vite/deps/chunk-LPF6KSF2.js?v=4934fd6a:19251:20)
    at workLoopSync (http://[::1]:5173/node_modules/.vite/deps/chunk-LPF6KSF2.js?v=4934fd6a:19190:13)
[  323707ms] TypeError: Cannot read properties of undefined (reading 'enabled')
    at WatermarkOverlay (http://[::1]:5173/resources/js/Pages/GalleryShow.tsx?t=1780775237164:34:18)
    at renderWithHooks (http://[::1]:5173/node_modules/.vite/deps/chunk-LPF6KSF2.js?v=4934fd6a:11596:26)
    at mountIndeterminateComponent (http://[::1]:5173/node_modules/.vite/deps/chunk-LPF6KSF2.js?v=4934fd6a:14974:21)
    at beginWork (http://[::1]:5173/node_modules/.vite/deps/chunk-LPF6KSF2.js?v=4934fd6a:15962:22)
    at HTMLUnknownElement.callCallback2 (http://[::1]:5173/node_modules/.vite/deps/chunk-LPF6KSF2.js?v=4934fd6a:3680:22)
    at Object.invokeGuardedCallbackDev (http://[::1]:5173/node_modules/.vite/deps/chunk-LPF6KSF2.js?v=4934fd6a:3705:24)
    at invokeGuardedCallback (http://[::1]:5173/node_modules/.vite/deps/chunk-LPF6KSF2.js?v=4934fd6a:3739:39)
    at beginWork$1 (http://[::1]:5173/node_modules/.vite/deps/chunk-LPF6KSF2.js?v=4934fd6a:19818:15)
    at performUnitOfWork (http://[::1]:5173/node_modules/.vite/deps/chunk-LPF6KSF2.js?v=4934fd6a:19251:20)
    at workLoopSync (http://[::1]:5173/node_modules/.vite/deps/chunk-LPF6KSF2.js?v=4934fd6a:19190:13)
[  323708ms] TypeError: Cannot read properties of undefined (reading 'enabled')
    at WatermarkOverlay (http://[::1]:5173/resources/js/Pages/GalleryShow.tsx?t=1780775237164:34:18)
    at renderWithHooks (http://[::1]:5173/node_modules/.vite/deps/chunk-LPF6KSF2.js?v=4934fd6a:11596:26)
    at mountIndeterminateComponent (http://[::1]:5173/node_modules/.vite/deps/chunk-LPF6KSF2.js?v=4934fd6a:14974:21)
    at beginWork (http://[::1]:5173/node_modules/.vite/deps/chunk-LPF6KSF2.js?v=4934fd6a:15962:22)
    at HTMLUnknownElement.callCallback2 (http://[::1]:5173/node_modules/.vite/deps/chunk-LPF6KSF2.js?v=4934fd6a:3680:22)
    at Object.invokeGuardedCallbackDev (http://[::1]:5173/node_modules/.vite/deps/chunk-LPF6KSF2.js?v=4934fd6a:3705:24)
    at invokeGuardedCallback (http://[::1]:5173/node_modules/.vite/deps/chunk-LPF6KSF2.js?v=4934fd6a:3739:39)
    at beginWork$1 (http://[::1]:5173/node_modules/.vite/deps/chunk-LPF6KSF2.js?v=4934fd6a:19818:15)
    at performUnitOfWork (http://[::1]:5173/node_modules/.vite/deps/chunk-LPF6KSF2.js?v=4934fd6a:19251:20)
    at workLoopSync (http://[::1]:5173/node_modules/.vite/deps/chunk-LPF6KSF2.js?v=4934fd6a:19190:13)
[  323709ms] TypeError: Cannot read properties of undefined (reading 'enabled')
    at WatermarkOverlay (http://[::1]:5173/resources/js/Pages/GalleryShow.tsx?t=1780775237164:34:18)
    at renderWithHooks (http://[::1]:5173/node_modules/.vite/deps/chunk-LPF6KSF2.js?v=4934fd6a:11596:26)
    at mountIndeterminateComponent (http://[::1]:5173/node_modules/.vite/deps/chunk-LPF6KSF2.js?v=4934fd6a:14974:21)
    at beginWork (http://[::1]:5173/node_modules/.vite/deps/chunk-LPF6KSF2.js?v=4934fd6a:15962:22)
    at HTMLUnknownElement.callCallback2 (http://[::1]:5173/node_modules/.vite/deps/chunk-LPF6KSF2.js?v=4934fd6a:3680:22)
    at Object.invokeGuardedCallbackDev (http://[::1]:5173/node_modules/.vite/deps/chunk-LPF6KSF2.js?v=4934fd6a:3705:24)
    at invokeGuardedCallback (http://[::1]:5173/node_modules/.vite/deps/chunk-LPF6KSF2.js?v=4934fd6a:3739:39)
    at beginWork$1 (http://[::1]:5173/node_modules/.vite/deps/chunk-LPF6KSF2.js?v=4934fd6a:19818:15)
    at performUnitOfWork (http://[::1]:5173/node_modules/.vite/deps/chunk-LPF6KSF2.js?v=4934fd6a:19251:20)
    at workLoopSync (http://[::1]:5173/node_modules/.vite/deps/chunk-LPF6KSF2.js?v=4934fd6a:19190:13)
[  323710ms] TypeError: Cannot read properties of undefined (reading 'enabled')
    at WatermarkOverlay (http://[::1]:5173/resources/js/Pages/GalleryShow.tsx?t=1780775237164:34:18)
    at renderWithHooks (http://[::1]:5173/node_modules/.vite/deps/chunk-LPF6KSF2.js?v=4934fd6a:11596:26)
    at mountIndeterminateComponent (http://[::1]:5173/node_modules/.vite/deps/chunk-LPF6KSF2.js?v=4934fd6a:14974:21)
    at beginWork (http://[::1]:5173/node_modules/.vite/deps/chunk-LPF6KSF2.js?v=4934fd6a:15962:22)
    at HTMLUnknownElement.callCallback2 (http://[::1]:5173/node_modules/.vite/deps/chunk-LPF6KSF2.js?v=4934fd6a:3680:22)
    at Object.invokeGuardedCallbackDev (http://[::1]:5173/node_modules/.vite/deps/chunk-LPF6KSF2.js?v=4934fd6a:3705:24)
    at invokeGuardedCallback (http://[::1]:5173/node_modules/.vite/deps/chunk-LPF6KSF2.js?v=4934fd6a:3739:39)
    at beginWork$1 (http://[::1]:5173/node_modules/.vite/deps/chunk-LPF6KSF2.js?v=4934fd6a:19818:15)
    at performUnitOfWork (http://[::1]:5173/node_modules/.vite/deps/chunk-LPF6KSF2.js?v=4934fd6a:19251:20)
    at workLoopSync (http://[::1]:5173/node_modules/.vite/deps/chunk-LPF6KSF2.js?v=4934fd6a:19190:13)
[  323711ms] TypeError: Cannot read properties of undefined (reading 'enabled')
    at WatermarkOverlay (http://[::1]:5173/resources/js/Pages/GalleryShow.tsx?t=1780775237164:34:18)
    at renderWithHooks (http://[::1]:5173/node_modules/.vite/deps/chunk-LPF6KSF2.js?v=4934fd6a:11596:26)
    at mountIndeterminateComponent (http://[::1]:5173/node_modules/.vite/deps/chunk-LPF6KSF2.js?v=4934fd6a:14974:21)
    at beginWork (http://[::1]:5173/node_modules/.vite/deps/chunk-LPF6KSF2.js?v=4934fd6a:15962:22)
    at HTMLUnknownElement.callCallback2 (http://[::1]:5173/node_modules/.vite/deps/chunk-LPF6KSF2.js?v=4934fd6a:3680:22)
    at Object.invokeGuardedCallbackDev (http://[::1]:5173/node_modules/.vite/deps/chunk-LPF6KSF2.js?v=4934fd6a:3705:24)
    at invokeGuardedCallback (http://[::1]:5173/node_modules/.vite/deps/chunk-LPF6KSF2.js?v=4934fd6a:3739:39)
    at beginWork$1 (http://[::1]:5173/node_modules/.vite/deps/chunk-LPF6KSF2.js?v=4934fd6a:19818:15)
    at performUnitOfWork (http://[::1]:5173/node_modules/.vite/deps/chunk-LPF6KSF2.js?v=4934fd6a:19251:20)
    at workLoopSync (http://[::1]:5173/node_modules/.vite/deps/chunk-LPF6KSF2.js?v=4934fd6a:19190:13)
[  323712ms] TypeError: Cannot read properties of undefined (reading 'enabled')
    at WatermarkOverlay (http://[::1]:5173/resources/js/Pages/GalleryShow.tsx?t=1780775237164:34:18)
    at renderWithHooks (http://[::1]:5173/node_modules/.vite/deps/chunk-LPF6KSF2.js?v=4934fd6a:11596:26)
    at mountIndeterminateComponent (http://[::1]:5173/node_modules/.vite/deps/chunk-LPF6KSF2.js?v=4934fd6a:14974:21)
    at beginWork (http://[::1]:5173/node_modules/.vite/deps/chunk-LPF6KSF2.js?v=4934fd6a:15962:22)
    at HTMLUnknownElement.callCallback2 (http://[::1]:5173/node_modules/.vite/deps/chunk-LPF6KSF2.js?v=4934fd6a:3680:22)
    at Object.invokeGuardedCallbackDev (http://[::1]:5173/node_modules/.vite/deps/chunk-LPF6KSF2.js?v=4934fd6a:3705:24)
    at invokeGuardedCallback (http://[::1]:5173/node_modules/.vite/deps/chunk-LPF6KSF2.js?v=4934fd6a:3739:39)
    at beginWork$1 (http://[::1]:5173/node_modules/.vite/deps/chunk-LPF6KSF2.js?v=4934fd6a:19818:15)
    at performUnitOfWork (http://[::1]:5173/node_modules/.vite/deps/chunk-LPF6KSF2.js?v=4934fd6a:19251:20)
    at workLoopSync (http://[::1]:5173/node_modules/.vite/deps/chunk-LPF6KSF2.js?v=4934fd6a:19190:13)
[  323712ms] TypeError: Cannot read properties of undefined (reading 'enabled')
    at WatermarkOverlay (http://[::1]:5173/resources/js/Pages/GalleryShow.tsx?t=1780775237164:34:18)
    at renderWithHooks (http://[::1]:5173/node_modules/.vite/deps/chunk-LPF6KSF2.js?v=4934fd6a:11596:26)
    at mountIndeterminateComponent (http://[::1]:5173/node_modules/.vite/deps/chunk-LPF6KSF2.js?v=4934fd6a:14974:21)
    at beginWork (http://[::1]:5173/node_modules/.vite/deps/chunk-LPF6KSF2.js?v=4934fd6a:15962:22)
    at HTMLUnknownElement.callCallback2 (http://[::1]:5173/node_modules/.vite/deps/chunk-LPF6KSF2.js?v=4934fd6a:3680:22)
    at Object.invokeGuardedCallbackDev (http://[::1]:5173/node_modules/.vite/deps/chunk-LPF6KSF2.js?v=4934fd6a:3705:24)
    at invokeGuardedCallback (http://[::1]:5173/node_modules/.vite/deps/chunk-LPF6KSF2.js?v=4934fd6a:3739:39)
    at beginWork$1 (http://[::1]:5173/node_modules/.vite/deps/chunk-LPF6KSF2.js?v=4934fd6a:19818:15)
    at performUnitOfWork (http://[::1]:5173/node_modules/.vite/deps/chunk-LPF6KSF2.js?v=4934fd6a:19251:20)
    at workLoopSync (http://[::1]:5173/node_modules/.vite/deps/chunk-LPF6KSF2.js?v=4934fd6a:19190:13)
[  323713ms] TypeError: Cannot read properties of undefined (reading 'enabled')
    at WatermarkOverlay (http://[::1]:5173/resources/js/Pages/GalleryShow.tsx?t=1780775237164:34:18)
    at renderWithHooks (http://[::1]:5173/node_modules/.vite/deps/chunk-LPF6KSF2.js?v=4934fd6a:11596:26)
    at mountIndeterminateComponent (http://[::1]:5173/node_modules/.vite/deps/chunk-LPF6KSF2.js?v=4934fd6a:14974:21)
    at beginWork (http://[::1]:5173/node_modules/.vite/deps/chunk-LPF6KSF2.js?v=4934fd6a:15962:22)
    at HTMLUnknownElement.callCallback2 (http://[::1]:5173/node_modules/.vite/deps/chunk-LPF6KSF2.js?v=4934fd6a:3680:22)
    at Object.invokeGuardedCallbackDev (http://[::1]:5173/node_modules/.vite/deps/chunk-LPF6KSF2.js?v=4934fd6a:3705:24)
    at invokeGuardedCallback (http://[::1]:5173/node_modules/.vite/deps/chunk-LPF6KSF2.js?v=4934fd6a:3739:39)
    at beginWork$1 (http://[::1]:5173/node_modules/.vite/deps/chunk-LPF6KSF2.js?v=4934fd6a:19818:15)
    at performUnitOfWork (http://[::1]:5173/node_modules/.vite/deps/chunk-LPF6KSF2.js?v=4934fd6a:19251:20)
    at workLoopSync (http://[::1]:5173/node_modules/.vite/deps/chunk-LPF6KSF2.js?v=4934fd6a:19190:13)
[  323714ms] TypeError: Cannot read properties of undefined (reading 'enabled')
    at WatermarkOverlay (http://[::1]:5173/resources/js/Pages/GalleryShow.tsx?t=1780775237164:34:18)
    at renderWithHooks (http://[::1]:5173/node_modules/.vite/deps/chunk-LPF6KSF2.js?v=4934fd6a:11596:26)
    at mountIndeterminateComponent (http://[::1]:5173/node_modules/.vite/deps/chunk-LPF6KSF2.js?v=4934fd6a:14974:21)
    at beginWork (http://[::1]:5173/node_modules/.vite/deps/chunk-LPF6KSF2.js?v=4934fd6a:15962:22)
    at HTMLUnknownElement.callCallback2 (http://[::1]:5173/node_modules/.vite/deps/chunk-LPF6KSF2.js?v=4934fd6a:3680:22)
    at Object.invokeGuardedCallbackDev (http://[::1]:5173/node_modules/.vite/deps/chunk-LPF6KSF2.js?v=4934fd6a:3705:24)
    at invokeGuardedCallback (http://[::1]:5173/node_modules/.vite/deps/chunk-LPF6KSF2.js?v=4934fd6a:3739:39)
    at beginWork$1 (http://[::1]:5173/node_modules/.vite/deps/chunk-LPF6KSF2.js?v=4934fd6a:19818:15)
    at performUnitOfWork (http://[::1]:5173/node_modules/.vite/deps/chunk-LPF6KSF2.js?v=4934fd6a:19251:20)
    at workLoopSync (http://[::1]:5173/node_modules/.vite/deps/chunk-LPF6KSF2.js?v=4934fd6a:19190:13)
[  323715ms] TypeError: Cannot read properties of undefined (reading 'enabled')
    at WatermarkOverlay (http://[::1]:5173/resources/js/Pages/GalleryShow.tsx?t=1780775237164:34:18)
    at renderWithHooks (http://[::1]:5173/node_modules/.vite/deps/chunk-LPF6KSF2.js?v=4934fd6a:11596:26)
    at mountIndeterminateComponent (http://[::1]:5173/node_modules/.vite/deps/chunk-LPF6KSF2.js?v=4934fd6a:14974:21)
    at beginWork (http://[::1]:5173/node_modules/.vite/deps/chunk-LPF6KSF2.js?v=4934fd6a:15962:22)
    at HTMLUnknownElement.callCallback2 (http://[::1]:5173/node_modules/.vite/deps/chunk-LPF6KSF2.js?v=4934fd6a:3680:22)
    at Object.invokeGuardedCallbackDev (http://[::1]:5173/node_modules/.vite/deps/chunk-LPF6KSF2.js?v=4934fd6a:3705:24)
    at invokeGuardedCallback (http://[::1]:5173/node_modules/.vite/deps/chunk-LPF6KSF2.js?v=4934fd6a:3739:39)
    at beginWork$1 (http://[::1]:5173/node_modules/.vite/deps/chunk-LPF6KSF2.js?v=4934fd6a:19818:15)
    at performUnitOfWork (http://[::1]:5173/node_modules/.vite/deps/chunk-LPF6KSF2.js?v=4934fd6a:19251:20)
    at workLoopSync (http://[::1]:5173/node_modules/.vite/deps/chunk-LPF6KSF2.js?v=4934fd6a:19190:13)
[  323716ms] TypeError: Cannot read properties of undefined (reading 'enabled')
    at WatermarkOverlay (http://[::1]:5173/resources/js/Pages/GalleryShow.tsx?t=1780775237164:34:18)
    at renderWithHooks (http://[::1]:5173/node_modules/.vite/deps/chunk-LPF6KSF2.js?v=4934fd6a:11596:26)
    at mountIndeterminateComponent (http://[::1]:5173/node_modules/.vite/deps/chunk-LPF6KSF2.js?v=4934fd6a:14974:21)
    at beginWork (http://[::1]:5173/node_modules/.vite/deps/chunk-LPF6KSF2.js?v=4934fd6a:15962:22)
    at HTMLUnknownElement.callCallback2 (http://[::1]:5173/node_modules/.vite/deps/chunk-LPF6KSF2.js?v=4934fd6a:3680:22)
    at Object.invokeGuardedCallbackDev (http://[::1]:5173/node_modules/.vite/deps/chunk-LPF6KSF2.js?v=4934fd6a:3705:24)
    at invokeGuardedCallback (http://[::1]:5173/node_modules/.vite/deps/chunk-LPF6KSF2.js?v=4934fd6a:3739:39)
    at beginWork$1 (http://[::1]:5173/node_modules/.vite/deps/chunk-LPF6KSF2.js?v=4934fd6a:19818:15)
    at performUnitOfWork (http://[::1]:5173/node_modules/.vite/deps/chunk-LPF6KSF2.js?v=4934fd6a:19251:20)
    at workLoopSync (http://[::1]:5173/node_modules/.vite/deps/chunk-LPF6KSF2.js?v=4934fd6a:19190:13)
[  323717ms] TypeError: Cannot read properties of undefined (reading 'enabled')
    at WatermarkOverlay (http://[::1]:5173/resources/js/Pages/GalleryShow.tsx?t=1780775237164:34:18)
    at renderWithHooks (http://[::1]:5173/node_modules/.vite/deps/chunk-LPF6KSF2.js?v=4934fd6a:11596:26)
    at mountIndeterminateComponent (http://[::1]:5173/node_modules/.vite/deps/chunk-LPF6KSF2.js?v=4934fd6a:14974:21)
    at beginWork (http://[::1]:5173/node_modules/.vite/deps/chunk-LPF6KSF2.js?v=4934fd6a:15962:22)
    at HTMLUnknownElement.callCallback2 (http://[::1]:5173/node_modules/.vite/deps/chunk-LPF6KSF2.js?v=4934fd6a:3680:22)
    at Object.invokeGuardedCallbackDev (http://[::1]:5173/node_modules/.vite/deps/chunk-LPF6KSF2.js?v=4934fd6a:3705:24)
    at invokeGuardedCallback (http://[::1]:5173/node_modules/.vite/deps/chunk-LPF6KSF2.js?v=4934fd6a:3739:39)
    at beginWork$1 (http://[::1]:5173/node_modules/.vite/deps/chunk-LPF6KSF2.js?v=4934fd6a:19818:15)
    at performUnitOfWork (http://[::1]:5173/node_modules/.vite/deps/chunk-LPF6KSF2.js?v=4934fd6a:19251:20)
    at workLoopSync (http://[::1]:5173/node_modules/.vite/deps/chunk-LPF6KSF2.js?v=4934fd6a:19190:13)
[  323718ms] TypeError: Cannot read properties of undefined (reading 'enabled')
    at WatermarkOverlay (http://[::1]:5173/resources/js/Pages/GalleryShow.tsx?t=1780775237164:34:18)
    at renderWithHooks (http://[::1]:5173/node_modules/.vite/deps/chunk-LPF6KSF2.js?v=4934fd6a:11596:26)
    at mountIndeterminateComponent (http://[::1]:5173/node_modules/.vite/deps/chunk-LPF6KSF2.js?v=4934fd6a:14974:21)
    at beginWork (http://[::1]:5173/node_modules/.vite/deps/chunk-LPF6KSF2.js?v=4934fd6a:15962:22)
    at HTMLUnknownElement.callCallback2 (http://[::1]:5173/node_modules/.vite/deps/chunk-LPF6KSF2.js?v=4934fd6a:3680:22)
    at Object.invokeGuardedCallbackDev (http://[::1]:5173/node_modules/.vite/deps/chunk-LPF6KSF2.js?v=4934fd6a:3705:24)
    at invokeGuardedCallback (http://[::1]:5173/node_modules/.vite/deps/chunk-LPF6KSF2.js?v=4934fd6a:3739:39)
    at beginWork$1 (http://[::1]:5173/node_modules/.vite/deps/chunk-LPF6KSF2.js?v=4934fd6a:19818:15)
    at performUnitOfWork (http://[::1]:5173/node_modules/.vite/deps/chunk-LPF6KSF2.js?v=4934fd6a:19251:20)
    at workLoopSync (http://[::1]:5173/node_modules/.vite/deps/chunk-LPF6KSF2.js?v=4934fd6a:19190:13)
[  323719ms] TypeError: Cannot read properties of undefined (reading 'enabled')
    at WatermarkOverlay (http://[::1]:5173/resources/js/Pages/GalleryShow.tsx?t=1780775237164:34:18)
    at renderWithHooks (http://[::1]:5173/node_modules/.vite/deps/chunk-LPF6KSF2.js?v=4934fd6a:11596:26)
    at mountIndeterminateComponent (http://[::1]:5173/node_modules/.vite/deps/chunk-LPF6KSF2.js?v=4934fd6a:14974:21)
    at beginWork (http://[::1]:5173/node_modules/.vite/deps/chunk-LPF6KSF2.js?v=4934fd6a:15962:22)
    at HTMLUnknownElement.callCallback2 (http://[::1]:5173/node_modules/.vite/deps/chunk-LPF6KSF2.js?v=4934fd6a:3680:22)
    at Object.invokeGuardedCallbackDev (http://[::1]:5173/node_modules/.vite/deps/chunk-LPF6KSF2.js?v=4934fd6a:3705:24)
    at invokeGuardedCallback (http://[::1]:5173/node_modules/.vite/deps/chunk-LPF6KSF2.js?v=4934fd6a:3739:39)
    at beginWork$1 (http://[::1]:5173/node_modules/.vite/deps/chunk-LPF6KSF2.js?v=4934fd6a:19818:15)
    at performUnitOfWork (http://[::1]:5173/node_modules/.vite/deps/chunk-LPF6KSF2.js?v=4934fd6a:19251:20)
    at workLoopSync (http://[::1]:5173/node_modules/.vite/deps/chunk-LPF6KSF2.js?v=4934fd6a:19190:13)
[  323720ms] TypeError: Cannot read properties of undefined (reading 'enabled')
    at WatermarkOverlay (http://[::1]:5173/resources/js/Pages/GalleryShow.tsx?t=1780775237164:34:18)
    at renderWithHooks (http://[::1]:5173/node_modules/.vite/deps/chunk-LPF6KSF2.js?v=4934fd6a:11596:26)
    at mountIndeterminateComponent (http://[::1]:5173/node_modules/.vite/deps/chunk-LPF6KSF2.js?v=4934fd6a:14974:21)
    at beginWork (http://[::1]:5173/node_modules/.vite/deps/chunk-LPF6KSF2.js?v=4934fd6a:15962:22)
    at HTMLUnknownElement.callCallback2 (http://[::1]:5173/node_modules/.vite/deps/chunk-LPF6KSF2.js?v=4934fd6a:3680:22)
    at Object.invokeGuardedCallbackDev (http://[::1]:5173/node_modules/.vite/deps/chunk-LPF6KSF2.js?v=4934fd6a:3705:24)
    at invokeGuardedCallback (http://[::1]:5173/node_modules/.vite/deps/chunk-LPF6KSF2.js?v=4934fd6a:3739:39)
    at beginWork$1 (http://[::1]:5173/node_modules/.vite/deps/chunk-LPF6KSF2.js?v=4934fd6a:19818:15)
    at performUnitOfWork (http://[::1]:5173/node_modules/.vite/deps/chunk-LPF6KSF2.js?v=4934fd6a:19251:20)
    at workLoopSync (http://[::1]:5173/node_modules/.vite/deps/chunk-LPF6KSF2.js?v=4934fd6a:19190:13)
[  323721ms] TypeError: Cannot read properties of undefined (reading 'enabled')
    at WatermarkOverlay (http://[::1]:5173/resources/js/Pages/GalleryShow.tsx?t=1780775237164:34:18)
    at renderWithHooks (http://[::1]:5173/node_modules/.vite/deps/chunk-LPF6KSF2.js?v=4934fd6a:11596:26)
    at mountIndeterminateComponent (http://[::1]:5173/node_modules/.vite/deps/chunk-LPF6KSF2.js?v=4934fd6a:14974:21)
    at beginWork (http://[::1]:5173/node_modules/.vite/deps/chunk-LPF6KSF2.js?v=4934fd6a:15962:22)
    at HTMLUnknownElement.callCallback2 (http://[::1]:5173/node_modules/.vite/deps/chunk-LPF6KSF2.js?v=4934fd6a:3680:22)
    at Object.invokeGuardedCallbackDev (http://[::1]:5173/node_modules/.vite/deps/chunk-LPF6KSF2.js?v=4934fd6a:3705:24)
    at invokeGuardedCallback (http://[::1]:5173/node_modules/.vite/deps/chunk-LPF6KSF2.js?v=4934fd6a:3739:39)
    at beginWork$1 (http://[::1]:5173/node_modules/.vite/deps/chunk-LPF6KSF2.js?v=4934fd6a:19818:15)
    at performUnitOfWork (http://[::1]:5173/node_modules/.vite/deps/chunk-LPF6KSF2.js?v=4934fd6a:19251:20)
    at workLoopSync (http://[::1]:5173/node_modules/.vite/deps/chunk-LPF6KSF2.js?v=4934fd6a:19190:13)
[  323721ms] TypeError: Cannot read properties of undefined (reading 'enabled')
    at WatermarkOverlay (http://[::1]:5173/resources/js/Pages/GalleryShow.tsx?t=1780775237164:34:18)
    at renderWithHooks (http://[::1]:5173/node_modules/.vite/deps/chunk-LPF6KSF2.js?v=4934fd6a:11596:26)
    at mountIndeterminateComponent (http://[::1]:5173/node_modules/.vite/deps/chunk-LPF6KSF2.js?v=4934fd6a:14974:21)
    at beginWork (http://[::1]:5173/node_modules/.vite/deps/chunk-LPF6KSF2.js?v=4934fd6a:15962:22)
    at HTMLUnknownElement.callCallback2 (http://[::1]:5173/node_modules/.vite/deps/chunk-LPF6KSF2.js?v=4934fd6a:3680:22)
    at Object.invokeGuardedCallbackDev (http://[::1]:5173/node_modules/.vite/deps/chunk-LPF6KSF2.js?v=4934fd6a:3705:24)
    at invokeGuardedCallback (http://[::1]:5173/node_modules/.vite/deps/chunk-LPF6KSF2.js?v=4934fd6a:3739:39)
    at beginWork$1 (http://[::1]:5173/node_modules/.vite/deps/chunk-LPF6KSF2.js?v=4934fd6a:19818:15)
    at performUnitOfWork (http://[::1]:5173/node_modules/.vite/deps/chunk-LPF6KSF2.js?v=4934fd6a:19251:20)
    at workLoopSync (http://[::1]:5173/node_modules/.vite/deps/chunk-LPF6KSF2.js?v=4934fd6a:19190:13)
[  323722ms] TypeError: Cannot read properties of undefined (reading 'enabled')
    at WatermarkOverlay (http://[::1]:5173/resources/js/Pages/GalleryShow.tsx?t=1780775237164:34:18)
    at renderWithHooks (http://[::1]:5173/node_modules/.vite/deps/chunk-LPF6KSF2.js?v=4934fd6a:11596:26)
    at mountIndeterminateComponent (http://[::1]:5173/node_modules/.vite/deps/chunk-LPF6KSF2.js?v=4934fd6a:14974:21)
    at beginWork (http://[::1]:5173/node_modules/.vite/deps/chunk-LPF6KSF2.js?v=4934fd6a:15962:22)
    at HTMLUnknownElement.callCallback2 (http://[::1]:5173/node_modules/.vite/deps/chunk-LPF6KSF2.js?v=4934fd6a:3680:22)
    at Object.invokeGuardedCallbackDev (http://[::1]:5173/node_modules/.vite/deps/chunk-LPF6KSF2.js?v=4934fd6a:3705:24)
    at invokeGuardedCallback (http://[::1]:5173/node_modules/.vite/deps/chunk-LPF6KSF2.js?v=4934fd6a:3739:39)
    at beginWork$1 (http://[::1]:5173/node_modules/.vite/deps/chunk-LPF6KSF2.js?v=4934fd6a:19818:15)
    at performUnitOfWork (http://[::1]:5173/node_modules/.vite/deps/chunk-LPF6KSF2.js?v=4934fd6a:19251:20)
    at workLoopSync (http://[::1]:5173/node_modules/.vite/deps/chunk-LPF6KSF2.js?v=4934fd6a:19190:13)
[  323722ms] TypeError: Cannot read properties of undefined (reading 'enabled')
    at WatermarkOverlay (http://[::1]:5173/resources/js/Pages/GalleryShow.tsx?t=1780775237164:34:18)
    at renderWithHooks (http://[::1]:5173/node_modules/.vite/deps/chunk-LPF6KSF2.js?v=4934fd6a:11596:26)
    at mountIndeterminateComponent (http://[::1]:5173/node_modules/.vite/deps/chunk-LPF6KSF2.js?v=4934fd6a:14974:21)
    at beginWork (http://[::1]:5173/node_modules/.vite/deps/chunk-LPF6KSF2.js?v=4934fd6a:15962:22)
    at HTMLUnknownElement.callCallback2 (http://[::1]:5173/node_modules/.vite/deps/chunk-LPF6KSF2.js?v=4934fd6a:3680:22)
    at Object.invokeGuardedCallbackDev (http://[::1]:5173/node_modules/.vite/deps/chunk-LPF6KSF2.js?v=4934fd6a:3705:24)
    at invokeGuardedCallback (http://[::1]:5173/node_modules/.vite/deps/chunk-LPF6KSF2.js?v=4934fd6a:3739:39)
    at beginWork$1 (http://[::1]:5173/node_modules/.vite/deps/chunk-LPF6KSF2.js?v=4934fd6a:19818:15)
    at performUnitOfWork (http://[::1]:5173/node_modules/.vite/deps/chunk-LPF6KSF2.js?v=4934fd6a:19251:20)
    at workLoopSync (http://[::1]:5173/node_modules/.vite/deps/chunk-LPF6KSF2.js?v=4934fd6a:19190:13)
[  323725ms] TypeError: Cannot read properties of undefined (reading 'enabled')
    at WatermarkOverlay (http://[::1]:5173/resources/js/Pages/GalleryShow.tsx?t=1780775237164:34:18)
    at renderWithHooks (http://[::1]:5173/node_modules/.vite/deps/chunk-LPF6KSF2.js?v=4934fd6a:11596:26)
    at mountIndeterminateComponent (http://[::1]:5173/node_modules/.vite/deps/chunk-LPF6KSF2.js?v=4934fd6a:14974:21)
    at beginWork (http://[::1]:5173/node_modules/.vite/deps/chunk-LPF6KSF2.js?v=4934fd6a:15962:22)
    at HTMLUnknownElement.callCallback2 (http://[::1]:5173/node_modules/.vite/deps/chunk-LPF6KSF2.js?v=4934fd6a:3680:22)
    at Object.invokeGuardedCallbackDev (http://[::1]:5173/node_modules/.vite/deps/chunk-LPF6KSF2.js?v=4934fd6a:3705:24)
    at invokeGuardedCallback (http://[::1]:5173/node_modules/.vite/deps/chunk-LPF6KSF2.js?v=4934fd6a:3739:39)
    at beginWork$1 (http://[::1]:5173/node_modules/.vite/deps/chunk-LPF6KSF2.js?v=4934fd6a:19818:15)
    at performUnitOfWork (http://[::1]:5173/node_modules/.vite/deps/chunk-LPF6KSF2.js?v=4934fd6a:19251:20)
    at workLoopSync (http://[::1]:5173/node_modules/.vite/deps/chunk-LPF6KSF2.js?v=4934fd6a:19190:13)
[  323726ms] TypeError: Cannot read properties of undefined (reading 'enabled')
    at WatermarkOverlay (http://[::1]:5173/resources/js/Pages/GalleryShow.tsx?t=1780775237164:34:18)
    at renderWithHooks (http://[::1]:5173/node_modules/.vite/deps/chunk-LPF6KSF2.js?v=4934fd6a:11596:26)
    at mountIndeterminateComponent (http://[::1]:5173/node_modules/.vite/deps/chunk-LPF6KSF2.js?v=4934fd6a:14974:21)
    at beginWork (http://[::1]:5173/node_modules/.vite/deps/chunk-LPF6KSF2.js?v=4934fd6a:15962:22)
    at HTMLUnknownElement.callCallback2 (http://[::1]:5173/node_modules/.vite/deps/chunk-LPF6KSF2.js?v=4934fd6a:3680:22)
    at Object.invokeGuardedCallbackDev (http://[::1]:5173/node_modules/.vite/deps/chunk-LPF6KSF2.js?v=4934fd6a:3705:24)
    at invokeGuardedCallback (http://[::1]:5173/node_modules/.vite/deps/chunk-LPF6KSF2.js?v=4934fd6a:3739:39)
    at beginWork$1 (http://[::1]:5173/node_modules/.vite/deps/chunk-LPF6KSF2.js?v=4934fd6a:19818:15)
    at performUnitOfWork (http://[::1]:5173/node_modules/.vite/deps/chunk-LPF6KSF2.js?v=4934fd6a:19251:20)
    at workLoopSync (http://[::1]:5173/node_modules/.vite/deps/chunk-LPF6KSF2.js?v=4934fd6a:19190:13)
[  323726ms] TypeError: Cannot read properties of undefined (reading 'enabled')
    at WatermarkOverlay (http://[::1]:5173/resources/js/Pages/GalleryShow.tsx?t=1780775237164:34:18)
    at renderWithHooks (http://[::1]:5173/node_modules/.vite/deps/chunk-LPF6KSF2.js?v=4934fd6a:11596:26)
    at mountIndeterminateComponent (http://[::1]:5173/node_modules/.vite/deps/chunk-LPF6KSF2.js?v=4934fd6a:14974:21)
    at beginWork (http://[::1]:5173/node_modules/.vite/deps/chunk-LPF6KSF2.js?v=4934fd6a:15962:22)
    at HTMLUnknownElement.callCallback2 (http://[::1]:5173/node_modules/.vite/deps/chunk-LPF6KSF2.js?v=4934fd6a:3680:22)
    at Object.invokeGuardedCallbackDev (http://[::1]:5173/node_modules/.vite/deps/chunk-LPF6KSF2.js?v=4934fd6a:3705:24)
    at invokeGuardedCallback (http://[::1]:5173/node_modules/.vite/deps/chunk-LPF6KSF2.js?v=4934fd6a:3739:39)
    at beginWork$1 (http://[::1]:5173/node_modules/.vite/deps/chunk-LPF6KSF2.js?v=4934fd6a:19818:15)
    at performUnitOfWork (http://[::1]:5173/node_modules/.vite/deps/chunk-LPF6KSF2.js?v=4934fd6a:19251:20)
    at workLoopSync (http://[::1]:5173/node_modules/.vite/deps/chunk-LPF6KSF2.js?v=4934fd6a:19190:13)
[  323727ms] TypeError: Cannot read properties of undefined (reading 'enabled')
    at WatermarkOverlay (http://[::1]:5173/resources/js/Pages/GalleryShow.tsx?t=1780775237164:34:18)
    at renderWithHooks (http://[::1]:5173/node_modules/.vite/deps/chunk-LPF6KSF2.js?v=4934fd6a:11596:26)
    at mountIndeterminateComponent (http://[::1]:5173/node_modules/.vite/deps/chunk-LPF6KSF2.js?v=4934fd6a:14974:21)
    at beginWork (http://[::1]:5173/node_modules/.vite/deps/chunk-LPF6KSF2.js?v=4934fd6a:15962:22)
    at HTMLUnknownElement.callCallback2 (http://[::1]:5173/node_modules/.vite/deps/chunk-LPF6KSF2.js?v=4934fd6a:3680:22)
    at Object.invokeGuardedCallbackDev (http://[::1]:5173/node_modules/.vite/deps/chunk-LPF6KSF2.js?v=4934fd6a:3705:24)
    at invokeGuardedCallback (http://[::1]:5173/node_modules/.vite/deps/chunk-LPF6KSF2.js?v=4934fd6a:3739:39)
    at beginWork$1 (http://[::1]:5173/node_modules/.vite/deps/chunk-LPF6KSF2.js?v=4934fd6a:19818:15)
    at performUnitOfWork (http://[::1]:5173/node_modules/.vite/deps/chunk-LPF6KSF2.js?v=4934fd6a:19251:20)
    at workLoopSync (http://[::1]:5173/node_modules/.vite/deps/chunk-LPF6KSF2.js?v=4934fd6a:19190:13)
[  323728ms] TypeError: Cannot read properties of undefined (reading 'enabled')
    at WatermarkOverlay (http://[::1]:5173/resources/js/Pages/GalleryShow.tsx?t=1780775237164:34:18)
    at renderWithHooks (http://[::1]:5173/node_modules/.vite/deps/chunk-LPF6KSF2.js?v=4934fd6a:11596:26)
    at mountIndeterminateComponent (http://[::1]:5173/node_modules/.vite/deps/chunk-LPF6KSF2.js?v=4934fd6a:14974:21)
    at beginWork (http://[::1]:5173/node_modules/.vite/deps/chunk-LPF6KSF2.js?v=4934fd6a:15962:22)
    at HTMLUnknownElement.callCallback2 (http://[::1]:5173/node_modules/.vite/deps/chunk-LPF6KSF2.js?v=4934fd6a:3680:22)
    at Object.invokeGuardedCallbackDev (http://[::1]:5173/node_modules/.vite/deps/chunk-LPF6KSF2.js?v=4934fd6a:3705:24)
    at invokeGuardedCallback (http://[::1]:5173/node_modules/.vite/deps/chunk-LPF6KSF2.js?v=4934fd6a:3739:39)
    at beginWork$1 (http://[::1]:5173/node_modules/.vite/deps/chunk-LPF6KSF2.js?v=4934fd6a:19818:15)
    at performUnitOfWork (http://[::1]:5173/node_modules/.vite/deps/chunk-LPF6KSF2.js?v=4934fd6a:19251:20)
    at workLoopSync (http://[::1]:5173/node_modules/.vite/deps/chunk-LPF6KSF2.js?v=4934fd6a:19190:13)
[  323729ms] TypeError: Cannot read properties of undefined (reading 'enabled')
    at WatermarkOverlay (http://[::1]:5173/resources/js/Pages/GalleryShow.tsx?t=1780775237164:34:18)
    at renderWithHooks (http://[::1]:5173/node_modules/.vite/deps/chunk-LPF6KSF2.js?v=4934fd6a:11596:26)
    at mountIndeterminateComponent (http://[::1]:5173/node_modules/.vite/deps/chunk-LPF6KSF2.js?v=4934fd6a:14974:21)
    at beginWork (http://[::1]:5173/node_modules/.vite/deps/chunk-LPF6KSF2.js?v=4934fd6a:15962:22)
    at HTMLUnknownElement.callCallback2 (http://[::1]:5173/node_modules/.vite/deps/chunk-LPF6KSF2.js?v=4934fd6a:3680:22)
    at Object.invokeGuardedCallbackDev (http://[::1]:5173/node_modules/.vite/deps/chunk-LPF6KSF2.js?v=4934fd6a:3705:24)
    at invokeGuardedCallback (http://[::1]:5173/node_modules/.vite/deps/chunk-LPF6KSF2.js?v=4934fd6a:3739:39)
    at beginWork$1 (http://[::1]:5173/node_modules/.vite/deps/chunk-LPF6KSF2.js?v=4934fd6a:19818:15)
    at performUnitOfWork (http://[::1]:5173/node_modules/.vite/deps/chunk-LPF6KSF2.js?v=4934fd6a:19251:20)
    at workLoopSync (http://[::1]:5173/node_modules/.vite/deps/chunk-LPF6KSF2.js?v=4934fd6a:19190:13)
[  323730ms] TypeError: Cannot read properties of undefined (reading 'enabled')
    at WatermarkOverlay (http://[::1]:5173/resources/js/Pages/GalleryShow.tsx?t=1780775237164:34:18)
    at renderWithHooks (http://[::1]:5173/node_modules/.vite/deps/chunk-LPF6KSF2.js?v=4934fd6a:11596:26)
    at mountIndeterminateComponent (http://[::1]:5173/node_modules/.vite/deps/chunk-LPF6KSF2.js?v=4934fd6a:14974:21)
    at beginWork (http://[::1]:5173/node_modules/.vite/deps/chunk-LPF6KSF2.js?v=4934fd6a:15962:22)
    at HTMLUnknownElement.callCallback2 (http://[::1]:5173/node_modules/.vite/deps/chunk-LPF6KSF2.js?v=4934fd6a:3680:22)
    at Object.invokeGuardedCallbackDev (http://[::1]:5173/node_modules/.vite/deps/chunk-LPF6KSF2.js?v=4934fd6a:3705:24)
    at invokeGuardedCallback (http://[::1]:5173/node_modules/.vite/deps/chunk-LPF6KSF2.js?v=4934fd6a:3739:39)
    at beginWork$1 (http://[::1]:5173/node_modules/.vite/deps/chunk-LPF6KSF2.js?v=4934fd6a:19818:15)
    at performUnitOfWork (http://[::1]:5173/node_modules/.vite/deps/chunk-LPF6KSF2.js?v=4934fd6a:19251:20)
    at workLoopSync (http://[::1]:5173/node_modules/.vite/deps/chunk-LPF6KSF2.js?v=4934fd6a:19190:13)
[  323730ms] TypeError: Cannot read properties of undefined (reading 'enabled')
    at WatermarkOverlay (http://[::1]:5173/resources/js/Pages/GalleryShow.tsx?t=1780775237164:34:18)
    at renderWithHooks (http://[::1]:5173/node_modules/.vite/deps/chunk-LPF6KSF2.js?v=4934fd6a:11596:26)
    at mountIndeterminateComponent (http://[::1]:5173/node_modules/.vite/deps/chunk-LPF6KSF2.js?v=4934fd6a:14974:21)
    at beginWork (http://[::1]:5173/node_modules/.vite/deps/chunk-LPF6KSF2.js?v=4934fd6a:15962:22)
    at HTMLUnknownElement.callCallback2 (http://[::1]:5173/node_modules/.vite/deps/chunk-LPF6KSF2.js?v=4934fd6a:3680:22)
    at Object.invokeGuardedCallbackDev (http://[::1]:5173/node_modules/.vite/deps/chunk-LPF6KSF2.js?v=4934fd6a:3705:24)
    at invokeGuardedCallback (http://[::1]:5173/node_modules/.vite/deps/chunk-LPF6KSF2.js?v=4934fd6a:3739:39)
    at beginWork$1 (http://[::1]:5173/node_modules/.vite/deps/chunk-LPF6KSF2.js?v=4934fd6a:19818:15)
    at performUnitOfWork (http://[::1]:5173/node_modules/.vite/deps/chunk-LPF6KSF2.js?v=4934fd6a:19251:20)
    at workLoopSync (http://[::1]:5173/node_modules/.vite/deps/chunk-LPF6KSF2.js?v=4934fd6a:19190:13)
[  323731ms] TypeError: Cannot read properties of undefined (reading 'enabled')
    at WatermarkOverlay (http://[::1]:5173/resources/js/Pages/GalleryShow.tsx?t=1780775237164:34:18)
    at renderWithHooks (http://[::1]:5173/node_modules/.vite/deps/chunk-LPF6KSF2.js?v=4934fd6a:11596:26)
    at mountIndeterminateComponent (http://[::1]:5173/node_modules/.vite/deps/chunk-LPF6KSF2.js?v=4934fd6a:14974:21)
    at beginWork (http://[::1]:5173/node_modules/.vite/deps/chunk-LPF6KSF2.js?v=4934fd6a:15962:22)
    at HTMLUnknownElement.callCallback2 (http://[::1]:5173/node_modules/.vite/deps/chunk-LPF6KSF2.js?v=4934fd6a:3680:22)
    at Object.invokeGuardedCallbackDev (http://[::1]:5173/node_modules/.vite/deps/chunk-LPF6KSF2.js?v=4934fd6a:3705:24)
    at invokeGuardedCallback (http://[::1]:5173/node_modules/.vite/deps/chunk-LPF6KSF2.js?v=4934fd6a:3739:39)
    at beginWork$1 (http://[::1]:5173/node_modules/.vite/deps/chunk-LPF6KSF2.js?v=4934fd6a:19818:15)
    at performUnitOfWork (http://[::1]:5173/node_modules/.vite/deps/chunk-LPF6KSF2.js?v=4934fd6a:19251:20)
    at workLoopSync (http://[::1]:5173/node_modules/.vite/deps/chunk-LPF6KSF2.js?v=4934fd6a:19190:13)
[  323732ms] TypeError: Cannot read properties of undefined (reading 'enabled')
    at WatermarkOverlay (http://[::1]:5173/resources/js/Pages/GalleryShow.tsx?t=1780775237164:34:18)
    at renderWithHooks (http://[::1]:5173/node_modules/.vite/deps/chunk-LPF6KSF2.js?v=4934fd6a:11596:26)
    at mountIndeterminateComponent (http://[::1]:5173/node_modules/.vite/deps/chunk-LPF6KSF2.js?v=4934fd6a:14974:21)
    at beginWork (http://[::1]:5173/node_modules/.vite/deps/chunk-LPF6KSF2.js?v=4934fd6a:15962:22)
    at HTMLUnknownElement.callCallback2 (http://[::1]:5173/node_modules/.vite/deps/chunk-LPF6KSF2.js?v=4934fd6a:3680:22)
    at Object.invokeGuardedCallbackDev (http://[::1]:5173/node_modules/.vite/deps/chunk-LPF6KSF2.js?v=4934fd6a:3705:24)
    at invokeGuardedCallback (http://[::1]:5173/node_modules/.vite/deps/chunk-LPF6KSF2.js?v=4934fd6a:3739:39)
    at beginWork$1 (http://[::1]:5173/node_modules/.vite/deps/chunk-LPF6KSF2.js?v=4934fd6a:19818:15)
    at performUnitOfWork (http://[::1]:5173/node_modules/.vite/deps/chunk-LPF6KSF2.js?v=4934fd6a:19251:20)
    at workLoopSync (http://[::1]:5173/node_modules/.vite/deps/chunk-LPF6KSF2.js?v=4934fd6a:19190:13)
[  323733ms] TypeError: Cannot read properties of undefined (reading 'enabled')
    at WatermarkOverlay (http://[::1]:5173/resources/js/Pages/GalleryShow.tsx?t=1780775237164:34:18)
    at renderWithHooks (http://[::1]:5173/node_modules/.vite/deps/chunk-LPF6KSF2.js?v=4934fd6a:11596:26)
    at mountIndeterminateComponent (http://[::1]:5173/node_modules/.vite/deps/chunk-LPF6KSF2.js?v=4934fd6a:14974:21)
    at beginWork (http://[::1]:5173/node_modules/.vite/deps/chunk-LPF6KSF2.js?v=4934fd6a:15962:22)
    at HTMLUnknownElement.callCallback2 (http://[::1]:5173/node_modules/.vite/deps/chunk-LPF6KSF2.js?v=4934fd6a:3680:22)
    at Object.invokeGuardedCallbackDev (http://[::1]:5173/node_modules/.vite/deps/chunk-LPF6KSF2.js?v=4934fd6a:3705:24)
    at invokeGuardedCallback (http://[::1]:5173/node_modules/.vite/deps/chunk-LPF6KSF2.js?v=4934fd6a:3739:39)
    at beginWork$1 (http://[::1]:5173/node_modules/.vite/deps/chunk-LPF6KSF2.js?v=4934fd6a:19818:15)
    at performUnitOfWork (http://[::1]:5173/node_modules/.vite/deps/chunk-LPF6KSF2.js?v=4934fd6a:19251:20)
    at workLoopSync (http://[::1]:5173/node_modules/.vite/deps/chunk-LPF6KSF2.js?v=4934fd6a:19190:13)
[  323734ms] TypeError: Cannot read properties of undefined (reading 'enabled')
    at WatermarkOverlay (http://[::1]:5173/resources/js/Pages/GalleryShow.tsx?t=1780775237164:34:18)
    at renderWithHooks (http://[::1]:5173/node_modules/.vite/deps/chunk-LPF6KSF2.js?v=4934fd6a:11596:26)
    at mountIndeterminateComponent (http://[::1]:5173/node_modules/.vite/deps/chunk-LPF6KSF2.js?v=4934fd6a:14974:21)
    at beginWork (http://[::1]:5173/node_modules/.vite/deps/chunk-LPF6KSF2.js?v=4934fd6a:15962:22)
    at HTMLUnknownElement.callCallback2 (http://[::1]:5173/node_modules/.vite/deps/chunk-LPF6KSF2.js?v=4934fd6a:3680:22)
    at Object.invokeGuardedCallbackDev (http://[::1]:5173/node_modules/.vite/deps/chunk-LPF6KSF2.js?v=4934fd6a:3705:24)
    at invokeGuardedCallback (http://[::1]:5173/node_modules/.vite/deps/chunk-LPF6KSF2.js?v=4934fd6a:3739:39)
    at beginWork$1 (http://[::1]:5173/node_modules/.vite/deps/chunk-LPF6KSF2.js?v=4934fd6a:19818:15)
    at performUnitOfWork (http://[::1]:5173/node_modules/.vite/deps/chunk-LPF6KSF2.js?v=4934fd6a:19251:20)
    at workLoopSync (http://[::1]:5173/node_modules/.vite/deps/chunk-LPF6KSF2.js?v=4934fd6a:19190:13)
[  323735ms] TypeError: Cannot read properties of undefined (reading 'enabled')
    at WatermarkOverlay (http://[::1]:5173/resources/js/Pages/GalleryShow.tsx?t=1780775237164:34:18)
    at renderWithHooks (http://[::1]:5173/node_modules/.vite/deps/chunk-LPF6KSF2.js?v=4934fd6a:11596:26)
    at mountIndeterminateComponent (http://[::1]:5173/node_modules/.vite/deps/chunk-LPF6KSF2.js?v=4934fd6a:14974:21)
    at beginWork (http://[::1]:5173/node_modules/.vite/deps/chunk-LPF6KSF2.js?v=4934fd6a:15962:22)
    at HTMLUnknownElement.callCallback2 (http://[::1]:5173/node_modules/.vite/deps/chunk-LPF6KSF2.js?v=4934fd6a:3680:22)
    at Object.invokeGuardedCallbackDev (http://[::1]:5173/node_modules/.vite/deps/chunk-LPF6KSF2.js?v=4934fd6a:3705:24)
    at invokeGuardedCallback (http://[::1]:5173/node_modules/.vite/deps/chunk-LPF6KSF2.js?v=4934fd6a:3739:39)
    at beginWork$1 (http://[::1]:5173/node_modules/.vite/deps/chunk-LPF6KSF2.js?v=4934fd6a:19818:15)
    at performUnitOfWork (http://[::1]:5173/node_modules/.vite/deps/chunk-LPF6KSF2.js?v=4934fd6a:19251:20)
    at workLoopSync (http://[::1]:5173/node_modules/.vite/deps/chunk-LPF6KSF2.js?v=4934fd6a:19190:13)
[  323735ms] TypeError: Cannot read properties of undefined (reading 'enabled')
    at WatermarkOverlay (http://[::1]:5173/resources/js/Pages/GalleryShow.tsx?t=1780775237164:34:18)
    at renderWithHooks (http://[::1]:5173/node_modules/.vite/deps/chunk-LPF6KSF2.js?v=4934fd6a:11596:26)
    at mountIndeterminateComponent (http://[::1]:5173/node_modules/.vite/deps/chunk-LPF6KSF2.js?v=4934fd6a:14974:21)
    at beginWork (http://[::1]:5173/node_modules/.vite/deps/chunk-LPF6KSF2.js?v=4934fd6a:15962:22)
    at HTMLUnknownElement.callCallback2 (http://[::1]:5173/node_modules/.vite/deps/chunk-LPF6KSF2.js?v=4934fd6a:3680:22)
    at Object.invokeGuardedCallbackDev (http://[::1]:5173/node_modules/.vite/deps/chunk-LPF6KSF2.js?v=4934fd6a:3705:24)
    at invokeGuardedCallback (http://[::1]:5173/node_modules/.vite/deps/chunk-LPF6KSF2.js?v=4934fd6a:3739:39)
    at beginWork$1 (http://[::1]:5173/node_modules/.vite/deps/chunk-LPF6KSF2.js?v=4934fd6a:19818:15)
    at performUnitOfWork (http://[::1]:5173/node_modules/.vite/deps/chunk-LPF6KSF2.js?v=4934fd6a:19251:20)
    at workLoopSync (http://[::1]:5173/node_modules/.vite/deps/chunk-LPF6KSF2.js?v=4934fd6a:19190:13)
[  323737ms] TypeError: Cannot read properties of undefined (reading 'enabled')
    at WatermarkOverlay (http://[::1]:5173/resources/js/Pages/GalleryShow.tsx?t=1780775237164:34:18)
    at renderWithHooks (http://[::1]:5173/node_modules/.vite/deps/chunk-LPF6KSF2.js?v=4934fd6a:11596:26)
    at mountIndeterminateComponent (http://[::1]:5173/node_modules/.vite/deps/chunk-LPF6KSF2.js?v=4934fd6a:14974:21)
    at beginWork (http://[::1]:5173/node_modules/.vite/deps/chunk-LPF6KSF2.js?v=4934fd6a:15962:22)
    at HTMLUnknownElement.callCallback2 (http://[::1]:5173/node_modules/.vite/deps/chunk-LPF6KSF2.js?v=4934fd6a:3680:22)
    at Object.invokeGuardedCallbackDev (http://[::1]:5173/node_modules/.vite/deps/chunk-LPF6KSF2.js?v=4934fd6a:3705:24)
    at invokeGuardedCallback (http://[::1]:5173/node_modules/.vite/deps/chunk-LPF6KSF2.js?v=4934fd6a:3739:39)
    at beginWork$1 (http://[::1]:5173/node_modules/.vite/deps/chunk-LPF6KSF2.js?v=4934fd6a:19818:15)
    at performUnitOfWork (http://[::1]:5173/node_modules/.vite/deps/chunk-LPF6KSF2.js?v=4934fd6a:19251:20)
    at workLoopSync (http://[::1]:5173/node_modules/.vite/deps/chunk-LPF6KSF2.js?v=4934fd6a:19190:13)
[  323737ms] TypeError: Cannot read properties of undefined (reading 'enabled')
    at WatermarkOverlay (http://[::1]:5173/resources/js/Pages/GalleryShow.tsx?t=1780775237164:34:18)
    at renderWithHooks (http://[::1]:5173/node_modules/.vite/deps/chunk-LPF6KSF2.js?v=4934fd6a:11596:26)
    at mountIndeterminateComponent (http://[::1]:5173/node_modules/.vite/deps/chunk-LPF6KSF2.js?v=4934fd6a:14974:21)
    at beginWork (http://[::1]:5173/node_modules/.vite/deps/chunk-LPF6KSF2.js?v=4934fd6a:15962:22)
    at HTMLUnknownElement.callCallback2 (http://[::1]:5173/node_modules/.vite/deps/chunk-LPF6KSF2.js?v=4934fd6a:3680:22)
    at Object.invokeGuardedCallbackDev (http://[::1]:5173/node_modules/.vite/deps/chunk-LPF6KSF2.js?v=4934fd6a:3705:24)
    at invokeGuardedCallback (http://[::1]:5173/node_modules/.vite/deps/chunk-LPF6KSF2.js?v=4934fd6a:3739:39)
    at beginWork$1 (http://[::1]:5173/node_modules/.vite/deps/chunk-LPF6KSF2.js?v=4934fd6a:19818:15)
    at performUnitOfWork (http://[::1]:5173/node_modules/.vite/deps/chunk-LPF6KSF2.js?v=4934fd6a:19251:20)
    at workLoopSync (http://[::1]:5173/node_modules/.vite/deps/chunk-LPF6KSF2.js?v=4934fd6a:19190:13)
[  323738ms] TypeError: Cannot read properties of undefined (reading 'enabled')
    at WatermarkOverlay (http://[::1]:5173/resources/js/Pages/GalleryShow.tsx?t=1780775237164:34:18)
    at renderWithHooks (http://[::1]:5173/node_modules/.vite/deps/chunk-LPF6KSF2.js?v=4934fd6a:11596:26)
    at mountIndeterminateComponent (http://[::1]:5173/node_modules/.vite/deps/chunk-LPF6KSF2.js?v=4934fd6a:14974:21)
    at beginWork (http://[::1]:5173/node_modules/.vite/deps/chunk-LPF6KSF2.js?v=4934fd6a:15962:22)
    at HTMLUnknownElement.callCallback2 (http://[::1]:5173/node_modules/.vite/deps/chunk-LPF6KSF2.js?v=4934fd6a:3680:22)
    at Object.invokeGuardedCallbackDev (http://[::1]:5173/node_modules/.vite/deps/chunk-LPF6KSF2.js?v=4934fd6a:3705:24)
    at invokeGuardedCallback (http://[::1]:5173/node_modules/.vite/deps/chunk-LPF6KSF2.js?v=4934fd6a:3739:39)
    at beginWork$1 (http://[::1]:5173/node_modules/.vite/deps/chunk-LPF6KSF2.js?v=4934fd6a:19818:15)
    at performUnitOfWork (http://[::1]:5173/node_modules/.vite/deps/chunk-LPF6KSF2.js?v=4934fd6a:19251:20)
    at workLoopSync (http://[::1]:5173/node_modules/.vite/deps/chunk-LPF6KSF2.js?v=4934fd6a:19190:13)
[  323739ms] TypeError: Cannot read properties of undefined (reading 'enabled')
    at WatermarkOverlay (http://[::1]:5173/resources/js/Pages/GalleryShow.tsx?t=1780775237164:34:18)
    at renderWithHooks (http://[::1]:5173/node_modules/.vite/deps/chunk-LPF6KSF2.js?v=4934fd6a:11596:26)
    at mountIndeterminateComponent (http://[::1]:5173/node_modules/.vite/deps/chunk-LPF6KSF2.js?v=4934fd6a:14974:21)
    at beginWork (http://[::1]:5173/node_modules/.vite/deps/chunk-LPF6KSF2.js?v=4934fd6a:15962:22)
    at HTMLUnknownElement.callCallback2 (http://[::1]:5173/node_modules/.vite/deps/chunk-LPF6KSF2.js?v=4934fd6a:3680:22)
    at Object.invokeGuardedCallbackDev (http://[::1]:5173/node_modules/.vite/deps/chunk-LPF6KSF2.js?v=4934fd6a:3705:24)
    at invokeGuardedCallback (http://[::1]:5173/node_modules/.vite/deps/chunk-LPF6KSF2.js?v=4934fd6a:3739:39)
    at beginWork$1 (http://[::1]:5173/node_modules/.vite/deps/chunk-LPF6KSF2.js?v=4934fd6a:19818:15)
    at performUnitOfWork (http://[::1]:5173/node_modules/.vite/deps/chunk-LPF6KSF2.js?v=4934fd6a:19251:20)
    at workLoopSync (http://[::1]:5173/node_modules/.vite/deps/chunk-LPF6KSF2.js?v=4934fd6a:19190:13)
[  323740ms] TypeError: Cannot read properties of undefined (reading 'enabled')
    at WatermarkOverlay (http://[::1]:5173/resources/js/Pages/GalleryShow.tsx?t=1780775237164:34:18)
    at renderWithHooks (http://[::1]:5173/node_modules/.vite/deps/chunk-LPF6KSF2.js?v=4934fd6a:11596:26)
    at mountIndeterminateComponent (http://[::1]:5173/node_modules/.vite/deps/chunk-LPF6KSF2.js?v=4934fd6a:14974:21)
    at beginWork (http://[::1]:5173/node_modules/.vite/deps/chunk-LPF6KSF2.js?v=4934fd6a:15962:22)
    at HTMLUnknownElement.callCallback2 (http://[::1]:5173/node_modules/.vite/deps/chunk-LPF6KSF2.js?v=4934fd6a:3680:22)
    at Object.invokeGuardedCallbackDev (http://[::1]:5173/node_modules/.vite/deps/chunk-LPF6KSF2.js?v=4934fd6a:3705:24)
    at invokeGuardedCallback (http://[::1]:5173/node_modules/.vite/deps/chunk-LPF6KSF2.js?v=4934fd6a:3739:39)
    at beginWork$1 (http://[::1]:5173/node_modules/.vite/deps/chunk-LPF6KSF2.js?v=4934fd6a:19818:15)
    at performUnitOfWork (http://[::1]:5173/node_modules/.vite/deps/chunk-LPF6KSF2.js?v=4934fd6a:19251:20)
    at workLoopSync (http://[::1]:5173/node_modules/.vite/deps/chunk-LPF6KSF2.js?v=4934fd6a:19190:13)
[  323741ms] TypeError: Cannot read properties of undefined (reading 'enabled')
    at WatermarkOverlay (http://[::1]:5173/resources/js/Pages/GalleryShow.tsx?t=1780775237164:34:18)
    at renderWithHooks (http://[::1]:5173/node_modules/.vite/deps/chunk-LPF6KSF2.js?v=4934fd6a:11596:26)
    at mountIndeterminateComponent (http://[::1]:5173/node_modules/.vite/deps/chunk-LPF6KSF2.js?v=4934fd6a:14974:21)
    at beginWork (http://[::1]:5173/node_modules/.vite/deps/chunk-LPF6KSF2.js?v=4934fd6a:15962:22)
    at HTMLUnknownElement.callCallback2 (http://[::1]:5173/node_modules/.vite/deps/chunk-LPF6KSF2.js?v=4934fd6a:3680:22)
    at Object.invokeGuardedCallbackDev (http://[::1]:5173/node_modules/.vite/deps/chunk-LPF6KSF2.js?v=4934fd6a:3705:24)
    at invokeGuardedCallback (http://[::1]:5173/node_modules/.vite/deps/chunk-LPF6KSF2.js?v=4934fd6a:3739:39)
    at beginWork$1 (http://[::1]:5173/node_modules/.vite/deps/chunk-LPF6KSF2.js?v=4934fd6a:19818:15)
    at performUnitOfWork (http://[::1]:5173/node_modules/.vite/deps/chunk-LPF6KSF2.js?v=4934fd6a:19251:20)
    at workLoopSync (http://[::1]:5173/node_modules/.vite/deps/chunk-LPF6KSF2.js?v=4934fd6a:19190:13)
[  323742ms] TypeError: Cannot read properties of undefined (reading 'enabled')
    at WatermarkOverlay (http://[::1]:5173/resources/js/Pages/GalleryShow.tsx?t=1780775237164:34:18)
    at renderWithHooks (http://[::1]:5173/node_modules/.vite/deps/chunk-LPF6KSF2.js?v=4934fd6a:11596:26)
    at mountIndeterminateComponent (http://[::1]:5173/node_modules/.vite/deps/chunk-LPF6KSF2.js?v=4934fd6a:14974:21)
    at beginWork (http://[::1]:5173/node_modules/.vite/deps/chunk-LPF6KSF2.js?v=4934fd6a:15962:22)
    at HTMLUnknownElement.callCallback2 (http://[::1]:5173/node_modules/.vite/deps/chunk-LPF6KSF2.js?v=4934fd6a:3680:22)
    at Object.invokeGuardedCallbackDev (http://[::1]:5173/node_modules/.vite/deps/chunk-LPF6KSF2.js?v=4934fd6a:3705:24)
    at invokeGuardedCallback (http://[::1]:5173/node_modules/.vite/deps/chunk-LPF6KSF2.js?v=4934fd6a:3739:39)
    at beginWork$1 (http://[::1]:5173/node_modules/.vite/deps/chunk-LPF6KSF2.js?v=4934fd6a:19818:15)
    at performUnitOfWork (http://[::1]:5173/node_modules/.vite/deps/chunk-LPF6KSF2.js?v=4934fd6a:19251:20)
    at workLoopSync (http://[::1]:5173/node_modules/.vite/deps/chunk-LPF6KSF2.js?v=4934fd6a:19190:13)
[  323743ms] TypeError: Cannot read properties of undefined (reading 'enabled')
    at WatermarkOverlay (http://[::1]:5173/resources/js/Pages/GalleryShow.tsx?t=1780775237164:34:18)
    at renderWithHooks (http://[::1]:5173/node_modules/.vite/deps/chunk-LPF6KSF2.js?v=4934fd6a:11596:26)
    at mountIndeterminateComponent (http://[::1]:5173/node_modules/.vite/deps/chunk-LPF6KSF2.js?v=4934fd6a:14974:21)
    at beginWork (http://[::1]:5173/node_modules/.vite/deps/chunk-LPF6KSF2.js?v=4934fd6a:15962:22)
    at HTMLUnknownElement.callCallback2 (http://[::1]:5173/node_modules/.vite/deps/chunk-LPF6KSF2.js?v=4934fd6a:3680:22)
    at Object.invokeGuardedCallbackDev (http://[::1]:5173/node_modules/.vite/deps/chunk-LPF6KSF2.js?v=4934fd6a:3705:24)
    at invokeGuardedCallback (http://[::1]:5173/node_modules/.vite/deps/chunk-LPF6KSF2.js?v=4934fd6a:3739:39)
    at beginWork$1 (http://[::1]:5173/node_modules/.vite/deps/chunk-LPF6KSF2.js?v=4934fd6a:19818:15)
    at performUnitOfWork (http://[::1]:5173/node_modules/.vite/deps/chunk-LPF6KSF2.js?v=4934fd6a:19251:20)
    at workLoopSync (http://[::1]:5173/node_modules/.vite/deps/chunk-LPF6KSF2.js?v=4934fd6a:19190:13)
[  323744ms] TypeError: Cannot read properties of undefined (reading 'enabled')
    at WatermarkOverlay (http://[::1]:5173/resources/js/Pages/GalleryShow.tsx?t=1780775237164:34:18)
    at renderWithHooks (http://[::1]:5173/node_modules/.vite/deps/chunk-LPF6KSF2.js?v=4934fd6a:11596:26)
    at mountIndeterminateComponent (http://[::1]:5173/node_modules/.vite/deps/chunk-LPF6KSF2.js?v=4934fd6a:14974:21)
    at beginWork (http://[::1]:5173/node_modules/.vite/deps/chunk-LPF6KSF2.js?v=4934fd6a:15962:22)
    at HTMLUnknownElement.callCallback2 (http://[::1]:5173/node_modules/.vite/deps/chunk-LPF6KSF2.js?v=4934fd6a:3680:22)
    at Object.invokeGuardedCallbackDev (http://[::1]:5173/node_modules/.vite/deps/chunk-LPF6KSF2.js?v=4934fd6a:3705:24)
    at invokeGuardedCallback (http://[::1]:5173/node_modules/.vite/deps/chunk-LPF6KSF2.js?v=4934fd6a:3739:39)
    at beginWork$1 (http://[::1]:5173/node_modules/.vite/deps/chunk-LPF6KSF2.js?v=4934fd6a:19818:15)
    at performUnitOfWork (http://[::1]:5173/node_modules/.vite/deps/chunk-LPF6KSF2.js?v=4934fd6a:19251:20)
    at workLoopSync (http://[::1]:5173/node_modules/.vite/deps/chunk-LPF6KSF2.js?v=4934fd6a:19190:13)
[  323745ms] TypeError: Cannot read properties of undefined (reading 'enabled')
    at WatermarkOverlay (http://[::1]:5173/resources/js/Pages/GalleryShow.tsx?t=1780775237164:34:18)
    at renderWithHooks (http://[::1]:5173/node_modules/.vite/deps/chunk-LPF6KSF2.js?v=4934fd6a:11596:26)
    at mountIndeterminateComponent (http://[::1]:5173/node_modules/.vite/deps/chunk-LPF6KSF2.js?v=4934fd6a:14974:21)
    at beginWork (http://[::1]:5173/node_modules/.vite/deps/chunk-LPF6KSF2.js?v=4934fd6a:15962:22)
    at HTMLUnknownElement.callCallback2 (http://[::1]:5173/node_modules/.vite/deps/chunk-LPF6KSF2.js?v=4934fd6a:3680:22)
    at Object.invokeGuardedCallbackDev (http://[::1]:5173/node_modules/.vite/deps/chunk-LPF6KSF2.js?v=4934fd6a:3705:24)
    at invokeGuardedCallback (http://[::1]:5173/node_modules/.vite/deps/chunk-LPF6KSF2.js?v=4934fd6a:3739:39)
    at beginWork$1 (http://[::1]:5173/node_modules/.vite/deps/chunk-LPF6KSF2.js?v=4934fd6a:19818:15)
    at performUnitOfWork (http://[::1]:5173/node_modules/.vite/deps/chunk-LPF6KSF2.js?v=4934fd6a:19251:20)
    at workLoopSync (http://[::1]:5173/node_modules/.vite/deps/chunk-LPF6KSF2.js?v=4934fd6a:19190:13)
[  323746ms] TypeError: Cannot read properties of undefined (reading 'enabled')
    at WatermarkOverlay (http://[::1]:5173/resources/js/Pages/GalleryShow.tsx?t=1780775237164:34:18)
    at renderWithHooks (http://[::1]:5173/node_modules/.vite/deps/chunk-LPF6KSF2.js?v=4934fd6a:11596:26)
    at mountIndeterminateComponent (http://[::1]:5173/node_modules/.vite/deps/chunk-LPF6KSF2.js?v=4934fd6a:14974:21)
    at beginWork (http://[::1]:5173/node_modules/.vite/deps/chunk-LPF6KSF2.js?v=4934fd6a:15962:22)
    at HTMLUnknownElement.callCallback2 (http://[::1]:5173/node_modules/.vite/deps/chunk-LPF6KSF2.js?v=4934fd6a:3680:22)
    at Object.invokeGuardedCallbackDev (http://[::1]:5173/node_modules/.vite/deps/chunk-LPF6KSF2.js?v=4934fd6a:3705:24)
    at invokeGuardedCallback (http://[::1]:5173/node_modules/.vite/deps/chunk-LPF6KSF2.js?v=4934fd6a:3739:39)
    at beginWork$1 (http://[::1]:5173/node_modules/.vite/deps/chunk-LPF6KSF2.js?v=4934fd6a:19818:15)
    at performUnitOfWork (http://[::1]:5173/node_modules/.vite/deps/chunk-LPF6KSF2.js?v=4934fd6a:19251:20)
    at workLoopSync (http://[::1]:5173/node_modules/.vite/deps/chunk-LPF6KSF2.js?v=4934fd6a:19190:13)
[  323747ms] TypeError: Cannot read properties of undefined (reading 'enabled')
    at WatermarkOverlay (http://[::1]:5173/resources/js/Pages/GalleryShow.tsx?t=1780775237164:34:18)
    at renderWithHooks (http://[::1]:5173/node_modules/.vite/deps/chunk-LPF6KSF2.js?v=4934fd6a:11596:26)
    at mountIndeterminateComponent (http://[::1]:5173/node_modules/.vite/deps/chunk-LPF6KSF2.js?v=4934fd6a:14974:21)
    at beginWork (http://[::1]:5173/node_modules/.vite/deps/chunk-LPF6KSF2.js?v=4934fd6a:15962:22)
    at HTMLUnknownElement.callCallback2 (http://[::1]:5173/node_modules/.vite/deps/chunk-LPF6KSF2.js?v=4934fd6a:3680:22)
    at Object.invokeGuardedCallbackDev (http://[::1]:5173/node_modules/.vite/deps/chunk-LPF6KSF2.js?v=4934fd6a:3705:24)
    at invokeGuardedCallback (http://[::1]:5173/node_modules/.vite/deps/chunk-LPF6KSF2.js?v=4934fd6a:3739:39)
    at beginWork$1 (http://[::1]:5173/node_modules/.vite/deps/chunk-LPF6KSF2.js?v=4934fd6a:19818:15)
    at performUnitOfWork (http://[::1]:5173/node_modules/.vite/deps/chunk-LPF6KSF2.js?v=4934fd6a:19251:20)
    at workLoopSync (http://[::1]:5173/node_modules/.vite/deps/chunk-LPF6KSF2.js?v=4934fd6a:19190:13)
[  323748ms] TypeError: Cannot read properties of undefined (reading 'enabled')
    at WatermarkOverlay (http://[::1]:5173/resources/js/Pages/GalleryShow.tsx?t=1780775237164:34:18)
    at renderWithHooks (http://[::1]:5173/node_modules/.vite/deps/chunk-LPF6KSF2.js?v=4934fd6a:11596:26)
    at mountIndeterminateComponent (http://[::1]:5173/node_modules/.vite/deps/chunk-LPF6KSF2.js?v=4934fd6a:14974:21)
    at beginWork (http://[::1]:5173/node_modules/.vite/deps/chunk-LPF6KSF2.js?v=4934fd6a:15962:22)
    at HTMLUnknownElement.callCallback2 (http://[::1]:5173/node_modules/.vite/deps/chunk-LPF6KSF2.js?v=4934fd6a:3680:22)
    at Object.invokeGuardedCallbackDev (http://[::1]:5173/node_modules/.vite/deps/chunk-LPF6KSF2.js?v=4934fd6a:3705:24)
    at invokeGuardedCallback (http://[::1]:5173/node_modules/.vite/deps/chunk-LPF6KSF2.js?v=4934fd6a:3739:39)
    at beginWork$1 (http://[::1]:5173/node_modules/.vite/deps/chunk-LPF6KSF2.js?v=4934fd6a:19818:15)
    at performUnitOfWork (http://[::1]:5173/node_modules/.vite/deps/chunk-LPF6KSF2.js?v=4934fd6a:19251:20)
    at workLoopSync (http://[::1]:5173/node_modules/.vite/deps/chunk-LPF6KSF2.js?v=4934fd6a:19190:13)
[  323750ms] TypeError: Cannot read properties of undefined (reading 'enabled')
    at WatermarkOverlay (http://[::1]:5173/resources/js/Pages/GalleryShow.tsx?t=1780775237164:34:18)
    at renderWithHooks (http://[::1]:5173/node_modules/.vite/deps/chunk-LPF6KSF2.js?v=4934fd6a:11596:26)
    at mountIndeterminateComponent (http://[::1]:5173/node_modules/.vite/deps/chunk-LPF6KSF2.js?v=4934fd6a:14974:21)
    at beginWork (http://[::1]:5173/node_modules/.vite/deps/chunk-LPF6KSF2.js?v=4934fd6a:15962:22)
    at HTMLUnknownElement.callCallback2 (http://[::1]:5173/node_modules/.vite/deps/chunk-LPF6KSF2.js?v=4934fd6a:3680:22)
    at Object.invokeGuardedCallbackDev (http://[::1]:5173/node_modules/.vite/deps/chunk-LPF6KSF2.js?v=4934fd6a:3705:24)
    at invokeGuardedCallback (http://[::1]:5173/node_modules/.vite/deps/chunk-LPF6KSF2.js?v=4934fd6a:3739:39)
    at beginWork$1 (http://[::1]:5173/node_modules/.vite/deps/chunk-LPF6KSF2.js?v=4934fd6a:19818:15)
    at performUnitOfWork (http://[::1]:5173/node_modules/.vite/deps/chunk-LPF6KSF2.js?v=4934fd6a:19251:20)
    at workLoopSync (http://[::1]:5173/node_modules/.vite/deps/chunk-LPF6KSF2.js?v=4934fd6a:19190:13)
[  323750ms] TypeError: Cannot read properties of undefined (reading 'enabled')
    at WatermarkOverlay (http://[::1]:5173/resources/js/Pages/GalleryShow.tsx?t=1780775237164:34:18)
    at renderWithHooks (http://[::1]:5173/node_modules/.vite/deps/chunk-LPF6KSF2.js?v=4934fd6a:11596:26)
    at mountIndeterminateComponent (http://[::1]:5173/node_modules/.vite/deps/chunk-LPF6KSF2.js?v=4934fd6a:14974:21)
    at beginWork (http://[::1]:5173/node_modules/.vite/deps/chunk-LPF6KSF2.js?v=4934fd6a:15962:22)
    at HTMLUnknownElement.callCallback2 (http://[::1]:5173/node_modules/.vite/deps/chunk-LPF6KSF2.js?v=4934fd6a:3680:22)
    at Object.invokeGuardedCallbackDev (http://[::1]:5173/node_modules/.vite/deps/chunk-LPF6KSF2.js?v=4934fd6a:3705:24)
    at invokeGuardedCallback (http://[::1]:5173/node_modules/.vite/deps/chunk-LPF6KSF2.js?v=4934fd6a:3739:39)
    at beginWork$1 (http://[::1]:5173/node_modules/.vite/deps/chunk-LPF6KSF2.js?v=4934fd6a:19818:15)
    at performUnitOfWork (http://[::1]:5173/node_modules/.vite/deps/chunk-LPF6KSF2.js?v=4934fd6a:19251:20)
    at workLoopSync (http://[::1]:5173/node_modules/.vite/deps/chunk-LPF6KSF2.js?v=4934fd6a:19190:13)
[  323751ms] TypeError: Cannot read properties of undefined (reading 'enabled')
    at WatermarkOverlay (http://[::1]:5173/resources/js/Pages/GalleryShow.tsx?t=1780775237164:34:18)
    at renderWithHooks (http://[::1]:5173/node_modules/.vite/deps/chunk-LPF6KSF2.js?v=4934fd6a:11596:26)
    at mountIndeterminateComponent (http://[::1]:5173/node_modules/.vite/deps/chunk-LPF6KSF2.js?v=4934fd6a:14974:21)
    at beginWork (http://[::1]:5173/node_modules/.vite/deps/chunk-LPF6KSF2.js?v=4934fd6a:15962:22)
    at HTMLUnknownElement.callCallback2 (http://[::1]:5173/node_modules/.vite/deps/chunk-LPF6KSF2.js?v=4934fd6a:3680:22)
    at Object.invokeGuardedCallbackDev (http://[::1]:5173/node_modules/.vite/deps/chunk-LPF6KSF2.js?v=4934fd6a:3705:24)
    at invokeGuardedCallback (http://[::1]:5173/node_modules/.vite/deps/chunk-LPF6KSF2.js?v=4934fd6a:3739:39)
    at beginWork$1 (http://[::1]:5173/node_modules/.vite/deps/chunk-LPF6KSF2.js?v=4934fd6a:19818:15)
    at performUnitOfWork (http://[::1]:5173/node_modules/.vite/deps/chunk-LPF6KSF2.js?v=4934fd6a:19251:20)
    at workLoopSync (http://[::1]:5173/node_modules/.vite/deps/chunk-LPF6KSF2.js?v=4934fd6a:19190:13)
[  323752ms] TypeError: Cannot read properties of undefined (reading 'enabled')
    at WatermarkOverlay (http://[::1]:5173/resources/js/Pages/GalleryShow.tsx?t=1780775237164:34:18)
    at renderWithHooks (http://[::1]:5173/node_modules/.vite/deps/chunk-LPF6KSF2.js?v=4934fd6a:11596:26)
    at mountIndeterminateComponent (http://[::1]:5173/node_modules/.vite/deps/chunk-LPF6KSF2.js?v=4934fd6a:14974:21)
    at beginWork (http://[::1]:5173/node_modules/.vite/deps/chunk-LPF6KSF2.js?v=4934fd6a:15962:22)
    at HTMLUnknownElement.callCallback2 (http://[::1]:5173/node_modules/.vite/deps/chunk-LPF6KSF2.js?v=4934fd6a:3680:22)
    at Object.invokeGuardedCallbackDev (http://[::1]:5173/node_modules/.vite/deps/chunk-LPF6KSF2.js?v=4934fd6a:3705:24)
    at invokeGuardedCallback (http://[::1]:5173/node_modules/.vite/deps/chunk-LPF6KSF2.js?v=4934fd6a:3739:39)
    at beginWork$1 (http://[::1]:5173/node_modules/.vite/deps/chunk-LPF6KSF2.js?v=4934fd6a:19818:15)
    at performUnitOfWork (http://[::1]:5173/node_modules/.vite/deps/chunk-LPF6KSF2.js?v=4934fd6a:19251:20)
    at workLoopSync (http://[::1]:5173/node_modules/.vite/deps/chunk-LPF6KSF2.js?v=4934fd6a:19190:13)
[  323753ms] TypeError: Cannot read properties of undefined (reading 'enabled')
    at WatermarkOverlay (http://[::1]:5173/resources/js/Pages/GalleryShow.tsx?t=1780775237164:34:18)
    at renderWithHooks (http://[::1]:5173/node_modules/.vite/deps/chunk-LPF6KSF2.js?v=4934fd6a:11596:26)
    at mountIndeterminateComponent (http://[::1]:5173/node_modules/.vite/deps/chunk-LPF6KSF2.js?v=4934fd6a:14974:21)
    at beginWork (http://[::1]:5173/node_modules/.vite/deps/chunk-LPF6KSF2.js?v=4934fd6a:15962:22)
    at HTMLUnknownElement.callCallback2 (http://[::1]:5173/node_modules/.vite/deps/chunk-LPF6KSF2.js?v=4934fd6a:3680:22)
    at Object.invokeGuardedCallbackDev (http://[::1]:5173/node_modules/.vite/deps/chunk-LPF6KSF2.js?v=4934fd6a:3705:24)
    at invokeGuardedCallback (http://[::1]:5173/node_modules/.vite/deps/chunk-LPF6KSF2.js?v=4934fd6a:3739:39)
    at beginWork$1 (http://[::1]:5173/node_modules/.vite/deps/chunk-LPF6KSF2.js?v=4934fd6a:19818:15)
    at performUnitOfWork (http://[::1]:5173/node_modules/.vite/deps/chunk-LPF6KSF2.js?v=4934fd6a:19251:20)
    at workLoopSync (http://[::1]:5173/node_modules/.vite/deps/chunk-LPF6KSF2.js?v=4934fd6a:19190:13)
[  323754ms] TypeError: Cannot read properties of undefined (reading 'enabled')
    at WatermarkOverlay (http://[::1]:5173/resources/js/Pages/GalleryShow.tsx?t=1780775237164:34:18)
    at renderWithHooks (http://[::1]:5173/node_modules/.vite/deps/chunk-LPF6KSF2.js?v=4934fd6a:11596:26)
    at mountIndeterminateComponent (http://[::1]:5173/node_modules/.vite/deps/chunk-LPF6KSF2.js?v=4934fd6a:14974:21)
    at beginWork (http://[::1]:5173/node_modules/.vite/deps/chunk-LPF6KSF2.js?v=4934fd6a:15962:22)
    at HTMLUnknownElement.callCallback2 (http://[::1]:5173/node_modules/.vite/deps/chunk-LPF6KSF2.js?v=4934fd6a:3680:22)
    at Object.invokeGuardedCallbackDev (http://[::1]:5173/node_modules/.vite/deps/chunk-LPF6KSF2.js?v=4934fd6a:3705:24)
    at invokeGuardedCallback (http://[::1]:5173/node_modules/.vite/deps/chunk-LPF6KSF2.js?v=4934fd6a:3739:39)
    at beginWork$1 (http://[::1]:5173/node_modules/.vite/deps/chunk-LPF6KSF2.js?v=4934fd6a:19818:15)
    at performUnitOfWork (http://[::1]:5173/node_modules/.vite/deps/chunk-LPF6KSF2.js?v=4934fd6a:19251:20)
    at workLoopSync (http://[::1]:5173/node_modules/.vite/deps/chunk-LPF6KSF2.js?v=4934fd6a:19190:13)
[  323755ms] TypeError: Cannot read properties of undefined (reading 'enabled')
    at WatermarkOverlay (http://[::1]:5173/resources/js/Pages/GalleryShow.tsx?t=1780775237164:34:18)
    at renderWithHooks (http://[::1]:5173/node_modules/.vite/deps/chunk-LPF6KSF2.js?v=4934fd6a:11596:26)
    at mountIndeterminateComponent (http://[::1]:5173/node_modules/.vite/deps/chunk-LPF6KSF2.js?v=4934fd6a:14974:21)
    at beginWork (http://[::1]:5173/node_modules/.vite/deps/chunk-LPF6KSF2.js?v=4934fd6a:15962:22)
    at HTMLUnknownElement.callCallback2 (http://[::1]:5173/node_modules/.vite/deps/chunk-LPF6KSF2.js?v=4934fd6a:3680:22)
    at Object.invokeGuardedCallbackDev (http://[::1]:5173/node_modules/.vite/deps/chunk-LPF6KSF2.js?v=4934fd6a:3705:24)
    at invokeGuardedCallback (http://[::1]:5173/node_modules/.vite/deps/chunk-LPF6KSF2.js?v=4934fd6a:3739:39)
    at beginWork$1 (http://[::1]:5173/node_modules/.vite/deps/chunk-LPF6KSF2.js?v=4934fd6a:19818:15)
    at performUnitOfWork (http://[::1]:5173/node_modules/.vite/deps/chunk-LPF6KSF2.js?v=4934fd6a:19251:20)
    at workLoopSync (http://[::1]:5173/node_modules/.vite/deps/chunk-LPF6KSF2.js?v=4934fd6a:19190:13)
[  323757ms] TypeError: Cannot read properties of undefined (reading 'enabled')
    at WatermarkOverlay (http://[::1]:5173/resources/js/Pages/GalleryShow.tsx?t=1780775237164:34:18)
    at renderWithHooks (http://[::1]:5173/node_modules/.vite/deps/chunk-LPF6KSF2.js?v=4934fd6a:11596:26)
    at mountIndeterminateComponent (http://[::1]:5173/node_modules/.vite/deps/chunk-LPF6KSF2.js?v=4934fd6a:14974:21)
    at beginWork (http://[::1]:5173/node_modules/.vite/deps/chunk-LPF6KSF2.js?v=4934fd6a:15962:22)
    at HTMLUnknownElement.callCallback2 (http://[::1]:5173/node_modules/.vite/deps/chunk-LPF6KSF2.js?v=4934fd6a:3680:22)
    at Object.invokeGuardedCallbackDev (http://[::1]:5173/node_modules/.vite/deps/chunk-LPF6KSF2.js?v=4934fd6a:3705:24)
    at invokeGuardedCallback (http://[::1]:5173/node_modules/.vite/deps/chunk-LPF6KSF2.js?v=4934fd6a:3739:39)
    at beginWork$1 (http://[::1]:5173/node_modules/.vite/deps/chunk-LPF6KSF2.js?v=4934fd6a:19818:15)
    at performUnitOfWork (http://[::1]:5173/node_modules/.vite/deps/chunk-LPF6KSF2.js?v=4934fd6a:19251:20)
    at workLoopSync (http://[::1]:5173/node_modules/.vite/deps/chunk-LPF6KSF2.js?v=4934fd6a:19190:13)
[  323757ms] TypeError: Cannot read properties of undefined (reading 'enabled')
    at WatermarkOverlay (http://[::1]:5173/resources/js/Pages/GalleryShow.tsx?t=1780775237164:34:18)
    at renderWithHooks (http://[::1]:5173/node_modules/.vite/deps/chunk-LPF6KSF2.js?v=4934fd6a:11596:26)
    at mountIndeterminateComponent (http://[::1]:5173/node_modules/.vite/deps/chunk-LPF6KSF2.js?v=4934fd6a:14974:21)
    at beginWork (http://[::1]:5173/node_modules/.vite/deps/chunk-LPF6KSF2.js?v=4934fd6a:15962:22)
    at HTMLUnknownElement.callCallback2 (http://[::1]:5173/node_modules/.vite/deps/chunk-LPF6KSF2.js?v=4934fd6a:3680:22)
    at Object.invokeGuardedCallbackDev (http://[::1]:5173/node_modules/.vite/deps/chunk-LPF6KSF2.js?v=4934fd6a:3705:24)
    at invokeGuardedCallback (http://[::1]:5173/node_modules/.vite/deps/chunk-LPF6KSF2.js?v=4934fd6a:3739:39)
    at beginWork$1 (http://[::1]:5173/node_modules/.vite/deps/chunk-LPF6KSF2.js?v=4934fd6a:19818:15)
    at performUnitOfWork (http://[::1]:5173/node_modules/.vite/deps/chunk-LPF6KSF2.js?v=4934fd6a:19251:20)
    at workLoopSync (http://[::1]:5173/node_modules/.vite/deps/chunk-LPF6KSF2.js?v=4934fd6a:19190:13)
[  323758ms] TypeError: Cannot read properties of undefined (reading 'enabled')
    at WatermarkOverlay (http://[::1]:5173/resources/js/Pages/GalleryShow.tsx?t=1780775237164:34:18)
    at renderWithHooks (http://[::1]:5173/node_modules/.vite/deps/chunk-LPF6KSF2.js?v=4934fd6a:11596:26)
    at mountIndeterminateComponent (http://[::1]:5173/node_modules/.vite/deps/chunk-LPF6KSF2.js?v=4934fd6a:14974:21)
    at beginWork (http://[::1]:5173/node_modules/.vite/deps/chunk-LPF6KSF2.js?v=4934fd6a:15962:22)
    at HTMLUnknownElement.callCallback2 (http://[::1]:5173/node_modules/.vite/deps/chunk-LPF6KSF2.js?v=4934fd6a:3680:22)
    at Object.invokeGuardedCallbackDev (http://[::1]:5173/node_modules/.vite/deps/chunk-LPF6KSF2.js?v=4934fd6a:3705:24)
    at invokeGuardedCallback (http://[::1]:5173/node_modules/.vite/deps/chunk-LPF6KSF2.js?v=4934fd6a:3739:39)
    at beginWork$1 (http://[::1]:5173/node_modules/.vite/deps/chunk-LPF6KSF2.js?v=4934fd6a:19818:15)
    at performUnitOfWork (http://[::1]:5173/node_modules/.vite/deps/chunk-LPF6KSF2.js?v=4934fd6a:19251:20)
    at workLoopSync (http://[::1]:5173/node_modules/.vite/deps/chunk-LPF6KSF2.js?v=4934fd6a:19190:13)
[  323759ms] TypeError: Cannot read properties of undefined (reading 'enabled')
    at WatermarkOverlay (http://[::1]:5173/resources/js/Pages/GalleryShow.tsx?t=1780775237164:34:18)
    at renderWithHooks (http://[::1]:5173/node_modules/.vite/deps/chunk-LPF6KSF2.js?v=4934fd6a:11596:26)
    at mountIndeterminateComponent (http://[::1]:5173/node_modules/.vite/deps/chunk-LPF6KSF2.js?v=4934fd6a:14974:21)
    at beginWork (http://[::1]:5173/node_modules/.vite/deps/chunk-LPF6KSF2.js?v=4934fd6a:15962:22)
    at HTMLUnknownElement.callCallback2 (http://[::1]:5173/node_modules/.vite/deps/chunk-LPF6KSF2.js?v=4934fd6a:3680:22)
    at Object.invokeGuardedCallbackDev (http://[::1]:5173/node_modules/.vite/deps/chunk-LPF6KSF2.js?v=4934fd6a:3705:24)
    at invokeGuardedCallback (http://[::1]:5173/node_modules/.vite/deps/chunk-LPF6KSF2.js?v=4934fd6a:3739:39)
    at beginWork$1 (http://[::1]:5173/node_modules/.vite/deps/chunk-LPF6KSF2.js?v=4934fd6a:19818:15)
    at performUnitOfWork (http://[::1]:5173/node_modules/.vite/deps/chunk-LPF6KSF2.js?v=4934fd6a:19251:20)
    at workLoopSync (http://[::1]:5173/node_modules/.vite/deps/chunk-LPF6KSF2.js?v=4934fd6a:19190:13)
[  323760ms] TypeError: Cannot read properties of undefined (reading 'enabled')
    at WatermarkOverlay (http://[::1]:5173/resources/js/Pages/GalleryShow.tsx?t=1780775237164:34:18)
    at renderWithHooks (http://[::1]:5173/node_modules/.vite/deps/chunk-LPF6KSF2.js?v=4934fd6a:11596:26)
    at mountIndeterminateComponent (http://[::1]:5173/node_modules/.vite/deps/chunk-LPF6KSF2.js?v=4934fd6a:14974:21)
    at beginWork (http://[::1]:5173/node_modules/.vite/deps/chunk-LPF6KSF2.js?v=4934fd6a:15962:22)
    at HTMLUnknownElement.callCallback2 (http://[::1]:5173/node_modules/.vite/deps/chunk-LPF6KSF2.js?v=4934fd6a:3680:22)
    at Object.invokeGuardedCallbackDev (http://[::1]:5173/node_modules/.vite/deps/chunk-LPF6KSF2.js?v=4934fd6a:3705:24)
    at invokeGuardedCallback (http://[::1]:5173/node_modules/.vite/deps/chunk-LPF6KSF2.js?v=4934fd6a:3739:39)
    at beginWork$1 (http://[::1]:5173/node_modules/.vite/deps/chunk-LPF6KSF2.js?v=4934fd6a:19818:15)
    at performUnitOfWork (http://[::1]:5173/node_modules/.vite/deps/chunk-LPF6KSF2.js?v=4934fd6a:19251:20)
    at workLoopSync (http://[::1]:5173/node_modules/.vite/deps/chunk-LPF6KSF2.js?v=4934fd6a:19190:13)
[  323762ms] TypeError: Cannot read properties of undefined (reading 'enabled')
    at WatermarkOverlay (http://[::1]:5173/resources/js/Pages/GalleryShow.tsx?t=1780775237164:34:18)
    at renderWithHooks (http://[::1]:5173/node_modules/.vite/deps/chunk-LPF6KSF2.js?v=4934fd6a:11596:26)
    at mountIndeterminateComponent (http://[::1]:5173/node_modules/.vite/deps/chunk-LPF6KSF2.js?v=4934fd6a:14974:21)
    at beginWork (http://[::1]:5173/node_modules/.vite/deps/chunk-LPF6KSF2.js?v=4934fd6a:15962:22)
    at HTMLUnknownElement.callCallback2 (http://[::1]:5173/node_modules/.vite/deps/chunk-LPF6KSF2.js?v=4934fd6a:3680:22)
    at Object.invokeGuardedCallbackDev (http://[::1]:5173/node_modules/.vite/deps/chunk-LPF6KSF2.js?v=4934fd6a:3705:24)
    at invokeGuardedCallback (http://[::1]:5173/node_modules/.vite/deps/chunk-LPF6KSF2.js?v=4934fd6a:3739:39)
    at beginWork$1 (http://[::1]:5173/node_modules/.vite/deps/chunk-LPF6KSF2.js?v=4934fd6a:19818:15)
    at performUnitOfWork (http://[::1]:5173/node_modules/.vite/deps/chunk-LPF6KSF2.js?v=4934fd6a:19251:20)
    at workLoopSync (http://[::1]:5173/node_modules/.vite/deps/chunk-LPF6KSF2.js?v=4934fd6a:19190:13)
[  323762ms] TypeError: Cannot read properties of undefined (reading 'enabled')
    at WatermarkOverlay (http://[::1]:5173/resources/js/Pages/GalleryShow.tsx?t=1780775237164:34:18)
    at renderWithHooks (http://[::1]:5173/node_modules/.vite/deps/chunk-LPF6KSF2.js?v=4934fd6a:11596:26)
    at mountIndeterminateComponent (http://[::1]:5173/node_modules/.vite/deps/chunk-LPF6KSF2.js?v=4934fd6a:14974:21)
    at beginWork (http://[::1]:5173/node_modules/.vite/deps/chunk-LPF6KSF2.js?v=4934fd6a:15962:22)
    at HTMLUnknownElement.callCallback2 (http://[::1]:5173/node_modules/.vite/deps/chunk-LPF6KSF2.js?v=4934fd6a:3680:22)
    at Object.invokeGuardedCallbackDev (http://[::1]:5173/node_modules/.vite/deps/chunk-LPF6KSF2.js?v=4934fd6a:3705:24)
    at invokeGuardedCallback (http://[::1]:5173/node_modules/.vite/deps/chunk-LPF6KSF2.js?v=4934fd6a:3739:39)
    at beginWork$1 (http://[::1]:5173/node_modules/.vite/deps/chunk-LPF6KSF2.js?v=4934fd6a:19818:15)
    at performUnitOfWork (http://[::1]:5173/node_modules/.vite/deps/chunk-LPF6KSF2.js?v=4934fd6a:19251:20)
    at workLoopSync (http://[::1]:5173/node_modules/.vite/deps/chunk-LPF6KSF2.js?v=4934fd6a:19190:13)
[  323763ms] TypeError: Cannot read properties of undefined (reading 'enabled')
    at WatermarkOverlay (http://[::1]:5173/resources/js/Pages/GalleryShow.tsx?t=1780775237164:34:18)
    at renderWithHooks (http://[::1]:5173/node_modules/.vite/deps/chunk-LPF6KSF2.js?v=4934fd6a:11596:26)
    at mountIndeterminateComponent (http://[::1]:5173/node_modules/.vite/deps/chunk-LPF6KSF2.js?v=4934fd6a:14974:21)
    at beginWork (http://[::1]:5173/node_modules/.vite/deps/chunk-LPF6KSF2.js?v=4934fd6a:15962:22)
    at HTMLUnknownElement.callCallback2 (http://[::1]:5173/node_modules/.vite/deps/chunk-LPF6KSF2.js?v=4934fd6a:3680:22)
    at Object.invokeGuardedCallbackDev (http://[::1]:5173/node_modules/.vite/deps/chunk-LPF6KSF2.js?v=4934fd6a:3705:24)
    at invokeGuardedCallback (http://[::1]:5173/node_modules/.vite/deps/chunk-LPF6KSF2.js?v=4934fd6a:3739:39)
    at beginWork$1 (http://[::1]:5173/node_modules/.vite/deps/chunk-LPF6KSF2.js?v=4934fd6a:19818:15)
    at performUnitOfWork (http://[::1]:5173/node_modules/.vite/deps/chunk-LPF6KSF2.js?v=4934fd6a:19251:20)
    at workLoopSync (http://[::1]:5173/node_modules/.vite/deps/chunk-LPF6KSF2.js?v=4934fd6a:19190:13)
[  323764ms] TypeError: Cannot read properties of undefined (reading 'enabled')
    at WatermarkOverlay (http://[::1]:5173/resources/js/Pages/GalleryShow.tsx?t=1780775237164:34:18)
    at renderWithHooks (http://[::1]:5173/node_modules/.vite/deps/chunk-LPF6KSF2.js?v=4934fd6a:11596:26)
    at mountIndeterminateComponent (http://[::1]:5173/node_modules/.vite/deps/chunk-LPF6KSF2.js?v=4934fd6a:14974:21)
    at beginWork (http://[::1]:5173/node_modules/.vite/deps/chunk-LPF6KSF2.js?v=4934fd6a:15962:22)
    at HTMLUnknownElement.callCallback2 (http://[::1]:5173/node_modules/.vite/deps/chunk-LPF6KSF2.js?v=4934fd6a:3680:22)
    at Object.invokeGuardedCallbackDev (http://[::1]:5173/node_modules/.vite/deps/chunk-LPF6KSF2.js?v=4934fd6a:3705:24)
    at invokeGuardedCallback (http://[::1]:5173/node_modules/.vite/deps/chunk-LPF6KSF2.js?v=4934fd6a:3739:39)
    at beginWork$1 (http://[::1]:5173/node_modules/.vite/deps/chunk-LPF6KSF2.js?v=4934fd6a:19818:15)
    at performUnitOfWork (http://[::1]:5173/node_modules/.vite/deps/chunk-LPF6KSF2.js?v=4934fd6a:19251:20)
    at workLoopSync (http://[::1]:5173/node_modules/.vite/deps/chunk-LPF6KSF2.js?v=4934fd6a:19190:13)
[  323765ms] TypeError: Cannot read properties of undefined (reading 'enabled')
    at WatermarkOverlay (http://[::1]:5173/resources/js/Pages/GalleryShow.tsx?t=1780775237164:34:18)
    at renderWithHooks (http://[::1]:5173/node_modules/.vite/deps/chunk-LPF6KSF2.js?v=4934fd6a:11596:26)
    at mountIndeterminateComponent (http://[::1]:5173/node_modules/.vite/deps/chunk-LPF6KSF2.js?v=4934fd6a:14974:21)
    at beginWork (http://[::1]:5173/node_modules/.vite/deps/chunk-LPF6KSF2.js?v=4934fd6a:15962:22)
    at HTMLUnknownElement.callCallback2 (http://[::1]:5173/node_modules/.vite/deps/chunk-LPF6KSF2.js?v=4934fd6a:3680:22)
    at Object.invokeGuardedCallbackDev (http://[::1]:5173/node_modules/.vite/deps/chunk-LPF6KSF2.js?v=4934fd6a:3705:24)
    at invokeGuardedCallback (http://[::1]:5173/node_modules/.vite/deps/chunk-LPF6KSF2.js?v=4934fd6a:3739:39)
    at beginWork$1 (http://[::1]:5173/node_modules/.vite/deps/chunk-LPF6KSF2.js?v=4934fd6a:19818:15)
    at performUnitOfWork (http://[::1]:5173/node_modules/.vite/deps/chunk-LPF6KSF2.js?v=4934fd6a:19251:20)
    at workLoopSync (http://[::1]:5173/node_modules/.vite/deps/chunk-LPF6KSF2.js?v=4934fd6a:19190:13)
[  323766ms] TypeError: Cannot read properties of undefined (reading 'enabled')
    at WatermarkOverlay (http://[::1]:5173/resources/js/Pages/GalleryShow.tsx?t=1780775237164:34:18)
    at renderWithHooks (http://[::1]:5173/node_modules/.vite/deps/chunk-LPF6KSF2.js?v=4934fd6a:11596:26)
    at mountIndeterminateComponent (http://[::1]:5173/node_modules/.vite/deps/chunk-LPF6KSF2.js?v=4934fd6a:14974:21)
    at beginWork (http://[::1]:5173/node_modules/.vite/deps/chunk-LPF6KSF2.js?v=4934fd6a:15962:22)
    at HTMLUnknownElement.callCallback2 (http://[::1]:5173/node_modules/.vite/deps/chunk-LPF6KSF2.js?v=4934fd6a:3680:22)
    at Object.invokeGuardedCallbackDev (http://[::1]:5173/node_modules/.vite/deps/chunk-LPF6KSF2.js?v=4934fd6a:3705:24)
    at invokeGuardedCallback (http://[::1]:5173/node_modules/.vite/deps/chunk-LPF6KSF2.js?v=4934fd6a:3739:39)
    at beginWork$1 (http://[::1]:5173/node_modules/.vite/deps/chunk-LPF6KSF2.js?v=4934fd6a:19818:15)
    at performUnitOfWork (http://[::1]:5173/node_modules/.vite/deps/chunk-LPF6KSF2.js?v=4934fd6a:19251:20)
    at workLoopSync (http://[::1]:5173/node_modules/.vite/deps/chunk-LPF6KSF2.js?v=4934fd6a:19190:13)
[  323767ms] TypeError: Cannot read properties of undefined (reading 'enabled')
    at WatermarkOverlay (http://[::1]:5173/resources/js/Pages/GalleryShow.tsx?t=1780775237164:34:18)
    at renderWithHooks (http://[::1]:5173/node_modules/.vite/deps/chunk-LPF6KSF2.js?v=4934fd6a:11596:26)
    at mountIndeterminateComponent (http://[::1]:5173/node_modules/.vite/deps/chunk-LPF6KSF2.js?v=4934fd6a:14974:21)
    at beginWork (http://[::1]:5173/node_modules/.vite/deps/chunk-LPF6KSF2.js?v=4934fd6a:15962:22)
    at HTMLUnknownElement.callCallback2 (http://[::1]:5173/node_modules/.vite/deps/chunk-LPF6KSF2.js?v=4934fd6a:3680:22)
    at Object.invokeGuardedCallbackDev (http://[::1]:5173/node_modules/.vite/deps/chunk-LPF6KSF2.js?v=4934fd6a:3705:24)
    at invokeGuardedCallback (http://[::1]:5173/node_modules/.vite/deps/chunk-LPF6KSF2.js?v=4934fd6a:3739:39)
    at beginWork$1 (http://[::1]:5173/node_modules/.vite/deps/chunk-LPF6KSF2.js?v=4934fd6a:19818:15)
    at performUnitOfWork (http://[::1]:5173/node_modules/.vite/deps/chunk-LPF6KSF2.js?v=4934fd6a:19251:20)
    at workLoopSync (http://[::1]:5173/node_modules/.vite/deps/chunk-LPF6KSF2.js?v=4934fd6a:19190:13)
[  323768ms] TypeError: Cannot read properties of undefined (reading 'enabled')
    at WatermarkOverlay (http://[::1]:5173/resources/js/Pages/GalleryShow.tsx?t=1780775237164:34:18)
    at renderWithHooks (http://[::1]:5173/node_modules/.vite/deps/chunk-LPF6KSF2.js?v=4934fd6a:11596:26)
    at mountIndeterminateComponent (http://[::1]:5173/node_modules/.vite/deps/chunk-LPF6KSF2.js?v=4934fd6a:14974:21)
    at beginWork (http://[::1]:5173/node_modules/.vite/deps/chunk-LPF6KSF2.js?v=4934fd6a:15962:22)
    at HTMLUnknownElement.callCallback2 (http://[::1]:5173/node_modules/.vite/deps/chunk-LPF6KSF2.js?v=4934fd6a:3680:22)
    at Object.invokeGuardedCallbackDev (http://[::1]:5173/node_modules/.vite/deps/chunk-LPF6KSF2.js?v=4934fd6a:3705:24)
    at invokeGuardedCallback (http://[::1]:5173/node_modules/.vite/deps/chunk-LPF6KSF2.js?v=4934fd6a:3739:39)
    at beginWork$1 (http://[::1]:5173/node_modules/.vite/deps/chunk-LPF6KSF2.js?v=4934fd6a:19818:15)
    at performUnitOfWork (http://[::1]:5173/node_modules/.vite/deps/chunk-LPF6KSF2.js?v=4934fd6a:19251:20)
    at workLoopSync (http://[::1]:5173/node_modules/.vite/deps/chunk-LPF6KSF2.js?v=4934fd6a:19190:13)
[  323769ms] TypeError: Cannot read properties of undefined (reading 'enabled')
    at WatermarkOverlay (http://[::1]:5173/resources/js/Pages/GalleryShow.tsx?t=1780775237164:34:18)
    at renderWithHooks (http://[::1]:5173/node_modules/.vite/deps/chunk-LPF6KSF2.js?v=4934fd6a:11596:26)
    at mountIndeterminateComponent (http://[::1]:5173/node_modules/.vite/deps/chunk-LPF6KSF2.js?v=4934fd6a:14974:21)
    at beginWork (http://[::1]:5173/node_modules/.vite/deps/chunk-LPF6KSF2.js?v=4934fd6a:15962:22)
    at HTMLUnknownElement.callCallback2 (http://[::1]:5173/node_modules/.vite/deps/chunk-LPF6KSF2.js?v=4934fd6a:3680:22)
    at Object.invokeGuardedCallbackDev (http://[::1]:5173/node_modules/.vite/deps/chunk-LPF6KSF2.js?v=4934fd6a:3705:24)
    at invokeGuardedCallback (http://[::1]:5173/node_modules/.vite/deps/chunk-LPF6KSF2.js?v=4934fd6a:3739:39)
    at beginWork$1 (http://[::1]:5173/node_modules/.vite/deps/chunk-LPF6KSF2.js?v=4934fd6a:19818:15)
    at performUnitOfWork (http://[::1]:5173/node_modules/.vite/deps/chunk-LPF6KSF2.js?v=4934fd6a:19251:20)
    at workLoopSync (http://[::1]:5173/node_modules/.vite/deps/chunk-LPF6KSF2.js?v=4934fd6a:19190:13)
[  323771ms] TypeError: Cannot read properties of undefined (reading 'enabled')
    at WatermarkOverlay (http://[::1]:5173/resources/js/Pages/GalleryShow.tsx?t=1780775237164:34:18)
    at renderWithHooks (http://[::1]:5173/node_modules/.vite/deps/chunk-LPF6KSF2.js?v=4934fd6a:11596:26)
    at mountIndeterminateComponent (http://[::1]:5173/node_modules/.vite/deps/chunk-LPF6KSF2.js?v=4934fd6a:14974:21)
    at beginWork (http://[::1]:5173/node_modules/.vite/deps/chunk-LPF6KSF2.js?v=4934fd6a:15962:22)
    at HTMLUnknownElement.callCallback2 (http://[::1]:5173/node_modules/.vite/deps/chunk-LPF6KSF2.js?v=4934fd6a:3680:22)
    at Object.invokeGuardedCallbackDev (http://[::1]:5173/node_modules/.vite/deps/chunk-LPF6KSF2.js?v=4934fd6a:3705:24)
    at invokeGuardedCallback (http://[::1]:5173/node_modules/.vite/deps/chunk-LPF6KSF2.js?v=4934fd6a:3739:39)
    at beginWork$1 (http://[::1]:5173/node_modules/.vite/deps/chunk-LPF6KSF2.js?v=4934fd6a:19818:15)
    at performUnitOfWork (http://[::1]:5173/node_modules/.vite/deps/chunk-LPF6KSF2.js?v=4934fd6a:19251:20)
    at workLoopSync (http://[::1]:5173/node_modules/.vite/deps/chunk-LPF6KSF2.js?v=4934fd6a:19190:13)
[  323772ms] TypeError: Cannot read properties of undefined (reading 'enabled')
    at WatermarkOverlay (http://[::1]:5173/resources/js/Pages/GalleryShow.tsx?t=1780775237164:34:18)
    at renderWithHooks (http://[::1]:5173/node_modules/.vite/deps/chunk-LPF6KSF2.js?v=4934fd6a:11596:26)
    at mountIndeterminateComponent (http://[::1]:5173/node_modules/.vite/deps/chunk-LPF6KSF2.js?v=4934fd6a:14974:21)
    at beginWork (http://[::1]:5173/node_modules/.vite/deps/chunk-LPF6KSF2.js?v=4934fd6a:15962:22)
    at HTMLUnknownElement.callCallback2 (http://[::1]:5173/node_modules/.vite/deps/chunk-LPF6KSF2.js?v=4934fd6a:3680:22)
    at Object.invokeGuardedCallbackDev (http://[::1]:5173/node_modules/.vite/deps/chunk-LPF6KSF2.js?v=4934fd6a:3705:24)
    at invokeGuardedCallback (http://[::1]:5173/node_modules/.vite/deps/chunk-LPF6KSF2.js?v=4934fd6a:3739:39)
    at beginWork$1 (http://[::1]:5173/node_modules/.vite/deps/chunk-LPF6KSF2.js?v=4934fd6a:19818:15)
    at performUnitOfWork (http://[::1]:5173/node_modules/.vite/deps/chunk-LPF6KSF2.js?v=4934fd6a:19251:20)
    at workLoopSync (http://[::1]:5173/node_modules/.vite/deps/chunk-LPF6KSF2.js?v=4934fd6a:19190:13)
[  323773ms] TypeError: Cannot read properties of undefined (reading 'enabled')
    at WatermarkOverlay (http://[::1]:5173/resources/js/Pages/GalleryShow.tsx?t=1780775237164:34:18)
    at renderWithHooks (http://[::1]:5173/node_modules/.vite/deps/chunk-LPF6KSF2.js?v=4934fd6a:11596:26)
    at mountIndeterminateComponent (http://[::1]:5173/node_modules/.vite/deps/chunk-LPF6KSF2.js?v=4934fd6a:14974:21)
    at beginWork (http://[::1]:5173/node_modules/.vite/deps/chunk-LPF6KSF2.js?v=4934fd6a:15962:22)
    at HTMLUnknownElement.callCallback2 (http://[::1]:5173/node_modules/.vite/deps/chunk-LPF6KSF2.js?v=4934fd6a:3680:22)
    at Object.invokeGuardedCallbackDev (http://[::1]:5173/node_modules/.vite/deps/chunk-LPF6KSF2.js?v=4934fd6a:3705:24)
    at invokeGuardedCallback (http://[::1]:5173/node_modules/.vite/deps/chunk-LPF6KSF2.js?v=4934fd6a:3739:39)
    at beginWork$1 (http://[::1]:5173/node_modules/.vite/deps/chunk-LPF6KSF2.js?v=4934fd6a:19818:15)
    at performUnitOfWork (http://[::1]:5173/node_modules/.vite/deps/chunk-LPF6KSF2.js?v=4934fd6a:19251:20)
    at workLoopSync (http://[::1]:5173/node_modules/.vite/deps/chunk-LPF6KSF2.js?v=4934fd6a:19190:13)
[  323774ms] TypeError: Cannot read properties of undefined (reading 'enabled')
    at WatermarkOverlay (http://[::1]:5173/resources/js/Pages/GalleryShow.tsx?t=1780775237164:34:18)
    at renderWithHooks (http://[::1]:5173/node_modules/.vite/deps/chunk-LPF6KSF2.js?v=4934fd6a:11596:26)
    at mountIndeterminateComponent (http://[::1]:5173/node_modules/.vite/deps/chunk-LPF6KSF2.js?v=4934fd6a:14974:21)
    at beginWork (http://[::1]:5173/node_modules/.vite/deps/chunk-LPF6KSF2.js?v=4934fd6a:15962:22)
    at HTMLUnknownElement.callCallback2 (http://[::1]:5173/node_modules/.vite/deps/chunk-LPF6KSF2.js?v=4934fd6a:3680:22)
    at Object.invokeGuardedCallbackDev (http://[::1]:5173/node_modules/.vite/deps/chunk-LPF6KSF2.js?v=4934fd6a:3705:24)
    at invokeGuardedCallback (http://[::1]:5173/node_modules/.vite/deps/chunk-LPF6KSF2.js?v=4934fd6a:3739:39)
    at beginWork$1 (http://[::1]:5173/node_modules/.vite/deps/chunk-LPF6KSF2.js?v=4934fd6a:19818:15)
    at performUnitOfWork (http://[::1]:5173/node_modules/.vite/deps/chunk-LPF6KSF2.js?v=4934fd6a:19251:20)
    at workLoopSync (http://[::1]:5173/node_modules/.vite/deps/chunk-LPF6KSF2.js?v=4934fd6a:19190:13)
[  323775ms] TypeError: Cannot read properties of undefined (reading 'enabled')
    at WatermarkOverlay (http://[::1]:5173/resources/js/Pages/GalleryShow.tsx?t=1780775237164:34:18)
    at renderWithHooks (http://[::1]:5173/node_modules/.vite/deps/chunk-LPF6KSF2.js?v=4934fd6a:11596:26)
    at mountIndeterminateComponent (http://[::1]:5173/node_modules/.vite/deps/chunk-LPF6KSF2.js?v=4934fd6a:14974:21)
    at beginWork (http://[::1]:5173/node_modules/.vite/deps/chunk-LPF6KSF2.js?v=4934fd6a:15962:22)
    at HTMLUnknownElement.callCallback2 (http://[::1]:5173/node_modules/.vite/deps/chunk-LPF6KSF2.js?v=4934fd6a:3680:22)
    at Object.invokeGuardedCallbackDev (http://[::1]:5173/node_modules/.vite/deps/chunk-LPF6KSF2.js?v=4934fd6a:3705:24)
    at invokeGuardedCallback (http://[::1]:5173/node_modules/.vite/deps/chunk-LPF6KSF2.js?v=4934fd6a:3739:39)
    at beginWork$1 (http://[::1]:5173/node_modules/.vite/deps/chunk-LPF6KSF2.js?v=4934fd6a:19818:15)
    at performUnitOfWork (http://[::1]:5173/node_modules/.vite/deps/chunk-LPF6KSF2.js?v=4934fd6a:19251:20)
    at workLoopSync (http://[::1]:5173/node_modules/.vite/deps/chunk-LPF6KSF2.js?v=4934fd6a:19190:13)
[  323776ms] TypeError: Cannot read properties of undefined (reading 'enabled')
    at WatermarkOverlay (http://[::1]:5173/resources/js/Pages/GalleryShow.tsx?t=1780775237164:34:18)
    at renderWithHooks (http://[::1]:5173/node_modules/.vite/deps/chunk-LPF6KSF2.js?v=4934fd6a:11596:26)
    at mountIndeterminateComponent (http://[::1]:5173/node_modules/.vite/deps/chunk-LPF6KSF2.js?v=4934fd6a:14974:21)
    at beginWork (http://[::1]:5173/node_modules/.vite/deps/chunk-LPF6KSF2.js?v=4934fd6a:15962:22)
    at HTMLUnknownElement.callCallback2 (http://[::1]:5173/node_modules/.vite/deps/chunk-LPF6KSF2.js?v=4934fd6a:3680:22)
    at Object.invokeGuardedCallbackDev (http://[::1]:5173/node_modules/.vite/deps/chunk-LPF6KSF2.js?v=4934fd6a:3705:24)
    at invokeGuardedCallback (http://[::1]:5173/node_modules/.vite/deps/chunk-LPF6KSF2.js?v=4934fd6a:3739:39)
    at beginWork$1 (http://[::1]:5173/node_modules/.vite/deps/chunk-LPF6KSF2.js?v=4934fd6a:19818:15)
    at performUnitOfWork (http://[::1]:5173/node_modules/.vite/deps/chunk-LPF6KSF2.js?v=4934fd6a:19251:20)
    at workLoopSync (http://[::1]:5173/node_modules/.vite/deps/chunk-LPF6KSF2.js?v=4934fd6a:19190:13)
[  323777ms] TypeError: Cannot read properties of undefined (reading 'enabled')
    at WatermarkOverlay (http://[::1]:5173/resources/js/Pages/GalleryShow.tsx?t=1780775237164:34:18)
    at renderWithHooks (http://[::1]:5173/node_modules/.vite/deps/chunk-LPF6KSF2.js?v=4934fd6a:11596:26)
    at mountIndeterminateComponent (http://[::1]:5173/node_modules/.vite/deps/chunk-LPF6KSF2.js?v=4934fd6a:14974:21)
    at beginWork (http://[::1]:5173/node_modules/.vite/deps/chunk-LPF6KSF2.js?v=4934fd6a:15962:22)
    at HTMLUnknownElement.callCallback2 (http://[::1]:5173/node_modules/.vite/deps/chunk-LPF6KSF2.js?v=4934fd6a:3680:22)
    at Object.invokeGuardedCallbackDev (http://[::1]:5173/node_modules/.vite/deps/chunk-LPF6KSF2.js?v=4934fd6a:3705:24)
    at invokeGuardedCallback (http://[::1]:5173/node_modules/.vite/deps/chunk-LPF6KSF2.js?v=4934fd6a:3739:39)
    at beginWork$1 (http://[::1]:5173/node_modules/.vite/deps/chunk-LPF6KSF2.js?v=4934fd6a:19818:15)
    at performUnitOfWork (http://[::1]:5173/node_modules/.vite/deps/chunk-LPF6KSF2.js?v=4934fd6a:19251:20)
    at workLoopSync (http://[::1]:5173/node_modules/.vite/deps/chunk-LPF6KSF2.js?v=4934fd6a:19190:13)
[  323778ms] TypeError: Cannot read properties of undefined (reading 'enabled')
    at WatermarkOverlay (http://[::1]:5173/resources/js/Pages/GalleryShow.tsx?t=1780775237164:34:18)
    at renderWithHooks (http://[::1]:5173/node_modules/.vite/deps/chunk-LPF6KSF2.js?v=4934fd6a:11596:26)
    at mountIndeterminateComponent (http://[::1]:5173/node_modules/.vite/deps/chunk-LPF6KSF2.js?v=4934fd6a:14974:21)
    at beginWork (http://[::1]:5173/node_modules/.vite/deps/chunk-LPF6KSF2.js?v=4934fd6a:15962:22)
    at HTMLUnknownElement.callCallback2 (http://[::1]:5173/node_modules/.vite/deps/chunk-LPF6KSF2.js?v=4934fd6a:3680:22)
    at Object.invokeGuardedCallbackDev (http://[::1]:5173/node_modules/.vite/deps/chunk-LPF6KSF2.js?v=4934fd6a:3705:24)
    at invokeGuardedCallback (http://[::1]:5173/node_modules/.vite/deps/chunk-LPF6KSF2.js?v=4934fd6a:3739:39)
    at beginWork$1 (http://[::1]:5173/node_modules/.vite/deps/chunk-LPF6KSF2.js?v=4934fd6a:19818:15)
    at performUnitOfWork (http://[::1]:5173/node_modules/.vite/deps/chunk-LPF6KSF2.js?v=4934fd6a:19251:20)
    at workLoopSync (http://[::1]:5173/node_modules/.vite/deps/chunk-LPF6KSF2.js?v=4934fd6a:19190:13)
[  323781ms] TypeError: Cannot read properties of undefined (reading 'enabled')
    at WatermarkOverlay (http://[::1]:5173/resources/js/Pages/GalleryShow.tsx?t=1780775237164:34:18)
    at renderWithHooks (http://[::1]:5173/node_modules/.vite/deps/chunk-LPF6KSF2.js?v=4934fd6a:11596:26)
    at mountIndeterminateComponent (http://[::1]:5173/node_modules/.vite/deps/chunk-LPF6KSF2.js?v=4934fd6a:14974:21)
    at beginWork (http://[::1]:5173/node_modules/.vite/deps/chunk-LPF6KSF2.js?v=4934fd6a:15962:22)
    at HTMLUnknownElement.callCallback2 (http://[::1]:5173/node_modules/.vite/deps/chunk-LPF6KSF2.js?v=4934fd6a:3680:22)
    at Object.invokeGuardedCallbackDev (http://[::1]:5173/node_modules/.vite/deps/chunk-LPF6KSF2.js?v=4934fd6a:3705:24)
    at invokeGuardedCallback (http://[::1]:5173/node_modules/.vite/deps/chunk-LPF6KSF2.js?v=4934fd6a:3739:39)
    at beginWork$1 (http://[::1]:5173/node_modules/.vite/deps/chunk-LPF6KSF2.js?v=4934fd6a:19818:15)
    at performUnitOfWork (http://[::1]:5173/node_modules/.vite/deps/chunk-LPF6KSF2.js?v=4934fd6a:19251:20)
    at workLoopSync (http://[::1]:5173/node_modules/.vite/deps/chunk-LPF6KSF2.js?v=4934fd6a:19190:13)
[  323782ms] TypeError: Cannot read properties of undefined (reading 'enabled')
    at WatermarkOverlay (http://[::1]:5173/resources/js/Pages/GalleryShow.tsx?t=1780775237164:34:18)
    at renderWithHooks (http://[::1]:5173/node_modules/.vite/deps/chunk-LPF6KSF2.js?v=4934fd6a:11596:26)
    at mountIndeterminateComponent (http://[::1]:5173/node_modules/.vite/deps/chunk-LPF6KSF2.js?v=4934fd6a:14974:21)
    at beginWork (http://[::1]:5173/node_modules/.vite/deps/chunk-LPF6KSF2.js?v=4934fd6a:15962:22)
    at HTMLUnknownElement.callCallback2 (http://[::1]:5173/node_modules/.vite/deps/chunk-LPF6KSF2.js?v=4934fd6a:3680:22)
    at Object.invokeGuardedCallbackDev (http://[::1]:5173/node_modules/.vite/deps/chunk-LPF6KSF2.js?v=4934fd6a:3705:24)
    at invokeGuardedCallback (http://[::1]:5173/node_modules/.vite/deps/chunk-LPF6KSF2.js?v=4934fd6a:3739:39)
    at beginWork$1 (http://[::1]:5173/node_modules/.vite/deps/chunk-LPF6KSF2.js?v=4934fd6a:19818:15)
    at performUnitOfWork (http://[::1]:5173/node_modules/.vite/deps/chunk-LPF6KSF2.js?v=4934fd6a:19251:20)
    at workLoopSync (http://[::1]:5173/node_modules/.vite/deps/chunk-LPF6KSF2.js?v=4934fd6a:19190:13)
[  323782ms] TypeError: Cannot read properties of undefined (reading 'enabled')
    at WatermarkOverlay (http://[::1]:5173/resources/js/Pages/GalleryShow.tsx?t=1780775237164:34:18)
    at renderWithHooks (http://[::1]:5173/node_modules/.vite/deps/chunk-LPF6KSF2.js?v=4934fd6a:11596:26)
    at mountIndeterminateComponent (http://[::1]:5173/node_modules/.vite/deps/chunk-LPF6KSF2.js?v=4934fd6a:14974:21)
    at beginWork (http://[::1]:5173/node_modules/.vite/deps/chunk-LPF6KSF2.js?v=4934fd6a:15962:22)
    at HTMLUnknownElement.callCallback2 (http://[::1]:5173/node_modules/.vite/deps/chunk-LPF6KSF2.js?v=4934fd6a:3680:22)
    at Object.invokeGuardedCallbackDev (http://[::1]:5173/node_modules/.vite/deps/chunk-LPF6KSF2.js?v=4934fd6a:3705:24)
    at invokeGuardedCallback (http://[::1]:5173/node_modules/.vite/deps/chunk-LPF6KSF2.js?v=4934fd6a:3739:39)
    at beginWork$1 (http://[::1]:5173/node_modules/.vite/deps/chunk-LPF6KSF2.js?v=4934fd6a:19818:15)
    at performUnitOfWork (http://[::1]:5173/node_modules/.vite/deps/chunk-LPF6KSF2.js?v=4934fd6a:19251:20)
    at workLoopSync (http://[::1]:5173/node_modules/.vite/deps/chunk-LPF6KSF2.js?v=4934fd6a:19190:13)
[  323783ms] TypeError: Cannot read properties of undefined (reading 'enabled')
    at WatermarkOverlay (http://[::1]:5173/resources/js/Pages/GalleryShow.tsx?t=1780775237164:34:18)
    at renderWithHooks (http://[::1]:5173/node_modules/.vite/deps/chunk-LPF6KSF2.js?v=4934fd6a:11596:26)
    at mountIndeterminateComponent (http://[::1]:5173/node_modules/.vite/deps/chunk-LPF6KSF2.js?v=4934fd6a:14974:21)
    at beginWork (http://[::1]:5173/node_modules/.vite/deps/chunk-LPF6KSF2.js?v=4934fd6a:15962:22)
    at HTMLUnknownElement.callCallback2 (http://[::1]:5173/node_modules/.vite/deps/chunk-LPF6KSF2.js?v=4934fd6a:3680:22)
    at Object.invokeGuardedCallbackDev (http://[::1]:5173/node_modules/.vite/deps/chunk-LPF6KSF2.js?v=4934fd6a:3705:24)
    at invokeGuardedCallback (http://[::1]:5173/node_modules/.vite/deps/chunk-LPF6KSF2.js?v=4934fd6a:3739:39)
    at beginWork$1 (http://[::1]:5173/node_modules/.vite/deps/chunk-LPF6KSF2.js?v=4934fd6a:19818:15)
    at performUnitOfWork (http://[::1]:5173/node_modules/.vite/deps/chunk-LPF6KSF2.js?v=4934fd6a:19251:20)
    at workLoopSync (http://[::1]:5173/node_modules/.vite/deps/chunk-LPF6KSF2.js?v=4934fd6a:19190:13)
[  323786ms] TypeError: Cannot read properties of undefined (reading 'enabled')
    at WatermarkOverlay (http://[::1]:5173/resources/js/Pages/GalleryShow.tsx?t=1780775237164:34:18)
    at renderWithHooks (http://[::1]:5173/node_modules/.vite/deps/chunk-LPF6KSF2.js?v=4934fd6a:11596:26)
    at mountIndeterminateComponent (http://[::1]:5173/node_modules/.vite/deps/chunk-LPF6KSF2.js?v=4934fd6a:14974:21)
    at beginWork (http://[::1]:5173/node_modules/.vite/deps/chunk-LPF6KSF2.js?v=4934fd6a:15962:22)
    at HTMLUnknownElement.callCallback2 (http://[::1]:5173/node_modules/.vite/deps/chunk-LPF6KSF2.js?v=4934fd6a:3680:22)
    at Object.invokeGuardedCallbackDev (http://[::1]:5173/node_modules/.vite/deps/chunk-LPF6KSF2.js?v=4934fd6a:3705:24)
    at invokeGuardedCallback (http://[::1]:5173/node_modules/.vite/deps/chunk-LPF6KSF2.js?v=4934fd6a:3739:39)
    at beginWork$1 (http://[::1]:5173/node_modules/.vite/deps/chunk-LPF6KSF2.js?v=4934fd6a:19818:15)
    at performUnitOfWork (http://[::1]:5173/node_modules/.vite/deps/chunk-LPF6KSF2.js?v=4934fd6a:19251:20)
    at workLoopSync (http://[::1]:5173/node_modules/.vite/deps/chunk-LPF6KSF2.js?v=4934fd6a:19190:13)
[  323787ms] TypeError: Cannot read properties of undefined (reading 'enabled')
    at WatermarkOverlay (http://[::1]:5173/resources/js/Pages/GalleryShow.tsx?t=1780775237164:34:18)
    at renderWithHooks (http://[::1]:5173/node_modules/.vite/deps/chunk-LPF6KSF2.js?v=4934fd6a:11596:26)
    at mountIndeterminateComponent (http://[::1]:5173/node_modules/.vite/deps/chunk-LPF6KSF2.js?v=4934fd6a:14974:21)
    at beginWork (http://[::1]:5173/node_modules/.vite/deps/chunk-LPF6KSF2.js?v=4934fd6a:15962:22)
    at HTMLUnknownElement.callCallback2 (http://[::1]:5173/node_modules/.vite/deps/chunk-LPF6KSF2.js?v=4934fd6a:3680:22)
    at Object.invokeGuardedCallbackDev (http://[::1]:5173/node_modules/.vite/deps/chunk-LPF6KSF2.js?v=4934fd6a:3705:24)
    at invokeGuardedCallback (http://[::1]:5173/node_modules/.vite/deps/chunk-LPF6KSF2.js?v=4934fd6a:3739:39)
    at beginWork$1 (http://[::1]:5173/node_modules/.vite/deps/chunk-LPF6KSF2.js?v=4934fd6a:19818:15)
    at performUnitOfWork (http://[::1]:5173/node_modules/.vite/deps/chunk-LPF6KSF2.js?v=4934fd6a:19251:20)
    at workLoopSync (http://[::1]:5173/node_modules/.vite/deps/chunk-LPF6KSF2.js?v=4934fd6a:19190:13)
[  323787ms] TypeError: Cannot read properties of undefined (reading 'enabled')
    at WatermarkOverlay (http://[::1]:5173/resources/js/Pages/GalleryShow.tsx?t=1780775237164:34:18)
    at renderWithHooks (http://[::1]:5173/node_modules/.vite/deps/chunk-LPF6KSF2.js?v=4934fd6a:11596:26)
    at mountIndeterminateComponent (http://[::1]:5173/node_modules/.vite/deps/chunk-LPF6KSF2.js?v=4934fd6a:14974:21)
    at beginWork (http://[::1]:5173/node_modules/.vite/deps/chunk-LPF6KSF2.js?v=4934fd6a:15962:22)
    at HTMLUnknownElement.callCallback2 (http://[::1]:5173/node_modules/.vite/deps/chunk-LPF6KSF2.js?v=4934fd6a:3680:22)
    at Object.invokeGuardedCallbackDev (http://[::1]:5173/node_modules/.vite/deps/chunk-LPF6KSF2.js?v=4934fd6a:3705:24)
    at invokeGuardedCallback (http://[::1]:5173/node_modules/.vite/deps/chunk-LPF6KSF2.js?v=4934fd6a:3739:39)
    at beginWork$1 (http://[::1]:5173/node_modules/.vite/deps/chunk-LPF6KSF2.js?v=4934fd6a:19818:15)
    at performUnitOfWork (http://[::1]:5173/node_modules/.vite/deps/chunk-LPF6KSF2.js?v=4934fd6a:19251:20)
    at workLoopSync (http://[::1]:5173/node_modules/.vite/deps/chunk-LPF6KSF2.js?v=4934fd6a:19190:13)
[  323788ms] TypeError: Cannot read properties of undefined (reading 'enabled')
    at WatermarkOverlay (http://[::1]:5173/resources/js/Pages/GalleryShow.tsx?t=1780775237164:34:18)
    at renderWithHooks (http://[::1]:5173/node_modules/.vite/deps/chunk-LPF6KSF2.js?v=4934fd6a:11596:26)
    at mountIndeterminateComponent (http://[::1]:5173/node_modules/.vite/deps/chunk-LPF6KSF2.js?v=4934fd6a:14974:21)
    at beginWork (http://[::1]:5173/node_modules/.vite/deps/chunk-LPF6KSF2.js?v=4934fd6a:15962:22)
    at HTMLUnknownElement.callCallback2 (http://[::1]:5173/node_modules/.vite/deps/chunk-LPF6KSF2.js?v=4934fd6a:3680:22)
    at Object.invokeGuardedCallbackDev (http://[::1]:5173/node_modules/.vite/deps/chunk-LPF6KSF2.js?v=4934fd6a:3705:24)
    at invokeGuardedCallback (http://[::1]:5173/node_modules/.vite/deps/chunk-LPF6KSF2.js?v=4934fd6a:3739:39)
    at beginWork$1 (http://[::1]:5173/node_modules/.vite/deps/chunk-LPF6KSF2.js?v=4934fd6a:19818:15)
    at performUnitOfWork (http://[::1]:5173/node_modules/.vite/deps/chunk-LPF6KSF2.js?v=4934fd6a:19251:20)
    at workLoopSync (http://[::1]:5173/node_modules/.vite/deps/chunk-LPF6KSF2.js?v=4934fd6a:19190:13)
[  323789ms] TypeError: Cannot read properties of undefined (reading 'enabled')
    at WatermarkOverlay (http://[::1]:5173/resources/js/Pages/GalleryShow.tsx?t=1780775237164:34:18)
    at renderWithHooks (http://[::1]:5173/node_modules/.vite/deps/chunk-LPF6KSF2.js?v=4934fd6a:11596:26)
    at mountIndeterminateComponent (http://[::1]:5173/node_modules/.vite/deps/chunk-LPF6KSF2.js?v=4934fd6a:14974:21)
    at beginWork (http://[::1]:5173/node_modules/.vite/deps/chunk-LPF6KSF2.js?v=4934fd6a:15962:22)
    at HTMLUnknownElement.callCallback2 (http://[::1]:5173/node_modules/.vite/deps/chunk-LPF6KSF2.js?v=4934fd6a:3680:22)
    at Object.invokeGuardedCallbackDev (http://[::1]:5173/node_modules/.vite/deps/chunk-LPF6KSF2.js?v=4934fd6a:3705:24)
    at invokeGuardedCallback (http://[::1]:5173/node_modules/.vite/deps/chunk-LPF6KSF2.js?v=4934fd6a:3739:39)
    at beginWork$1 (http://[::1]:5173/node_modules/.vite/deps/chunk-LPF6KSF2.js?v=4934fd6a:19818:15)
    at performUnitOfWork (http://[::1]:5173/node_modules/.vite/deps/chunk-LPF6KSF2.js?v=4934fd6a:19251:20)
    at workLoopSync (http://[::1]:5173/node_modules/.vite/deps/chunk-LPF6KSF2.js?v=4934fd6a:19190:13)
[  323790ms] TypeError: Cannot read properties of undefined (reading 'enabled')
    at WatermarkOverlay (http://[::1]:5173/resources/js/Pages/GalleryShow.tsx?t=1780775237164:34:18)
    at renderWithHooks (http://[::1]:5173/node_modules/.vite/deps/chunk-LPF6KSF2.js?v=4934fd6a:11596:26)
    at mountIndeterminateComponent (http://[::1]:5173/node_modules/.vite/deps/chunk-LPF6KSF2.js?v=4934fd6a:14974:21)
    at beginWork (http://[::1]:5173/node_modules/.vite/deps/chunk-LPF6KSF2.js?v=4934fd6a:15962:22)
    at HTMLUnknownElement.callCallback2 (http://[::1]:5173/node_modules/.vite/deps/chunk-LPF6KSF2.js?v=4934fd6a:3680:22)
    at Object.invokeGuardedCallbackDev (http://[::1]:5173/node_modules/.vite/deps/chunk-LPF6KSF2.js?v=4934fd6a:3705:24)
    at invokeGuardedCallback (http://[::1]:5173/node_modules/.vite/deps/chunk-LPF6KSF2.js?v=4934fd6a:3739:39)
    at beginWork$1 (http://[::1]:5173/node_modules/.vite/deps/chunk-LPF6KSF2.js?v=4934fd6a:19818:15)
    at performUnitOfWork (http://[::1]:5173/node_modules/.vite/deps/chunk-LPF6KSF2.js?v=4934fd6a:19251:20)
    at workLoopSync (http://[::1]:5173/node_modules/.vite/deps/chunk-LPF6KSF2.js?v=4934fd6a:19190:13)
[  323791ms] TypeError: Cannot read properties of undefined (reading 'enabled')
    at WatermarkOverlay (http://[::1]:5173/resources/js/Pages/GalleryShow.tsx?t=1780775237164:34:18)
    at renderWithHooks (http://[::1]:5173/node_modules/.vite/deps/chunk-LPF6KSF2.js?v=4934fd6a:11596:26)
    at mountIndeterminateComponent (http://[::1]:5173/node_modules/.vite/deps/chunk-LPF6KSF2.js?v=4934fd6a:14974:21)
    at beginWork (http://[::1]:5173/node_modules/.vite/deps/chunk-LPF6KSF2.js?v=4934fd6a:15962:22)
    at HTMLUnknownElement.callCallback2 (http://[::1]:5173/node_modules/.vite/deps/chunk-LPF6KSF2.js?v=4934fd6a:3680:22)
    at Object.invokeGuardedCallbackDev (http://[::1]:5173/node_modules/.vite/deps/chunk-LPF6KSF2.js?v=4934fd6a:3705:24)
    at invokeGuardedCallback (http://[::1]:5173/node_modules/.vite/deps/chunk-LPF6KSF2.js?v=4934fd6a:3739:39)
    at beginWork$1 (http://[::1]:5173/node_modules/.vite/deps/chunk-LPF6KSF2.js?v=4934fd6a:19818:15)
    at performUnitOfWork (http://[::1]:5173/node_modules/.vite/deps/chunk-LPF6KSF2.js?v=4934fd6a:19251:20)
    at workLoopSync (http://[::1]:5173/node_modules/.vite/deps/chunk-LPF6KSF2.js?v=4934fd6a:19190:13)
[  323792ms] TypeError: Cannot read properties of undefined (reading 'enabled')
    at WatermarkOverlay (http://[::1]:5173/resources/js/Pages/GalleryShow.tsx?t=1780775237164:34:18)
    at renderWithHooks (http://[::1]:5173/node_modules/.vite/deps/chunk-LPF6KSF2.js?v=4934fd6a:11596:26)
    at mountIndeterminateComponent (http://[::1]:5173/node_modules/.vite/deps/chunk-LPF6KSF2.js?v=4934fd6a:14974:21)
    at beginWork (http://[::1]:5173/node_modules/.vite/deps/chunk-LPF6KSF2.js?v=4934fd6a:15962:22)
    at HTMLUnknownElement.callCallback2 (http://[::1]:5173/node_modules/.vite/deps/chunk-LPF6KSF2.js?v=4934fd6a:3680:22)
    at Object.invokeGuardedCallbackDev (http://[::1]:5173/node_modules/.vite/deps/chunk-LPF6KSF2.js?v=4934fd6a:3705:24)
    at invokeGuardedCallback (http://[::1]:5173/node_modules/.vite/deps/chunk-LPF6KSF2.js?v=4934fd6a:3739:39)
    at beginWork$1 (http://[::1]:5173/node_modules/.vite/deps/chunk-LPF6KSF2.js?v=4934fd6a:19818:15)
    at performUnitOfWork (http://[::1]:5173/node_modules/.vite/deps/chunk-LPF6KSF2.js?v=4934fd6a:19251:20)
    at workLoopSync (http://[::1]:5173/node_modules/.vite/deps/chunk-LPF6KSF2.js?v=4934fd6a:19190:13)
[  323793ms] TypeError: Cannot read properties of undefined (reading 'enabled')
    at WatermarkOverlay (http://[::1]:5173/resources/js/Pages/GalleryShow.tsx?t=1780775237164:34:18)
    at renderWithHooks (http://[::1]:5173/node_modules/.vite/deps/chunk-LPF6KSF2.js?v=4934fd6a:11596:26)
    at mountIndeterminateComponent (http://[::1]:5173/node_modules/.vite/deps/chunk-LPF6KSF2.js?v=4934fd6a:14974:21)
    at beginWork (http://[::1]:5173/node_modules/.vite/deps/chunk-LPF6KSF2.js?v=4934fd6a:15962:22)
    at HTMLUnknownElement.callCallback2 (http://[::1]:5173/node_modules/.vite/deps/chunk-LPF6KSF2.js?v=4934fd6a:3680:22)
    at Object.invokeGuardedCallbackDev (http://[::1]:5173/node_modules/.vite/deps/chunk-LPF6KSF2.js?v=4934fd6a:3705:24)
    at invokeGuardedCallback (http://[::1]:5173/node_modules/.vite/deps/chunk-LPF6KSF2.js?v=4934fd6a:3739:39)
    at beginWork$1 (http://[::1]:5173/node_modules/.vite/deps/chunk-LPF6KSF2.js?v=4934fd6a:19818:15)
    at performUnitOfWork (http://[::1]:5173/node_modules/.vite/deps/chunk-LPF6KSF2.js?v=4934fd6a:19251:20)
    at workLoopSync (http://[::1]:5173/node_modules/.vite/deps/chunk-LPF6KSF2.js?v=4934fd6a:19190:13)
[  323794ms] TypeError: Cannot read properties of undefined (reading 'enabled')
    at WatermarkOverlay (http://[::1]:5173/resources/js/Pages/GalleryShow.tsx?t=1780775237164:34:18)
    at renderWithHooks (http://[::1]:5173/node_modules/.vite/deps/chunk-LPF6KSF2.js?v=4934fd6a:11596:26)
    at mountIndeterminateComponent (http://[::1]:5173/node_modules/.vite/deps/chunk-LPF6KSF2.js?v=4934fd6a:14974:21)
    at beginWork (http://[::1]:5173/node_modules/.vite/deps/chunk-LPF6KSF2.js?v=4934fd6a:15962:22)
    at HTMLUnknownElement.callCallback2 (http://[::1]:5173/node_modules/.vite/deps/chunk-LPF6KSF2.js?v=4934fd6a:3680:22)
    at Object.invokeGuardedCallbackDev (http://[::1]:5173/node_modules/.vite/deps/chunk-LPF6KSF2.js?v=4934fd6a:3705:24)
    at invokeGuardedCallback (http://[::1]:5173/node_modules/.vite/deps/chunk-LPF6KSF2.js?v=4934fd6a:3739:39)
    at beginWork$1 (http://[::1]:5173/node_modules/.vite/deps/chunk-LPF6KSF2.js?v=4934fd6a:19818:15)
    at performUnitOfWork (http://[::1]:5173/node_modules/.vite/deps/chunk-LPF6KSF2.js?v=4934fd6a:19251:20)
    at workLoopSync (http://[::1]:5173/node_modules/.vite/deps/chunk-LPF6KSF2.js?v=4934fd6a:19190:13)
[  323795ms] TypeError: Cannot read properties of undefined (reading 'enabled')
    at WatermarkOverlay (http://[::1]:5173/resources/js/Pages/GalleryShow.tsx?t=1780775237164:34:18)
    at renderWithHooks (http://[::1]:5173/node_modules/.vite/deps/chunk-LPF6KSF2.js?v=4934fd6a:11596:26)
    at mountIndeterminateComponent (http://[::1]:5173/node_modules/.vite/deps/chunk-LPF6KSF2.js?v=4934fd6a:14974:21)
    at beginWork (http://[::1]:5173/node_modules/.vite/deps/chunk-LPF6KSF2.js?v=4934fd6a:15962:22)
    at HTMLUnknownElement.callCallback2 (http://[::1]:5173/node_modules/.vite/deps/chunk-LPF6KSF2.js?v=4934fd6a:3680:22)
    at Object.invokeGuardedCallbackDev (http://[::1]:5173/node_modules/.vite/deps/chunk-LPF6KSF2.js?v=4934fd6a:3705:24)
    at invokeGuardedCallback (http://[::1]:5173/node_modules/.vite/deps/chunk-LPF6KSF2.js?v=4934fd6a:3739:39)
    at beginWork$1 (http://[::1]:5173/node_modules/.vite/deps/chunk-LPF6KSF2.js?v=4934fd6a:19818:15)
    at performUnitOfWork (http://[::1]:5173/node_modules/.vite/deps/chunk-LPF6KSF2.js?v=4934fd6a:19251:20)
    at workLoopSync (http://[::1]:5173/node_modules/.vite/deps/chunk-LPF6KSF2.js?v=4934fd6a:19190:13)
[  323796ms] TypeError: Cannot read properties of undefined (reading 'enabled')
    at WatermarkOverlay (http://[::1]:5173/resources/js/Pages/GalleryShow.tsx?t=1780775237164:34:18)
    at renderWithHooks (http://[::1]:5173/node_modules/.vite/deps/chunk-LPF6KSF2.js?v=4934fd6a:11596:26)
    at mountIndeterminateComponent (http://[::1]:5173/node_modules/.vite/deps/chunk-LPF6KSF2.js?v=4934fd6a:14974:21)
    at beginWork (http://[::1]:5173/node_modules/.vite/deps/chunk-LPF6KSF2.js?v=4934fd6a:15962:22)
    at HTMLUnknownElement.callCallback2 (http://[::1]:5173/node_modules/.vite/deps/chunk-LPF6KSF2.js?v=4934fd6a:3680:22)
    at Object.invokeGuardedCallbackDev (http://[::1]:5173/node_modules/.vite/deps/chunk-LPF6KSF2.js?v=4934fd6a:3705:24)
    at invokeGuardedCallback (http://[::1]:5173/node_modules/.vite/deps/chunk-LPF6KSF2.js?v=4934fd6a:3739:39)
    at beginWork$1 (http://[::1]:5173/node_modules/.vite/deps/chunk-LPF6KSF2.js?v=4934fd6a:19818:15)
    at performUnitOfWork (http://[::1]:5173/node_modules/.vite/deps/chunk-LPF6KSF2.js?v=4934fd6a:19251:20)
    at workLoopSync (http://[::1]:5173/node_modules/.vite/deps/chunk-LPF6KSF2.js?v=4934fd6a:19190:13)
[  323797ms] TypeError: Cannot read properties of undefined (reading 'enabled')
    at WatermarkOverlay (http://[::1]:5173/resources/js/Pages/GalleryShow.tsx?t=1780775237164:34:18)
    at renderWithHooks (http://[::1]:5173/node_modules/.vite/deps/chunk-LPF6KSF2.js?v=4934fd6a:11596:26)
    at mountIndeterminateComponent (http://[::1]:5173/node_modules/.vite/deps/chunk-LPF6KSF2.js?v=4934fd6a:14974:21)
    at beginWork (http://[::1]:5173/node_modules/.vite/deps/chunk-LPF6KSF2.js?v=4934fd6a:15962:22)
    at HTMLUnknownElement.callCallback2 (http://[::1]:5173/node_modules/.vite/deps/chunk-LPF6KSF2.js?v=4934fd6a:3680:22)
    at Object.invokeGuardedCallbackDev (http://[::1]:5173/node_modules/.vite/deps/chunk-LPF6KSF2.js?v=4934fd6a:3705:24)
    at invokeGuardedCallback (http://[::1]:5173/node_modules/.vite/deps/chunk-LPF6KSF2.js?v=4934fd6a:3739:39)
    at beginWork$1 (http://[::1]:5173/node_modules/.vite/deps/chunk-LPF6KSF2.js?v=4934fd6a:19818:15)
    at performUnitOfWork (http://[::1]:5173/node_modules/.vite/deps/chunk-LPF6KSF2.js?v=4934fd6a:19251:20)
    at workLoopSync (http://[::1]:5173/node_modules/.vite/deps/chunk-LPF6KSF2.js?v=4934fd6a:19190:13)
[  323798ms] TypeError: Cannot read properties of undefined (reading 'enabled')
    at WatermarkOverlay (http://[::1]:5173/resources/js/Pages/GalleryShow.tsx?t=1780775237164:34:18)
    at renderWithHooks (http://[::1]:5173/node_modules/.vite/deps/chunk-LPF6KSF2.js?v=4934fd6a:11596:26)
    at mountIndeterminateComponent (http://[::1]:5173/node_modules/.vite/deps/chunk-LPF6KSF2.js?v=4934fd6a:14974:21)
    at beginWork (http://[::1]:5173/node_modules/.vite/deps/chunk-LPF6KSF2.js?v=4934fd6a:15962:22)
    at HTMLUnknownElement.callCallback2 (http://[::1]:5173/node_modules/.vite/deps/chunk-LPF6KSF2.js?v=4934fd6a:3680:22)
    at Object.invokeGuardedCallbackDev (http://[::1]:5173/node_modules/.vite/deps/chunk-LPF6KSF2.js?v=4934fd6a:3705:24)
    at invokeGuardedCallback (http://[::1]:5173/node_modules/.vite/deps/chunk-LPF6KSF2.js?v=4934fd6a:3739:39)
    at beginWork$1 (http://[::1]:5173/node_modules/.vite/deps/chunk-LPF6KSF2.js?v=4934fd6a:19818:15)
    at performUnitOfWork (http://[::1]:5173/node_modules/.vite/deps/chunk-LPF6KSF2.js?v=4934fd6a:19251:20)
    at workLoopSync (http://[::1]:5173/node_modules/.vite/deps/chunk-LPF6KSF2.js?v=4934fd6a:19190:13)
[  323799ms] TypeError: Cannot read properties of undefined (reading 'enabled')
    at WatermarkOverlay (http://[::1]:5173/resources/js/Pages/GalleryShow.tsx?t=1780775237164:34:18)
    at renderWithHooks (http://[::1]:5173/node_modules/.vite/deps/chunk-LPF6KSF2.js?v=4934fd6a:11596:26)
    at mountIndeterminateComponent (http://[::1]:5173/node_modules/.vite/deps/chunk-LPF6KSF2.js?v=4934fd6a:14974:21)
    at beginWork (http://[::1]:5173/node_modules/.vite/deps/chunk-LPF6KSF2.js?v=4934fd6a:15962:22)
    at HTMLUnknownElement.callCallback2 (http://[::1]:5173/node_modules/.vite/deps/chunk-LPF6KSF2.js?v=4934fd6a:3680:22)
    at Object.invokeGuardedCallbackDev (http://[::1]:5173/node_modules/.vite/deps/chunk-LPF6KSF2.js?v=4934fd6a:3705:24)
    at invokeGuardedCallback (http://[::1]:5173/node_modules/.vite/deps/chunk-LPF6KSF2.js?v=4934fd6a:3739:39)
    at beginWork$1 (http://[::1]:5173/node_modules/.vite/deps/chunk-LPF6KSF2.js?v=4934fd6a:19818:15)
    at performUnitOfWork (http://[::1]:5173/node_modules/.vite/deps/chunk-LPF6KSF2.js?v=4934fd6a:19251:20)
    at workLoopSync (http://[::1]:5173/node_modules/.vite/deps/chunk-LPF6KSF2.js?v=4934fd6a:19190:13)
[  323800ms] TypeError: Cannot read properties of undefined (reading 'enabled')
    at WatermarkOverlay (http://[::1]:5173/resources/js/Pages/GalleryShow.tsx?t=1780775237164:34:18)
    at renderWithHooks (http://[::1]:5173/node_modules/.vite/deps/chunk-LPF6KSF2.js?v=4934fd6a:11596:26)
    at mountIndeterminateComponent (http://[::1]:5173/node_modules/.vite/deps/chunk-LPF6KSF2.js?v=4934fd6a:14974:21)
    at beginWork (http://[::1]:5173/node_modules/.vite/deps/chunk-LPF6KSF2.js?v=4934fd6a:15962:22)
    at HTMLUnknownElement.callCallback2 (http://[::1]:5173/node_modules/.vite/deps/chunk-LPF6KSF2.js?v=4934fd6a:3680:22)
    at Object.invokeGuardedCallbackDev (http://[::1]:5173/node_modules/.vite/deps/chunk-LPF6KSF2.js?v=4934fd6a:3705:24)
    at invokeGuardedCallback (http://[::1]:5173/node_modules/.vite/deps/chunk-LPF6KSF2.js?v=4934fd6a:3739:39)
    at beginWork$1 (http://[::1]:5173/node_modules/.vite/deps/chunk-LPF6KSF2.js?v=4934fd6a:19818:15)
    at performUnitOfWork (http://[::1]:5173/node_modules/.vite/deps/chunk-LPF6KSF2.js?v=4934fd6a:19251:20)
    at workLoopSync (http://[::1]:5173/node_modules/.vite/deps/chunk-LPF6KSF2.js?v=4934fd6a:19190:13)
[  323801ms] TypeError: Cannot read properties of undefined (reading 'enabled')
    at WatermarkOverlay (http://[::1]:5173/resources/js/Pages/GalleryShow.tsx?t=1780775237164:34:18)
    at renderWithHooks (http://[::1]:5173/node_modules/.vite/deps/chunk-LPF6KSF2.js?v=4934fd6a:11596:26)
    at mountIndeterminateComponent (http://[::1]:5173/node_modules/.vite/deps/chunk-LPF6KSF2.js?v=4934fd6a:14974:21)
    at beginWork (http://[::1]:5173/node_modules/.vite/deps/chunk-LPF6KSF2.js?v=4934fd6a:15962:22)
    at HTMLUnknownElement.callCallback2 (http://[::1]:5173/node_modules/.vite/deps/chunk-LPF6KSF2.js?v=4934fd6a:3680:22)
    at Object.invokeGuardedCallbackDev (http://[::1]:5173/node_modules/.vite/deps/chunk-LPF6KSF2.js?v=4934fd6a:3705:24)
    at invokeGuardedCallback (http://[::1]:5173/node_modules/.vite/deps/chunk-LPF6KSF2.js?v=4934fd6a:3739:39)
    at beginWork$1 (http://[::1]:5173/node_modules/.vite/deps/chunk-LPF6KSF2.js?v=4934fd6a:19818:15)
    at performUnitOfWork (http://[::1]:5173/node_modules/.vite/deps/chunk-LPF6KSF2.js?v=4934fd6a:19251:20)
    at workLoopSync (http://[::1]:5173/node_modules/.vite/deps/chunk-LPF6KSF2.js?v=4934fd6a:19190:13)
[  323801ms] TypeError: Cannot read properties of undefined (reading 'enabled')
    at WatermarkOverlay (http://[::1]:5173/resources/js/Pages/GalleryShow.tsx?t=1780775237164:34:18)
    at renderWithHooks (http://[::1]:5173/node_modules/.vite/deps/chunk-LPF6KSF2.js?v=4934fd6a:11596:26)
    at mountIndeterminateComponent (http://[::1]:5173/node_modules/.vite/deps/chunk-LPF6KSF2.js?v=4934fd6a:14974:21)
    at beginWork (http://[::1]:5173/node_modules/.vite/deps/chunk-LPF6KSF2.js?v=4934fd6a:15962:22)
    at HTMLUnknownElement.callCallback2 (http://[::1]:5173/node_modules/.vite/deps/chunk-LPF6KSF2.js?v=4934fd6a:3680:22)
    at Object.invokeGuardedCallbackDev (http://[::1]:5173/node_modules/.vite/deps/chunk-LPF6KSF2.js?v=4934fd6a:3705:24)
    at invokeGuardedCallback (http://[::1]:5173/node_modules/.vite/deps/chunk-LPF6KSF2.js?v=4934fd6a:3739:39)
    at beginWork$1 (http://[::1]:5173/node_modules/.vite/deps/chunk-LPF6KSF2.js?v=4934fd6a:19818:15)
    at performUnitOfWork (http://[::1]:5173/node_modules/.vite/deps/chunk-LPF6KSF2.js?v=4934fd6a:19251:20)
    at workLoopSync (http://[::1]:5173/node_modules/.vite/deps/chunk-LPF6KSF2.js?v=4934fd6a:19190:13)
[  323802ms] TypeError: Cannot read properties of undefined (reading 'enabled')
    at WatermarkOverlay (http://[::1]:5173/resources/js/Pages/GalleryShow.tsx?t=1780775237164:34:18)
    at renderWithHooks (http://[::1]:5173/node_modules/.vite/deps/chunk-LPF6KSF2.js?v=4934fd6a:11596:26)
    at mountIndeterminateComponent (http://[::1]:5173/node_modules/.vite/deps/chunk-LPF6KSF2.js?v=4934fd6a:14974:21)
    at beginWork (http://[::1]:5173/node_modules/.vite/deps/chunk-LPF6KSF2.js?v=4934fd6a:15962:22)
    at HTMLUnknownElement.callCallback2 (http://[::1]:5173/node_modules/.vite/deps/chunk-LPF6KSF2.js?v=4934fd6a:3680:22)
    at Object.invokeGuardedCallbackDev (http://[::1]:5173/node_modules/.vite/deps/chunk-LPF6KSF2.js?v=4934fd6a:3705:24)
    at invokeGuardedCallback (http://[::1]:5173/node_modules/.vite/deps/chunk-LPF6KSF2.js?v=4934fd6a:3739:39)
    at beginWork$1 (http://[::1]:5173/node_modules/.vite/deps/chunk-LPF6KSF2.js?v=4934fd6a:19818:15)
    at performUnitOfWork (http://[::1]:5173/node_modules/.vite/deps/chunk-LPF6KSF2.js?v=4934fd6a:19251:20)
    at workLoopSync (http://[::1]:5173/node_modules/.vite/deps/chunk-LPF6KSF2.js?v=4934fd6a:19190:13)
[  323803ms] TypeError: Cannot read properties of undefined (reading 'enabled')
    at WatermarkOverlay (http://[::1]:5173/resources/js/Pages/GalleryShow.tsx?t=1780775237164:34:18)
    at renderWithHooks (http://[::1]:5173/node_modules/.vite/deps/chunk-LPF6KSF2.js?v=4934fd6a:11596:26)
    at mountIndeterminateComponent (http://[::1]:5173/node_modules/.vite/deps/chunk-LPF6KSF2.js?v=4934fd6a:14974:21)
    at beginWork (http://[::1]:5173/node_modules/.vite/deps/chunk-LPF6KSF2.js?v=4934fd6a:15962:22)
    at HTMLUnknownElement.callCallback2 (http://[::1]:5173/node_modules/.vite/deps/chunk-LPF6KSF2.js?v=4934fd6a:3680:22)
    at Object.invokeGuardedCallbackDev (http://[::1]:5173/node_modules/.vite/deps/chunk-LPF6KSF2.js?v=4934fd6a:3705:24)
    at invokeGuardedCallback (http://[::1]:5173/node_modules/.vite/deps/chunk-LPF6KSF2.js?v=4934fd6a:3739:39)
    at beginWork$1 (http://[::1]:5173/node_modules/.vite/deps/chunk-LPF6KSF2.js?v=4934fd6a:19818:15)
    at performUnitOfWork (http://[::1]:5173/node_modules/.vite/deps/chunk-LPF6KSF2.js?v=4934fd6a:19251:20)
    at workLoopSync (http://[::1]:5173/node_modules/.vite/deps/chunk-LPF6KSF2.js?v=4934fd6a:19190:13)
[  323804ms] TypeError: Cannot read properties of undefined (reading 'enabled')
    at WatermarkOverlay (http://[::1]:5173/resources/js/Pages/GalleryShow.tsx?t=1780775237164:34:18)
    at renderWithHooks (http://[::1]:5173/node_modules/.vite/deps/chunk-LPF6KSF2.js?v=4934fd6a:11596:26)
    at mountIndeterminateComponent (http://[::1]:5173/node_modules/.vite/deps/chunk-LPF6KSF2.js?v=4934fd6a:14974:21)
    at beginWork (http://[::1]:5173/node_modules/.vite/deps/chunk-LPF6KSF2.js?v=4934fd6a:15962:22)
    at HTMLUnknownElement.callCallback2 (http://[::1]:5173/node_modules/.vite/deps/chunk-LPF6KSF2.js?v=4934fd6a:3680:22)
    at Object.invokeGuardedCallbackDev (http://[::1]:5173/node_modules/.vite/deps/chunk-LPF6KSF2.js?v=4934fd6a:3705:24)
    at invokeGuardedCallback (http://[::1]:5173/node_modules/.vite/deps/chunk-LPF6KSF2.js?v=4934fd6a:3739:39)
    at beginWork$1 (http://[::1]:5173/node_modules/.vite/deps/chunk-LPF6KSF2.js?v=4934fd6a:19818:15)
    at performUnitOfWork (http://[::1]:5173/node_modules/.vite/deps/chunk-LPF6KSF2.js?v=4934fd6a:19251:20)
    at workLoopSync (http://[::1]:5173/node_modules/.vite/deps/chunk-LPF6KSF2.js?v=4934fd6a:19190:13)
[  323804ms] TypeError: Cannot read properties of undefined (reading 'enabled')
    at WatermarkOverlay (http://[::1]:5173/resources/js/Pages/GalleryShow.tsx?t=1780775237164:34:18)
    at renderWithHooks (http://[::1]:5173/node_modules/.vite/deps/chunk-LPF6KSF2.js?v=4934fd6a:11596:26)
    at mountIndeterminateComponent (http://[::1]:5173/node_modules/.vite/deps/chunk-LPF6KSF2.js?v=4934fd6a:14974:21)
    at beginWork (http://[::1]:5173/node_modules/.vite/deps/chunk-LPF6KSF2.js?v=4934fd6a:15962:22)
    at HTMLUnknownElement.callCallback2 (http://[::1]:5173/node_modules/.vite/deps/chunk-LPF6KSF2.js?v=4934fd6a:3680:22)
    at Object.invokeGuardedCallbackDev (http://[::1]:5173/node_modules/.vite/deps/chunk-LPF6KSF2.js?v=4934fd6a:3705:24)
    at invokeGuardedCallback (http://[::1]:5173/node_modules/.vite/deps/chunk-LPF6KSF2.js?v=4934fd6a:3739:39)
    at beginWork$1 (http://[::1]:5173/node_modules/.vite/deps/chunk-LPF6KSF2.js?v=4934fd6a:19818:15)
    at performUnitOfWork (http://[::1]:5173/node_modules/.vite/deps/chunk-LPF6KSF2.js?v=4934fd6a:19251:20)
    at workLoopSync (http://[::1]:5173/node_modules/.vite/deps/chunk-LPF6KSF2.js?v=4934fd6a:19190:13)
[  323806ms] TypeError: Cannot read properties of undefined (reading 'enabled')
    at WatermarkOverlay (http://[::1]:5173/resources/js/Pages/GalleryShow.tsx?t=1780775237164:34:18)
    at renderWithHooks (http://[::1]:5173/node_modules/.vite/deps/chunk-LPF6KSF2.js?v=4934fd6a:11596:26)
    at mountIndeterminateComponent (http://[::1]:5173/node_modules/.vite/deps/chunk-LPF6KSF2.js?v=4934fd6a:14974:21)
    at beginWork (http://[::1]:5173/node_modules/.vite/deps/chunk-LPF6KSF2.js?v=4934fd6a:15962:22)
    at HTMLUnknownElement.callCallback2 (http://[::1]:5173/node_modules/.vite/deps/chunk-LPF6KSF2.js?v=4934fd6a:3680:22)
    at Object.invokeGuardedCallbackDev (http://[::1]:5173/node_modules/.vite/deps/chunk-LPF6KSF2.js?v=4934fd6a:3705:24)
    at invokeGuardedCallback (http://[::1]:5173/node_modules/.vite/deps/chunk-LPF6KSF2.js?v=4934fd6a:3739:39)
    at beginWork$1 (http://[::1]:5173/node_modules/.vite/deps/chunk-LPF6KSF2.js?v=4934fd6a:19818:15)
    at performUnitOfWork (http://[::1]:5173/node_modules/.vite/deps/chunk-LPF6KSF2.js?v=4934fd6a:19251:20)
    at workLoopSync (http://[::1]:5173/node_modules/.vite/deps/chunk-LPF6KSF2.js?v=4934fd6a:19190:13)
[  323806ms] TypeError: Cannot read properties of undefined (reading 'enabled')
    at WatermarkOverlay (http://[::1]:5173/resources/js/Pages/GalleryShow.tsx?t=1780775237164:34:18)
    at renderWithHooks (http://[::1]:5173/node_modules/.vite/deps/chunk-LPF6KSF2.js?v=4934fd6a:11596:26)
    at mountIndeterminateComponent (http://[::1]:5173/node_modules/.vite/deps/chunk-LPF6KSF2.js?v=4934fd6a:14974:21)
    at beginWork (http://[::1]:5173/node_modules/.vite/deps/chunk-LPF6KSF2.js?v=4934fd6a:15962:22)
    at HTMLUnknownElement.callCallback2 (http://[::1]:5173/node_modules/.vite/deps/chunk-LPF6KSF2.js?v=4934fd6a:3680:22)
    at Object.invokeGuardedCallbackDev (http://[::1]:5173/node_modules/.vite/deps/chunk-LPF6KSF2.js?v=4934fd6a:3705:24)
    at invokeGuardedCallback (http://[::1]:5173/node_modules/.vite/deps/chunk-LPF6KSF2.js?v=4934fd6a:3739:39)
    at beginWork$1 (http://[::1]:5173/node_modules/.vite/deps/chunk-LPF6KSF2.js?v=4934fd6a:19818:15)
    at performUnitOfWork (http://[::1]:5173/node_modules/.vite/deps/chunk-LPF6KSF2.js?v=4934fd6a:19251:20)
    at workLoopSync (http://[::1]:5173/node_modules/.vite/deps/chunk-LPF6KSF2.js?v=4934fd6a:19190:13)
[  323807ms] TypeError: Cannot read properties of undefined (reading 'enabled')
    at WatermarkOverlay (http://[::1]:5173/resources/js/Pages/GalleryShow.tsx?t=1780775237164:34:18)
    at renderWithHooks (http://[::1]:5173/node_modules/.vite/deps/chunk-LPF6KSF2.js?v=4934fd6a:11596:26)
    at mountIndeterminateComponent (http://[::1]:5173/node_modules/.vite/deps/chunk-LPF6KSF2.js?v=4934fd6a:14974:21)
    at beginWork (http://[::1]:5173/node_modules/.vite/deps/chunk-LPF6KSF2.js?v=4934fd6a:15962:22)
    at HTMLUnknownElement.callCallback2 (http://[::1]:5173/node_modules/.vite/deps/chunk-LPF6KSF2.js?v=4934fd6a:3680:22)
    at Object.invokeGuardedCallbackDev (http://[::1]:5173/node_modules/.vite/deps/chunk-LPF6KSF2.js?v=4934fd6a:3705:24)
    at invokeGuardedCallback (http://[::1]:5173/node_modules/.vite/deps/chunk-LPF6KSF2.js?v=4934fd6a:3739:39)
    at beginWork$1 (http://[::1]:5173/node_modules/.vite/deps/chunk-LPF6KSF2.js?v=4934fd6a:19818:15)
    at performUnitOfWork (http://[::1]:5173/node_modules/.vite/deps/chunk-LPF6KSF2.js?v=4934fd6a:19251:20)
    at workLoopSync (http://[::1]:5173/node_modules/.vite/deps/chunk-LPF6KSF2.js?v=4934fd6a:19190:13)
[  323808ms] TypeError: Cannot read properties of undefined (reading 'enabled')
    at WatermarkOverlay (http://[::1]:5173/resources/js/Pages/GalleryShow.tsx?t=1780775237164:34:18)
    at renderWithHooks (http://[::1]:5173/node_modules/.vite/deps/chunk-LPF6KSF2.js?v=4934fd6a:11596:26)
    at mountIndeterminateComponent (http://[::1]:5173/node_modules/.vite/deps/chunk-LPF6KSF2.js?v=4934fd6a:14974:21)
    at beginWork (http://[::1]:5173/node_modules/.vite/deps/chunk-LPF6KSF2.js?v=4934fd6a:15962:22)
    at HTMLUnknownElement.callCallback2 (http://[::1]:5173/node_modules/.vite/deps/chunk-LPF6KSF2.js?v=4934fd6a:3680:22)
    at Object.invokeGuardedCallbackDev (http://[::1]:5173/node_modules/.vite/deps/chunk-LPF6KSF2.js?v=4934fd6a:3705:24)
    at invokeGuardedCallback (http://[::1]:5173/node_modules/.vite/deps/chunk-LPF6KSF2.js?v=4934fd6a:3739:39)
    at beginWork$1 (http://[::1]:5173/node_modules/.vite/deps/chunk-LPF6KSF2.js?v=4934fd6a:19818:15)
    at performUnitOfWork (http://[::1]:5173/node_modules/.vite/deps/chunk-LPF6KSF2.js?v=4934fd6a:19251:20)
    at workLoopSync (http://[::1]:5173/node_modules/.vite/deps/chunk-LPF6KSF2.js?v=4934fd6a:19190:13)
[  323809ms] TypeError: Cannot read properties of undefined (reading 'enabled')
    at WatermarkOverlay (http://[::1]:5173/resources/js/Pages/GalleryShow.tsx?t=1780775237164:34:18)
    at renderWithHooks (http://[::1]:5173/node_modules/.vite/deps/chunk-LPF6KSF2.js?v=4934fd6a:11596:26)
    at mountIndeterminateComponent (http://[::1]:5173/node_modules/.vite/deps/chunk-LPF6KSF2.js?v=4934fd6a:14974:21)
    at beginWork (http://[::1]:5173/node_modules/.vite/deps/chunk-LPF6KSF2.js?v=4934fd6a:15962:22)
    at HTMLUnknownElement.callCallback2 (http://[::1]:5173/node_modules/.vite/deps/chunk-LPF6KSF2.js?v=4934fd6a:3680:22)
    at Object.invokeGuardedCallbackDev (http://[::1]:5173/node_modules/.vite/deps/chunk-LPF6KSF2.js?v=4934fd6a:3705:24)
    at invokeGuardedCallback (http://[::1]:5173/node_modules/.vite/deps/chunk-LPF6KSF2.js?v=4934fd6a:3739:39)
    at beginWork$1 (http://[::1]:5173/node_modules/.vite/deps/chunk-LPF6KSF2.js?v=4934fd6a:19818:15)
    at performUnitOfWork (http://[::1]:5173/node_modules/.vite/deps/chunk-LPF6KSF2.js?v=4934fd6a:19251:20)
    at workLoopSync (http://[::1]:5173/node_modules/.vite/deps/chunk-LPF6KSF2.js?v=4934fd6a:19190:13)
[  323810ms] TypeError: Cannot read properties of undefined (reading 'enabled')
    at WatermarkOverlay (http://[::1]:5173/resources/js/Pages/GalleryShow.tsx?t=1780775237164:34:18)
    at renderWithHooks (http://[::1]:5173/node_modules/.vite/deps/chunk-LPF6KSF2.js?v=4934fd6a:11596:26)
    at mountIndeterminateComponent (http://[::1]:5173/node_modules/.vite/deps/chunk-LPF6KSF2.js?v=4934fd6a:14974:21)
    at beginWork (http://[::1]:5173/node_modules/.vite/deps/chunk-LPF6KSF2.js?v=4934fd6a:15962:22)
    at HTMLUnknownElement.callCallback2 (http://[::1]:5173/node_modules/.vite/deps/chunk-LPF6KSF2.js?v=4934fd6a:3680:22)
    at Object.invokeGuardedCallbackDev (http://[::1]:5173/node_modules/.vite/deps/chunk-LPF6KSF2.js?v=4934fd6a:3705:24)
    at invokeGuardedCallback (http://[::1]:5173/node_modules/.vite/deps/chunk-LPF6KSF2.js?v=4934fd6a:3739:39)
    at beginWork$1 (http://[::1]:5173/node_modules/.vite/deps/chunk-LPF6KSF2.js?v=4934fd6a:19818:15)
    at performUnitOfWork (http://[::1]:5173/node_modules/.vite/deps/chunk-LPF6KSF2.js?v=4934fd6a:19251:20)
    at workLoopSync (http://[::1]:5173/node_modules/.vite/deps/chunk-LPF6KSF2.js?v=4934fd6a:19190:13)
[  323811ms] TypeError: Cannot read properties of undefined (reading 'enabled')
    at WatermarkOverlay (http://[::1]:5173/resources/js/Pages/GalleryShow.tsx?t=1780775237164:34:18)
    at renderWithHooks (http://[::1]:5173/node_modules/.vite/deps/chunk-LPF6KSF2.js?v=4934fd6a:11596:26)
    at mountIndeterminateComponent (http://[::1]:5173/node_modules/.vite/deps/chunk-LPF6KSF2.js?v=4934fd6a:14974:21)
    at beginWork (http://[::1]:5173/node_modules/.vite/deps/chunk-LPF6KSF2.js?v=4934fd6a:15962:22)
    at HTMLUnknownElement.callCallback2 (http://[::1]:5173/node_modules/.vite/deps/chunk-LPF6KSF2.js?v=4934fd6a:3680:22)
    at Object.invokeGuardedCallbackDev (http://[::1]:5173/node_modules/.vite/deps/chunk-LPF6KSF2.js?v=4934fd6a:3705:24)
    at invokeGuardedCallback (http://[::1]:5173/node_modules/.vite/deps/chunk-LPF6KSF2.js?v=4934fd6a:3739:39)
    at beginWork$1 (http://[::1]:5173/node_modules/.vite/deps/chunk-LPF6KSF2.js?v=4934fd6a:19818:15)
    at performUnitOfWork (http://[::1]:5173/node_modules/.vite/deps/chunk-LPF6KSF2.js?v=4934fd6a:19251:20)
    at workLoopSync (http://[::1]:5173/node_modules/.vite/deps/chunk-LPF6KSF2.js?v=4934fd6a:19190:13)
[  323812ms] TypeError: Cannot read properties of undefined (reading 'enabled')
    at WatermarkOverlay (http://[::1]:5173/resources/js/Pages/GalleryShow.tsx?t=1780775237164:34:18)
    at renderWithHooks (http://[::1]:5173/node_modules/.vite/deps/chunk-LPF6KSF2.js?v=4934fd6a:11596:26)
    at mountIndeterminateComponent (http://[::1]:5173/node_modules/.vite/deps/chunk-LPF6KSF2.js?v=4934fd6a:14974:21)
    at beginWork (http://[::1]:5173/node_modules/.vite/deps/chunk-LPF6KSF2.js?v=4934fd6a:15962:22)
    at HTMLUnknownElement.callCallback2 (http://[::1]:5173/node_modules/.vite/deps/chunk-LPF6KSF2.js?v=4934fd6a:3680:22)
    at Object.invokeGuardedCallbackDev (http://[::1]:5173/node_modules/.vite/deps/chunk-LPF6KSF2.js?v=4934fd6a:3705:24)
    at invokeGuardedCallback (http://[::1]:5173/node_modules/.vite/deps/chunk-LPF6KSF2.js?v=4934fd6a:3739:39)
    at beginWork$1 (http://[::1]:5173/node_modules/.vite/deps/chunk-LPF6KSF2.js?v=4934fd6a:19818:15)
    at performUnitOfWork (http://[::1]:5173/node_modules/.vite/deps/chunk-LPF6KSF2.js?v=4934fd6a:19251:20)
    at workLoopSync (http://[::1]:5173/node_modules/.vite/deps/chunk-LPF6KSF2.js?v=4934fd6a:19190:13)
[  323813ms] TypeError: Cannot read properties of undefined (reading 'enabled')
    at WatermarkOverlay (http://[::1]:5173/resources/js/Pages/GalleryShow.tsx?t=1780775237164:34:18)
    at renderWithHooks (http://[::1]:5173/node_modules/.vite/deps/chunk-LPF6KSF2.js?v=4934fd6a:11596:26)
    at mountIndeterminateComponent (http://[::1]:5173/node_modules/.vite/deps/chunk-LPF6KSF2.js?v=4934fd6a:14974:21)
    at beginWork (http://[::1]:5173/node_modules/.vite/deps/chunk-LPF6KSF2.js?v=4934fd6a:15962:22)
    at HTMLUnknownElement.callCallback2 (http://[::1]:5173/node_modules/.vite/deps/chunk-LPF6KSF2.js?v=4934fd6a:3680:22)
    at Object.invokeGuardedCallbackDev (http://[::1]:5173/node_modules/.vite/deps/chunk-LPF6KSF2.js?v=4934fd6a:3705:24)
    at invokeGuardedCallback (http://[::1]:5173/node_modules/.vite/deps/chunk-LPF6KSF2.js?v=4934fd6a:3739:39)
    at beginWork$1 (http://[::1]:5173/node_modules/.vite/deps/chunk-LPF6KSF2.js?v=4934fd6a:19818:15)
    at performUnitOfWork (http://[::1]:5173/node_modules/.vite/deps/chunk-LPF6KSF2.js?v=4934fd6a:19251:20)
    at workLoopSync (http://[::1]:5173/node_modules/.vite/deps/chunk-LPF6KSF2.js?v=4934fd6a:19190:13)
[  323814ms] TypeError: Cannot read properties of undefined (reading 'enabled')
    at WatermarkOverlay (http://[::1]:5173/resources/js/Pages/GalleryShow.tsx?t=1780775237164:34:18)
    at renderWithHooks (http://[::1]:5173/node_modules/.vite/deps/chunk-LPF6KSF2.js?v=4934fd6a:11596:26)
    at mountIndeterminateComponent (http://[::1]:5173/node_modules/.vite/deps/chunk-LPF6KSF2.js?v=4934fd6a:14974:21)
    at beginWork (http://[::1]:5173/node_modules/.vite/deps/chunk-LPF6KSF2.js?v=4934fd6a:15962:22)
    at HTMLUnknownElement.callCallback2 (http://[::1]:5173/node_modules/.vite/deps/chunk-LPF6KSF2.js?v=4934fd6a:3680:22)
    at Object.invokeGuardedCallbackDev (http://[::1]:5173/node_modules/.vite/deps/chunk-LPF6KSF2.js?v=4934fd6a:3705:24)
    at invokeGuardedCallback (http://[::1]:5173/node_modules/.vite/deps/chunk-LPF6KSF2.js?v=4934fd6a:3739:39)
    at beginWork$1 (http://[::1]:5173/node_modules/.vite/deps/chunk-LPF6KSF2.js?v=4934fd6a:19818:15)
    at performUnitOfWork (http://[::1]:5173/node_modules/.vite/deps/chunk-LPF6KSF2.js?v=4934fd6a:19251:20)
    at workLoopSync (http://[::1]:5173/node_modules/.vite/deps/chunk-LPF6KSF2.js?v=4934fd6a:19190:13)
[  323814ms] TypeError: Cannot read properties of undefined (reading 'enabled')
    at WatermarkOverlay (http://[::1]:5173/resources/js/Pages/GalleryShow.tsx?t=1780775237164:34:18)
    at renderWithHooks (http://[::1]:5173/node_modules/.vite/deps/chunk-LPF6KSF2.js?v=4934fd6a:11596:26)
    at mountIndeterminateComponent (http://[::1]:5173/node_modules/.vite/deps/chunk-LPF6KSF2.js?v=4934fd6a:14974:21)
    at beginWork (http://[::1]:5173/node_modules/.vite/deps/chunk-LPF6KSF2.js?v=4934fd6a:15962:22)
    at HTMLUnknownElement.callCallback2 (http://[::1]:5173/node_modules/.vite/deps/chunk-LPF6KSF2.js?v=4934fd6a:3680:22)
    at Object.invokeGuardedCallbackDev (http://[::1]:5173/node_modules/.vite/deps/chunk-LPF6KSF2.js?v=4934fd6a:3705:24)
    at invokeGuardedCallback (http://[::1]:5173/node_modules/.vite/deps/chunk-LPF6KSF2.js?v=4934fd6a:3739:39)
    at beginWork$1 (http://[::1]:5173/node_modules/.vite/deps/chunk-LPF6KSF2.js?v=4934fd6a:19818:15)
    at performUnitOfWork (http://[::1]:5173/node_modules/.vite/deps/chunk-LPF6KSF2.js?v=4934fd6a:19251:20)
    at workLoopSync (http://[::1]:5173/node_modules/.vite/deps/chunk-LPF6KSF2.js?v=4934fd6a:19190:13)
[  323815ms] TypeError: Cannot read properties of undefined (reading 'enabled')
    at WatermarkOverlay (http://[::1]:5173/resources/js/Pages/GalleryShow.tsx?t=1780775237164:34:18)
    at renderWithHooks (http://[::1]:5173/node_modules/.vite/deps/chunk-LPF6KSF2.js?v=4934fd6a:11596:26)
    at mountIndeterminateComponent (http://[::1]:5173/node_modules/.vite/deps/chunk-LPF6KSF2.js?v=4934fd6a:14974:21)
    at beginWork (http://[::1]:5173/node_modules/.vite/deps/chunk-LPF6KSF2.js?v=4934fd6a:15962:22)
    at HTMLUnknownElement.callCallback2 (http://[::1]:5173/node_modules/.vite/deps/chunk-LPF6KSF2.js?v=4934fd6a:3680:22)
    at Object.invokeGuardedCallbackDev (http://[::1]:5173/node_modules/.vite/deps/chunk-LPF6KSF2.js?v=4934fd6a:3705:24)
    at invokeGuardedCallback (http://[::1]:5173/node_modules/.vite/deps/chunk-LPF6KSF2.js?v=4934fd6a:3739:39)
    at beginWork$1 (http://[::1]:5173/node_modules/.vite/deps/chunk-LPF6KSF2.js?v=4934fd6a:19818:15)
    at performUnitOfWork (http://[::1]:5173/node_modules/.vite/deps/chunk-LPF6KSF2.js?v=4934fd6a:19251:20)
    at workLoopSync (http://[::1]:5173/node_modules/.vite/deps/chunk-LPF6KSF2.js?v=4934fd6a:19190:13)
[  323816ms] TypeError: Cannot read properties of undefined (reading 'enabled')
    at WatermarkOverlay (http://[::1]:5173/resources/js/Pages/GalleryShow.tsx?t=1780775237164:34:18)
    at renderWithHooks (http://[::1]:5173/node_modules/.vite/deps/chunk-LPF6KSF2.js?v=4934fd6a:11596:26)
    at mountIndeterminateComponent (http://[::1]:5173/node_modules/.vite/deps/chunk-LPF6KSF2.js?v=4934fd6a:14974:21)
    at beginWork (http://[::1]:5173/node_modules/.vite/deps/chunk-LPF6KSF2.js?v=4934fd6a:15962:22)
    at HTMLUnknownElement.callCallback2 (http://[::1]:5173/node_modules/.vite/deps/chunk-LPF6KSF2.js?v=4934fd6a:3680:22)
    at Object.invokeGuardedCallbackDev (http://[::1]:5173/node_modules/.vite/deps/chunk-LPF6KSF2.js?v=4934fd6a:3705:24)
    at invokeGuardedCallback (http://[::1]:5173/node_modules/.vite/deps/chunk-LPF6KSF2.js?v=4934fd6a:3739:39)
    at beginWork$1 (http://[::1]:5173/node_modules/.vite/deps/chunk-LPF6KSF2.js?v=4934fd6a:19818:15)
    at performUnitOfWork (http://[::1]:5173/node_modules/.vite/deps/chunk-LPF6KSF2.js?v=4934fd6a:19251:20)
    at workLoopSync (http://[::1]:5173/node_modules/.vite/deps/chunk-LPF6KSF2.js?v=4934fd6a:19190:13)
[  323817ms] TypeError: Cannot read properties of undefined (reading 'enabled')
    at WatermarkOverlay (http://[::1]:5173/resources/js/Pages/GalleryShow.tsx?t=1780775237164:34:18)
    at renderWithHooks (http://[::1]:5173/node_modules/.vite/deps/chunk-LPF6KSF2.js?v=4934fd6a:11596:26)
    at mountIndeterminateComponent (http://[::1]:5173/node_modules/.vite/deps/chunk-LPF6KSF2.js?v=4934fd6a:14974:21)
    at beginWork (http://[::1]:5173/node_modules/.vite/deps/chunk-LPF6KSF2.js?v=4934fd6a:15962:22)
    at HTMLUnknownElement.callCallback2 (http://[::1]:5173/node_modules/.vite/deps/chunk-LPF6KSF2.js?v=4934fd6a:3680:22)
    at Object.invokeGuardedCallbackDev (http://[::1]:5173/node_modules/.vite/deps/chunk-LPF6KSF2.js?v=4934fd6a:3705:24)
    at invokeGuardedCallback (http://[::1]:5173/node_modules/.vite/deps/chunk-LPF6KSF2.js?v=4934fd6a:3739:39)
    at beginWork$1 (http://[::1]:5173/node_modules/.vite/deps/chunk-LPF6KSF2.js?v=4934fd6a:19818:15)
    at performUnitOfWork (http://[::1]:5173/node_modules/.vite/deps/chunk-LPF6KSF2.js?v=4934fd6a:19251:20)
    at workLoopSync (http://[::1]:5173/node_modules/.vite/deps/chunk-LPF6KSF2.js?v=4934fd6a:19190:13)
[  323818ms] TypeError: Cannot read properties of undefined (reading 'enabled')
    at WatermarkOverlay (http://[::1]:5173/resources/js/Pages/GalleryShow.tsx?t=1780775237164:34:18)
    at renderWithHooks (http://[::1]:5173/node_modules/.vite/deps/chunk-LPF6KSF2.js?v=4934fd6a:11596:26)
    at mountIndeterminateComponent (http://[::1]:5173/node_modules/.vite/deps/chunk-LPF6KSF2.js?v=4934fd6a:14974:21)
    at beginWork (http://[::1]:5173/node_modules/.vite/deps/chunk-LPF6KSF2.js?v=4934fd6a:15962:22)
    at HTMLUnknownElement.callCallback2 (http://[::1]:5173/node_modules/.vite/deps/chunk-LPF6KSF2.js?v=4934fd6a:3680:22)
    at Object.invokeGuardedCallbackDev (http://[::1]:5173/node_modules/.vite/deps/chunk-LPF6KSF2.js?v=4934fd6a:3705:24)
    at invokeGuardedCallback (http://[::1]:5173/node_modules/.vite/deps/chunk-LPF6KSF2.js?v=4934fd6a:3739:39)
    at beginWork$1 (http://[::1]:5173/node_modules/.vite/deps/chunk-LPF6KSF2.js?v=4934fd6a:19818:15)
    at performUnitOfWork (http://[::1]:5173/node_modules/.vite/deps/chunk-LPF6KSF2.js?v=4934fd6a:19251:20)
    at workLoopSync (http://[::1]:5173/node_modules/.vite/deps/chunk-LPF6KSF2.js?v=4934fd6a:19190:13)
[  323818ms] TypeError: Cannot read properties of undefined (reading 'enabled')
    at WatermarkOverlay (http://[::1]:5173/resources/js/Pages/GalleryShow.tsx?t=1780775237164:34:18)
    at renderWithHooks (http://[::1]:5173/node_modules/.vite/deps/chunk-LPF6KSF2.js?v=4934fd6a:11596:26)
    at mountIndeterminateComponent (http://[::1]:5173/node_modules/.vite/deps/chunk-LPF6KSF2.js?v=4934fd6a:14974:21)
    at beginWork (http://[::1]:5173/node_modules/.vite/deps/chunk-LPF6KSF2.js?v=4934fd6a:15962:22)
    at HTMLUnknownElement.callCallback2 (http://[::1]:5173/node_modules/.vite/deps/chunk-LPF6KSF2.js?v=4934fd6a:3680:22)
    at Object.invokeGuardedCallbackDev (http://[::1]:5173/node_modules/.vite/deps/chunk-LPF6KSF2.js?v=4934fd6a:3705:24)
    at invokeGuardedCallback (http://[::1]:5173/node_modules/.vite/deps/chunk-LPF6KSF2.js?v=4934fd6a:3739:39)
    at beginWork$1 (http://[::1]:5173/node_modules/.vite/deps/chunk-LPF6KSF2.js?v=4934fd6a:19818:15)
    at performUnitOfWork (http://[::1]:5173/node_modules/.vite/deps/chunk-LPF6KSF2.js?v=4934fd6a:19251:20)
    at workLoopSync (http://[::1]:5173/node_modules/.vite/deps/chunk-LPF6KSF2.js?v=4934fd6a:19190:13)
[  323819ms] TypeError: Cannot read properties of undefined (reading 'enabled')
    at WatermarkOverlay (http://[::1]:5173/resources/js/Pages/GalleryShow.tsx?t=1780775237164:34:18)
    at renderWithHooks (http://[::1]:5173/node_modules/.vite/deps/chunk-LPF6KSF2.js?v=4934fd6a:11596:26)
    at mountIndeterminateComponent (http://[::1]:5173/node_modules/.vite/deps/chunk-LPF6KSF2.js?v=4934fd6a:14974:21)
    at beginWork (http://[::1]:5173/node_modules/.vite/deps/chunk-LPF6KSF2.js?v=4934fd6a:15962:22)
    at HTMLUnknownElement.callCallback2 (http://[::1]:5173/node_modules/.vite/deps/chunk-LPF6KSF2.js?v=4934fd6a:3680:22)
    at Object.invokeGuardedCallbackDev (http://[::1]:5173/node_modules/.vite/deps/chunk-LPF6KSF2.js?v=4934fd6a:3705:24)
    at invokeGuardedCallback (http://[::1]:5173/node_modules/.vite/deps/chunk-LPF6KSF2.js?v=4934fd6a:3739:39)
    at beginWork$1 (http://[::1]:5173/node_modules/.vite/deps/chunk-LPF6KSF2.js?v=4934fd6a:19818:15)
    at performUnitOfWork (http://[::1]:5173/node_modules/.vite/deps/chunk-LPF6KSF2.js?v=4934fd6a:19251:20)
    at workLoopSync (http://[::1]:5173/node_modules/.vite/deps/chunk-LPF6KSF2.js?v=4934fd6a:19190:13)
[  323820ms] TypeError: Cannot read properties of undefined (reading 'enabled')
    at WatermarkOverlay (http://[::1]:5173/resources/js/Pages/GalleryShow.tsx?t=1780775237164:34:18)
    at renderWithHooks (http://[::1]:5173/node_modules/.vite/deps/chunk-LPF6KSF2.js?v=4934fd6a:11596:26)
    at mountIndeterminateComponent (http://[::1]:5173/node_modules/.vite/deps/chunk-LPF6KSF2.js?v=4934fd6a:14974:21)
    at beginWork (http://[::1]:5173/node_modules/.vite/deps/chunk-LPF6KSF2.js?v=4934fd6a:15962:22)
    at HTMLUnknownElement.callCallback2 (http://[::1]:5173/node_modules/.vite/deps/chunk-LPF6KSF2.js?v=4934fd6a:3680:22)
    at Object.invokeGuardedCallbackDev (http://[::1]:5173/node_modules/.vite/deps/chunk-LPF6KSF2.js?v=4934fd6a:3705:24)
    at invokeGuardedCallback (http://[::1]:5173/node_modules/.vite/deps/chunk-LPF6KSF2.js?v=4934fd6a:3739:39)
    at beginWork$1 (http://[::1]:5173/node_modules/.vite/deps/chunk-LPF6KSF2.js?v=4934fd6a:19818:15)
    at performUnitOfWork (http://[::1]:5173/node_modules/.vite/deps/chunk-LPF6KSF2.js?v=4934fd6a:19251:20)
    at workLoopSync (http://[::1]:5173/node_modules/.vite/deps/chunk-LPF6KSF2.js?v=4934fd6a:19190:13)
[  323821ms] TypeError: Cannot read properties of undefined (reading 'enabled')
    at WatermarkOverlay (http://[::1]:5173/resources/js/Pages/GalleryShow.tsx?t=1780775237164:34:18)
    at renderWithHooks (http://[::1]:5173/node_modules/.vite/deps/chunk-LPF6KSF2.js?v=4934fd6a:11596:26)
    at mountIndeterminateComponent (http://[::1]:5173/node_modules/.vite/deps/chunk-LPF6KSF2.js?v=4934fd6a:14974:21)
    at beginWork (http://[::1]:5173/node_modules/.vite/deps/chunk-LPF6KSF2.js?v=4934fd6a:15962:22)
    at HTMLUnknownElement.callCallback2 (http://[::1]:5173/node_modules/.vite/deps/chunk-LPF6KSF2.js?v=4934fd6a:3680:22)
    at Object.invokeGuardedCallbackDev (http://[::1]:5173/node_modules/.vite/deps/chunk-LPF6KSF2.js?v=4934fd6a:3705:24)
    at invokeGuardedCallback (http://[::1]:5173/node_modules/.vite/deps/chunk-LPF6KSF2.js?v=4934fd6a:3739:39)
    at beginWork$1 (http://[::1]:5173/node_modules/.vite/deps/chunk-LPF6KSF2.js?v=4934fd6a:19818:15)
    at performUnitOfWork (http://[::1]:5173/node_modules/.vite/deps/chunk-LPF6KSF2.js?v=4934fd6a:19251:20)
    at workLoopSync (http://[::1]:5173/node_modules/.vite/deps/chunk-LPF6KSF2.js?v=4934fd6a:19190:13)
[  323822ms] TypeError: Cannot read properties of undefined (reading 'enabled')
    at WatermarkOverlay (http://[::1]:5173/resources/js/Pages/GalleryShow.tsx?t=1780775237164:34:18)
    at renderWithHooks (http://[::1]:5173/node_modules/.vite/deps/chunk-LPF6KSF2.js?v=4934fd6a:11596:26)
    at mountIndeterminateComponent (http://[::1]:5173/node_modules/.vite/deps/chunk-LPF6KSF2.js?v=4934fd6a:14974:21)
    at beginWork (http://[::1]:5173/node_modules/.vite/deps/chunk-LPF6KSF2.js?v=4934fd6a:15962:22)
    at HTMLUnknownElement.callCallback2 (http://[::1]:5173/node_modules/.vite/deps/chunk-LPF6KSF2.js?v=4934fd6a:3680:22)
    at Object.invokeGuardedCallbackDev (http://[::1]:5173/node_modules/.vite/deps/chunk-LPF6KSF2.js?v=4934fd6a:3705:24)
    at invokeGuardedCallback (http://[::1]:5173/node_modules/.vite/deps/chunk-LPF6KSF2.js?v=4934fd6a:3739:39)
    at beginWork$1 (http://[::1]:5173/node_modules/.vite/deps/chunk-LPF6KSF2.js?v=4934fd6a:19818:15)
    at performUnitOfWork (http://[::1]:5173/node_modules/.vite/deps/chunk-LPF6KSF2.js?v=4934fd6a:19251:20)
    at workLoopSync (http://[::1]:5173/node_modules/.vite/deps/chunk-LPF6KSF2.js?v=4934fd6a:19190:13)
[  323823ms] TypeError: Cannot read properties of undefined (reading 'enabled')
    at WatermarkOverlay (http://[::1]:5173/resources/js/Pages/GalleryShow.tsx?t=1780775237164:34:18)
    at renderWithHooks (http://[::1]:5173/node_modules/.vite/deps/chunk-LPF6KSF2.js?v=4934fd6a:11596:26)
    at mountIndeterminateComponent (http://[::1]:5173/node_modules/.vite/deps/chunk-LPF6KSF2.js?v=4934fd6a:14974:21)
    at beginWork (http://[::1]:5173/node_modules/.vite/deps/chunk-LPF6KSF2.js?v=4934fd6a:15962:22)
    at HTMLUnknownElement.callCallback2 (http://[::1]:5173/node_modules/.vite/deps/chunk-LPF6KSF2.js?v=4934fd6a:3680:22)
    at Object.invokeGuardedCallbackDev (http://[::1]:5173/node_modules/.vite/deps/chunk-LPF6KSF2.js?v=4934fd6a:3705:24)
    at invokeGuardedCallback (http://[::1]:5173/node_modules/.vite/deps/chunk-LPF6KSF2.js?v=4934fd6a:3739:39)
    at beginWork$1 (http://[::1]:5173/node_modules/.vite/deps/chunk-LPF6KSF2.js?v=4934fd6a:19818:15)
    at performUnitOfWork (http://[::1]:5173/node_modules/.vite/deps/chunk-LPF6KSF2.js?v=4934fd6a:19251:20)
    at workLoopSync (http://[::1]:5173/node_modules/.vite/deps/chunk-LPF6KSF2.js?v=4934fd6a:19190:13)
[  323824ms] TypeError: Cannot read properties of undefined (reading 'enabled')
    at WatermarkOverlay (http://[::1]:5173/resources/js/Pages/GalleryShow.tsx?t=1780775237164:34:18)
    at renderWithHooks (http://[::1]:5173/node_modules/.vite/deps/chunk-LPF6KSF2.js?v=4934fd6a:11596:26)
    at mountIndeterminateComponent (http://[::1]:5173/node_modules/.vite/deps/chunk-LPF6KSF2.js?v=4934fd6a:14974:21)
    at beginWork (http://[::1]:5173/node_modules/.vite/deps/chunk-LPF6KSF2.js?v=4934fd6a:15962:22)
    at HTMLUnknownElement.callCallback2 (http://[::1]:5173/node_modules/.vite/deps/chunk-LPF6KSF2.js?v=4934fd6a:3680:22)
    at Object.invokeGuardedCallbackDev (http://[::1]:5173/node_modules/.vite/deps/chunk-LPF6KSF2.js?v=4934fd6a:3705:24)
    at invokeGuardedCallback (http://[::1]:5173/node_modules/.vite/deps/chunk-LPF6KSF2.js?v=4934fd6a:3739:39)
    at beginWork$1 (http://[::1]:5173/node_modules/.vite/deps/chunk-LPF6KSF2.js?v=4934fd6a:19818:15)
    at performUnitOfWork (http://[::1]:5173/node_modules/.vite/deps/chunk-LPF6KSF2.js?v=4934fd6a:19251:20)
    at workLoopSync (http://[::1]:5173/node_modules/.vite/deps/chunk-LPF6KSF2.js?v=4934fd6a:19190:13)
[  323824ms] TypeError: Cannot read properties of undefined (reading 'enabled')
    at WatermarkOverlay (http://[::1]:5173/resources/js/Pages/GalleryShow.tsx?t=1780775237164:34:18)
    at renderWithHooks (http://[::1]:5173/node_modules/.vite/deps/chunk-LPF6KSF2.js?v=4934fd6a:11596:26)
    at mountIndeterminateComponent (http://[::1]:5173/node_modules/.vite/deps/chunk-LPF6KSF2.js?v=4934fd6a:14974:21)
    at beginWork (http://[::1]:5173/node_modules/.vite/deps/chunk-LPF6KSF2.js?v=4934fd6a:15962:22)
    at HTMLUnknownElement.callCallback2 (http://[::1]:5173/node_modules/.vite/deps/chunk-LPF6KSF2.js?v=4934fd6a:3680:22)
    at Object.invokeGuardedCallbackDev (http://[::1]:5173/node_modules/.vite/deps/chunk-LPF6KSF2.js?v=4934fd6a:3705:24)
    at invokeGuardedCallback (http://[::1]:5173/node_modules/.vite/deps/chunk-LPF6KSF2.js?v=4934fd6a:3739:39)
    at beginWork$1 (http://[::1]:5173/node_modules/.vite/deps/chunk-LPF6KSF2.js?v=4934fd6a:19818:15)
    at performUnitOfWork (http://[::1]:5173/node_modules/.vite/deps/chunk-LPF6KSF2.js?v=4934fd6a:19251:20)
    at workLoopSync (http://[::1]:5173/node_modules/.vite/deps/chunk-LPF6KSF2.js?v=4934fd6a:19190:13)
[  323825ms] TypeError: Cannot read properties of undefined (reading 'enabled')
    at WatermarkOverlay (http://[::1]:5173/resources/js/Pages/GalleryShow.tsx?t=1780775237164:34:18)
    at renderWithHooks (http://[::1]:5173/node_modules/.vite/deps/chunk-LPF6KSF2.js?v=4934fd6a:11596:26)
    at mountIndeterminateComponent (http://[::1]:5173/node_modules/.vite/deps/chunk-LPF6KSF2.js?v=4934fd6a:14974:21)
    at beginWork (http://[::1]:5173/node_modules/.vite/deps/chunk-LPF6KSF2.js?v=4934fd6a:15962:22)
    at HTMLUnknownElement.callCallback2 (http://[::1]:5173/node_modules/.vite/deps/chunk-LPF6KSF2.js?v=4934fd6a:3680:22)
    at Object.invokeGuardedCallbackDev (http://[::1]:5173/node_modules/.vite/deps/chunk-LPF6KSF2.js?v=4934fd6a:3705:24)
    at invokeGuardedCallback (http://[::1]:5173/node_modules/.vite/deps/chunk-LPF6KSF2.js?v=4934fd6a:3739:39)
    at beginWork$1 (http://[::1]:5173/node_modules/.vite/deps/chunk-LPF6KSF2.js?v=4934fd6a:19818:15)
    at performUnitOfWork (http://[::1]:5173/node_modules/.vite/deps/chunk-LPF6KSF2.js?v=4934fd6a:19251:20)
    at workLoopSync (http://[::1]:5173/node_modules/.vite/deps/chunk-LPF6KSF2.js?v=4934fd6a:19190:13)
[  323826ms] TypeError: Cannot read properties of undefined (reading 'enabled')
    at WatermarkOverlay (http://[::1]:5173/resources/js/Pages/GalleryShow.tsx?t=1780775237164:34:18)
    at renderWithHooks (http://[::1]:5173/node_modules/.vite/deps/chunk-LPF6KSF2.js?v=4934fd6a:11596:26)
    at mountIndeterminateComponent (http://[::1]:5173/node_modules/.vite/deps/chunk-LPF6KSF2.js?v=4934fd6a:14974:21)
    at beginWork (http://[::1]:5173/node_modules/.vite/deps/chunk-LPF6KSF2.js?v=4934fd6a:15962:22)
    at HTMLUnknownElement.callCallback2 (http://[::1]:5173/node_modules/.vite/deps/chunk-LPF6KSF2.js?v=4934fd6a:3680:22)
    at Object.invokeGuardedCallbackDev (http://[::1]:5173/node_modules/.vite/deps/chunk-LPF6KSF2.js?v=4934fd6a:3705:24)
    at invokeGuardedCallback (http://[::1]:5173/node_modules/.vite/deps/chunk-LPF6KSF2.js?v=4934fd6a:3739:39)
    at beginWork$1 (http://[::1]:5173/node_modules/.vite/deps/chunk-LPF6KSF2.js?v=4934fd6a:19818:15)
    at performUnitOfWork (http://[::1]:5173/node_modules/.vite/deps/chunk-LPF6KSF2.js?v=4934fd6a:19251:20)
    at workLoopSync (http://[::1]:5173/node_modules/.vite/deps/chunk-LPF6KSF2.js?v=4934fd6a:19190:13)
[  323827ms] TypeError: Cannot read properties of undefined (reading 'enabled')
    at WatermarkOverlay (http://[::1]:5173/resources/js/Pages/GalleryShow.tsx?t=1780775237164:34:18)
    at renderWithHooks (http://[::1]:5173/node_modules/.vite/deps/chunk-LPF6KSF2.js?v=4934fd6a:11596:26)
    at mountIndeterminateComponent (http://[::1]:5173/node_modules/.vite/deps/chunk-LPF6KSF2.js?v=4934fd6a:14974:21)
    at beginWork (http://[::1]:5173/node_modules/.vite/deps/chunk-LPF6KSF2.js?v=4934fd6a:15962:22)
    at HTMLUnknownElement.callCallback2 (http://[::1]:5173/node_modules/.vite/deps/chunk-LPF6KSF2.js?v=4934fd6a:3680:22)
    at Object.invokeGuardedCallbackDev (http://[::1]:5173/node_modules/.vite/deps/chunk-LPF6KSF2.js?v=4934fd6a:3705:24)
    at invokeGuardedCallback (http://[::1]:5173/node_modules/.vite/deps/chunk-LPF6KSF2.js?v=4934fd6a:3739:39)
    at beginWork$1 (http://[::1]:5173/node_modules/.vite/deps/chunk-LPF6KSF2.js?v=4934fd6a:19818:15)
    at performUnitOfWork (http://[::1]:5173/node_modules/.vite/deps/chunk-LPF6KSF2.js?v=4934fd6a:19251:20)
    at workLoopSync (http://[::1]:5173/node_modules/.vite/deps/chunk-LPF6KSF2.js?v=4934fd6a:19190:13)
[  323827ms] TypeError: Cannot read properties of undefined (reading 'enabled')
    at WatermarkOverlay (http://[::1]:5173/resources/js/Pages/GalleryShow.tsx?t=1780775237164:34:18)
    at renderWithHooks (http://[::1]:5173/node_modules/.vite/deps/chunk-LPF6KSF2.js?v=4934fd6a:11596:26)
    at mountIndeterminateComponent (http://[::1]:5173/node_modules/.vite/deps/chunk-LPF6KSF2.js?v=4934fd6a:14974:21)
    at beginWork (http://[::1]:5173/node_modules/.vite/deps/chunk-LPF6KSF2.js?v=4934fd6a:15962:22)
    at HTMLUnknownElement.callCallback2 (http://[::1]:5173/node_modules/.vite/deps/chunk-LPF6KSF2.js?v=4934fd6a:3680:22)
    at Object.invokeGuardedCallbackDev (http://[::1]:5173/node_modules/.vite/deps/chunk-LPF6KSF2.js?v=4934fd6a:3705:24)
    at invokeGuardedCallback (http://[::1]:5173/node_modules/.vite/deps/chunk-LPF6KSF2.js?v=4934fd6a:3739:39)
    at beginWork$1 (http://[::1]:5173/node_modules/.vite/deps/chunk-LPF6KSF2.js?v=4934fd6a:19818:15)
    at performUnitOfWork (http://[::1]:5173/node_modules/.vite/deps/chunk-LPF6KSF2.js?v=4934fd6a:19251:20)
    at workLoopSync (http://[::1]:5173/node_modules/.vite/deps/chunk-LPF6KSF2.js?v=4934fd6a:19190:13)
[  323829ms] TypeError: Cannot read properties of undefined (reading 'enabled')
    at WatermarkOverlay (http://[::1]:5173/resources/js/Pages/GalleryShow.tsx?t=1780775237164:34:18)
    at renderWithHooks (http://[::1]:5173/node_modules/.vite/deps/chunk-LPF6KSF2.js?v=4934fd6a:11596:26)
    at mountIndeterminateComponent (http://[::1]:5173/node_modules/.vite/deps/chunk-LPF6KSF2.js?v=4934fd6a:14974:21)
    at beginWork (http://[::1]:5173/node_modules/.vite/deps/chunk-LPF6KSF2.js?v=4934fd6a:15962:22)
    at HTMLUnknownElement.callCallback2 (http://[::1]:5173/node_modules/.vite/deps/chunk-LPF6KSF2.js?v=4934fd6a:3680:22)
    at Object.invokeGuardedCallbackDev (http://[::1]:5173/node_modules/.vite/deps/chunk-LPF6KSF2.js?v=4934fd6a:3705:24)
    at invokeGuardedCallback (http://[::1]:5173/node_modules/.vite/deps/chunk-LPF6KSF2.js?v=4934fd6a:3739:39)
    at beginWork$1 (http://[::1]:5173/node_modules/.vite/deps/chunk-LPF6KSF2.js?v=4934fd6a:19818:15)
    at performUnitOfWork (http://[::1]:5173/node_modules/.vite/deps/chunk-LPF6KSF2.js?v=4934fd6a:19251:20)
    at workLoopSync (http://[::1]:5173/node_modules/.vite/deps/chunk-LPF6KSF2.js?v=4934fd6a:19190:13)
[  323829ms] TypeError: Cannot read properties of undefined (reading 'enabled')
    at WatermarkOverlay (http://[::1]:5173/resources/js/Pages/GalleryShow.tsx?t=1780775237164:34:18)
    at renderWithHooks (http://[::1]:5173/node_modules/.vite/deps/chunk-LPF6KSF2.js?v=4934fd6a:11596:26)
    at mountIndeterminateComponent (http://[::1]:5173/node_modules/.vite/deps/chunk-LPF6KSF2.js?v=4934fd6a:14974:21)
    at beginWork (http://[::1]:5173/node_modules/.vite/deps/chunk-LPF6KSF2.js?v=4934fd6a:15962:22)
    at HTMLUnknownElement.callCallback2 (http://[::1]:5173/node_modules/.vite/deps/chunk-LPF6KSF2.js?v=4934fd6a:3680:22)
    at Object.invokeGuardedCallbackDev (http://[::1]:5173/node_modules/.vite/deps/chunk-LPF6KSF2.js?v=4934fd6a:3705:24)
    at invokeGuardedCallback (http://[::1]:5173/node_modules/.vite/deps/chunk-LPF6KSF2.js?v=4934fd6a:3739:39)
    at beginWork$1 (http://[::1]:5173/node_modules/.vite/deps/chunk-LPF6KSF2.js?v=4934fd6a:19818:15)
    at performUnitOfWork (http://[::1]:5173/node_modules/.vite/deps/chunk-LPF6KSF2.js?v=4934fd6a:19251:20)
    at workLoopSync (http://[::1]:5173/node_modules/.vite/deps/chunk-LPF6KSF2.js?v=4934fd6a:19190:13)
[  323830ms] TypeError: Cannot read properties of undefined (reading 'enabled')
    at WatermarkOverlay (http://[::1]:5173/resources/js/Pages/GalleryShow.tsx?t=1780775237164:34:18)
    at renderWithHooks (http://[::1]:5173/node_modules/.vite/deps/chunk-LPF6KSF2.js?v=4934fd6a:11596:26)
    at mountIndeterminateComponent (http://[::1]:5173/node_modules/.vite/deps/chunk-LPF6KSF2.js?v=4934fd6a:14974:21)
    at beginWork (http://[::1]:5173/node_modules/.vite/deps/chunk-LPF6KSF2.js?v=4934fd6a:15962:22)
    at HTMLUnknownElement.callCallback2 (http://[::1]:5173/node_modules/.vite/deps/chunk-LPF6KSF2.js?v=4934fd6a:3680:22)
    at Object.invokeGuardedCallbackDev (http://[::1]:5173/node_modules/.vite/deps/chunk-LPF6KSF2.js?v=4934fd6a:3705:24)
    at invokeGuardedCallback (http://[::1]:5173/node_modules/.vite/deps/chunk-LPF6KSF2.js?v=4934fd6a:3739:39)
    at beginWork$1 (http://[::1]:5173/node_modules/.vite/deps/chunk-LPF6KSF2.js?v=4934fd6a:19818:15)
    at performUnitOfWork (http://[::1]:5173/node_modules/.vite/deps/chunk-LPF6KSF2.js?v=4934fd6a:19251:20)
    at workLoopSync (http://[::1]:5173/node_modules/.vite/deps/chunk-LPF6KSF2.js?v=4934fd6a:19190:13)
[  323831ms] TypeError: Cannot read properties of undefined (reading 'enabled')
    at WatermarkOverlay (http://[::1]:5173/resources/js/Pages/GalleryShow.tsx?t=1780775237164:34:18)
    at renderWithHooks (http://[::1]:5173/node_modules/.vite/deps/chunk-LPF6KSF2.js?v=4934fd6a:11596:26)
    at mountIndeterminateComponent (http://[::1]:5173/node_modules/.vite/deps/chunk-LPF6KSF2.js?v=4934fd6a:14974:21)
    at beginWork (http://[::1]:5173/node_modules/.vite/deps/chunk-LPF6KSF2.js?v=4934fd6a:15962:22)
    at HTMLUnknownElement.callCallback2 (http://[::1]:5173/node_modules/.vite/deps/chunk-LPF6KSF2.js?v=4934fd6a:3680:22)
    at Object.invokeGuardedCallbackDev (http://[::1]:5173/node_modules/.vite/deps/chunk-LPF6KSF2.js?v=4934fd6a:3705:24)
    at invokeGuardedCallback (http://[::1]:5173/node_modules/.vite/deps/chunk-LPF6KSF2.js?v=4934fd6a:3739:39)
    at beginWork$1 (http://[::1]:5173/node_modules/.vite/deps/chunk-LPF6KSF2.js?v=4934fd6a:19818:15)
    at performUnitOfWork (http://[::1]:5173/node_modules/.vite/deps/chunk-LPF6KSF2.js?v=4934fd6a:19251:20)
    at workLoopSync (http://[::1]:5173/node_modules/.vite/deps/chunk-LPF6KSF2.js?v=4934fd6a:19190:13)
[  323832ms] TypeError: Cannot read properties of undefined (reading 'enabled')
    at WatermarkOverlay (http://[::1]:5173/resources/js/Pages/GalleryShow.tsx?t=1780775237164:34:18)
    at renderWithHooks (http://[::1]:5173/node_modules/.vite/deps/chunk-LPF6KSF2.js?v=4934fd6a:11596:26)
    at mountIndeterminateComponent (http://[::1]:5173/node_modules/.vite/deps/chunk-LPF6KSF2.js?v=4934fd6a:14974:21)
    at beginWork (http://[::1]:5173/node_modules/.vite/deps/chunk-LPF6KSF2.js?v=4934fd6a:15962:22)
    at HTMLUnknownElement.callCallback2 (http://[::1]:5173/node_modules/.vite/deps/chunk-LPF6KSF2.js?v=4934fd6a:3680:22)
    at Object.invokeGuardedCallbackDev (http://[::1]:5173/node_modules/.vite/deps/chunk-LPF6KSF2.js?v=4934fd6a:3705:24)
    at invokeGuardedCallback (http://[::1]:5173/node_modules/.vite/deps/chunk-LPF6KSF2.js?v=4934fd6a:3739:39)
    at beginWork$1 (http://[::1]:5173/node_modules/.vite/deps/chunk-LPF6KSF2.js?v=4934fd6a:19818:15)
    at performUnitOfWork (http://[::1]:5173/node_modules/.vite/deps/chunk-LPF6KSF2.js?v=4934fd6a:19251:20)
    at workLoopSync (http://[::1]:5173/node_modules/.vite/deps/chunk-LPF6KSF2.js?v=4934fd6a:19190:13)
[  323833ms] TypeError: Cannot read properties of undefined (reading 'enabled')
    at WatermarkOverlay (http://[::1]:5173/resources/js/Pages/GalleryShow.tsx?t=1780775237164:34:18)
    at renderWithHooks (http://[::1]:5173/node_modules/.vite/deps/chunk-LPF6KSF2.js?v=4934fd6a:11596:26)
    at mountIndeterminateComponent (http://[::1]:5173/node_modules/.vite/deps/chunk-LPF6KSF2.js?v=4934fd6a:14974:21)
    at beginWork (http://[::1]:5173/node_modules/.vite/deps/chunk-LPF6KSF2.js?v=4934fd6a:15962:22)
    at HTMLUnknownElement.callCallback2 (http://[::1]:5173/node_modules/.vite/deps/chunk-LPF6KSF2.js?v=4934fd6a:3680:22)
    at Object.invokeGuardedCallbackDev (http://[::1]:5173/node_modules/.vite/deps/chunk-LPF6KSF2.js?v=4934fd6a:3705:24)
    at invokeGuardedCallback (http://[::1]:5173/node_modules/.vite/deps/chunk-LPF6KSF2.js?v=4934fd6a:3739:39)
    at beginWork$1 (http://[::1]:5173/node_modules/.vite/deps/chunk-LPF6KSF2.js?v=4934fd6a:19818:15)
    at performUnitOfWork (http://[::1]:5173/node_modules/.vite/deps/chunk-LPF6KSF2.js?v=4934fd6a:19251:20)
    at workLoopSync (http://[::1]:5173/node_modules/.vite/deps/chunk-LPF6KSF2.js?v=4934fd6a:19190:13)
[  323834ms] TypeError: Cannot read properties of undefined (reading 'enabled')
    at WatermarkOverlay (http://[::1]:5173/resources/js/Pages/GalleryShow.tsx?t=1780775237164:34:18)
    at renderWithHooks (http://[::1]:5173/node_modules/.vite/deps/chunk-LPF6KSF2.js?v=4934fd6a:11596:26)
    at mountIndeterminateComponent (http://[::1]:5173/node_modules/.vite/deps/chunk-LPF6KSF2.js?v=4934fd6a:14974:21)
    at beginWork (http://[::1]:5173/node_modules/.vite/deps/chunk-LPF6KSF2.js?v=4934fd6a:15962:22)
    at HTMLUnknownElement.callCallback2 (http://[::1]:5173/node_modules/.vite/deps/chunk-LPF6KSF2.js?v=4934fd6a:3680:22)
    at Object.invokeGuardedCallbackDev (http://[::1]:5173/node_modules/.vite/deps/chunk-LPF6KSF2.js?v=4934fd6a:3705:24)
    at invokeGuardedCallback (http://[::1]:5173/node_modules/.vite/deps/chunk-LPF6KSF2.js?v=4934fd6a:3739:39)
    at beginWork$1 (http://[::1]:5173/node_modules/.vite/deps/chunk-LPF6KSF2.js?v=4934fd6a:19818:15)
    at performUnitOfWork (http://[::1]:5173/node_modules/.vite/deps/chunk-LPF6KSF2.js?v=4934fd6a:19251:20)
    at workLoopSync (http://[::1]:5173/node_modules/.vite/deps/chunk-LPF6KSF2.js?v=4934fd6a:19190:13)
[  323835ms] TypeError: Cannot read properties of undefined (reading 'enabled')
    at WatermarkOverlay (http://[::1]:5173/resources/js/Pages/GalleryShow.tsx?t=1780775237164:34:18)
    at renderWithHooks (http://[::1]:5173/node_modules/.vite/deps/chunk-LPF6KSF2.js?v=4934fd6a:11596:26)
    at mountIndeterminateComponent (http://[::1]:5173/node_modules/.vite/deps/chunk-LPF6KSF2.js?v=4934fd6a:14974:21)
    at beginWork (http://[::1]:5173/node_modules/.vite/deps/chunk-LPF6KSF2.js?v=4934fd6a:15962:22)
    at HTMLUnknownElement.callCallback2 (http://[::1]:5173/node_modules/.vite/deps/chunk-LPF6KSF2.js?v=4934fd6a:3680:22)
    at Object.invokeGuardedCallbackDev (http://[::1]:5173/node_modules/.vite/deps/chunk-LPF6KSF2.js?v=4934fd6a:3705:24)
    at invokeGuardedCallback (http://[::1]:5173/node_modules/.vite/deps/chunk-LPF6KSF2.js?v=4934fd6a:3739:39)
    at beginWork$1 (http://[::1]:5173/node_modules/.vite/deps/chunk-LPF6KSF2.js?v=4934fd6a:19818:15)
    at performUnitOfWork (http://[::1]:5173/node_modules/.vite/deps/chunk-LPF6KSF2.js?v=4934fd6a:19251:20)
    at workLoopSync (http://[::1]:5173/node_modules/.vite/deps/chunk-LPF6KSF2.js?v=4934fd6a:19190:13)
[  323836ms] TypeError: Cannot read properties of undefined (reading 'enabled')
    at WatermarkOverlay (http://[::1]:5173/resources/js/Pages/GalleryShow.tsx?t=1780775237164:34:18)
    at renderWithHooks (http://[::1]:5173/node_modules/.vite/deps/chunk-LPF6KSF2.js?v=4934fd6a:11596:26)
    at mountIndeterminateComponent (http://[::1]:5173/node_modules/.vite/deps/chunk-LPF6KSF2.js?v=4934fd6a:14974:21)
    at beginWork (http://[::1]:5173/node_modules/.vite/deps/chunk-LPF6KSF2.js?v=4934fd6a:15962:22)
    at HTMLUnknownElement.callCallback2 (http://[::1]:5173/node_modules/.vite/deps/chunk-LPF6KSF2.js?v=4934fd6a:3680:22)
    at Object.invokeGuardedCallbackDev (http://[::1]:5173/node_modules/.vite/deps/chunk-LPF6KSF2.js?v=4934fd6a:3705:24)
    at invokeGuardedCallback (http://[::1]:5173/node_modules/.vite/deps/chunk-LPF6KSF2.js?v=4934fd6a:3739:39)
    at beginWork$1 (http://[::1]:5173/node_modules/.vite/deps/chunk-LPF6KSF2.js?v=4934fd6a:19818:15)
    at performUnitOfWork (http://[::1]:5173/node_modules/.vite/deps/chunk-LPF6KSF2.js?v=4934fd6a:19251:20)
    at workLoopSync (http://[::1]:5173/node_modules/.vite/deps/chunk-LPF6KSF2.js?v=4934fd6a:19190:13)
[  323837ms] TypeError: Cannot read properties of undefined (reading 'enabled')
    at WatermarkOverlay (http://[::1]:5173/resources/js/Pages/GalleryShow.tsx?t=1780775237164:34:18)
    at renderWithHooks (http://[::1]:5173/node_modules/.vite/deps/chunk-LPF6KSF2.js?v=4934fd6a:11596:26)
    at mountIndeterminateComponent (http://[::1]:5173/node_modules/.vite/deps/chunk-LPF6KSF2.js?v=4934fd6a:14974:21)
    at beginWork (http://[::1]:5173/node_modules/.vite/deps/chunk-LPF6KSF2.js?v=4934fd6a:15962:22)
    at HTMLUnknownElement.callCallback2 (http://[::1]:5173/node_modules/.vite/deps/chunk-LPF6KSF2.js?v=4934fd6a:3680:22)
    at Object.invokeGuardedCallbackDev (http://[::1]:5173/node_modules/.vite/deps/chunk-LPF6KSF2.js?v=4934fd6a:3705:24)
    at invokeGuardedCallback (http://[::1]:5173/node_modules/.vite/deps/chunk-LPF6KSF2.js?v=4934fd6a:3739:39)
    at beginWork$1 (http://[::1]:5173/node_modules/.vite/deps/chunk-LPF6KSF2.js?v=4934fd6a:19818:15)
    at performUnitOfWork (http://[::1]:5173/node_modules/.vite/deps/chunk-LPF6KSF2.js?v=4934fd6a:19251:20)
    at workLoopSync (http://[::1]:5173/node_modules/.vite/deps/chunk-LPF6KSF2.js?v=4934fd6a:19190:13)
[  323838ms] TypeError: Cannot read properties of undefined (reading 'enabled')
    at WatermarkOverlay (http://[::1]:5173/resources/js/Pages/GalleryShow.tsx?t=1780775237164:34:18)
    at renderWithHooks (http://[::1]:5173/node_modules/.vite/deps/chunk-LPF6KSF2.js?v=4934fd6a:11596:26)
    at mountIndeterminateComponent (http://[::1]:5173/node_modules/.vite/deps/chunk-LPF6KSF2.js?v=4934fd6a:14974:21)
    at beginWork (http://[::1]:5173/node_modules/.vite/deps/chunk-LPF6KSF2.js?v=4934fd6a:15962:22)
    at HTMLUnknownElement.callCallback2 (http://[::1]:5173/node_modules/.vite/deps/chunk-LPF6KSF2.js?v=4934fd6a:3680:22)
    at Object.invokeGuardedCallbackDev (http://[::1]:5173/node_modules/.vite/deps/chunk-LPF6KSF2.js?v=4934fd6a:3705:24)
    at invokeGuardedCallback (http://[::1]:5173/node_modules/.vite/deps/chunk-LPF6KSF2.js?v=4934fd6a:3739:39)
    at beginWork$1 (http://[::1]:5173/node_modules/.vite/deps/chunk-LPF6KSF2.js?v=4934fd6a:19818:15)
    at performUnitOfWork (http://[::1]:5173/node_modules/.vite/deps/chunk-LPF6KSF2.js?v=4934fd6a:19251:20)
    at workLoopSync (http://[::1]:5173/node_modules/.vite/deps/chunk-LPF6KSF2.js?v=4934fd6a:19190:13)
[  323839ms] TypeError: Cannot read properties of undefined (reading 'enabled')
    at WatermarkOverlay (http://[::1]:5173/resources/js/Pages/GalleryShow.tsx?t=1780775237164:34:18)
    at renderWithHooks (http://[::1]:5173/node_modules/.vite/deps/chunk-LPF6KSF2.js?v=4934fd6a:11596:26)
    at mountIndeterminateComponent (http://[::1]:5173/node_modules/.vite/deps/chunk-LPF6KSF2.js?v=4934fd6a:14974:21)
    at beginWork (http://[::1]:5173/node_modules/.vite/deps/chunk-LPF6KSF2.js?v=4934fd6a:15962:22)
    at HTMLUnknownElement.callCallback2 (http://[::1]:5173/node_modules/.vite/deps/chunk-LPF6KSF2.js?v=4934fd6a:3680:22)
    at Object.invokeGuardedCallbackDev (http://[::1]:5173/node_modules/.vite/deps/chunk-LPF6KSF2.js?v=4934fd6a:3705:24)
    at invokeGuardedCallback (http://[::1]:5173/node_modules/.vite/deps/chunk-LPF6KSF2.js?v=4934fd6a:3739:39)
    at beginWork$1 (http://[::1]:5173/node_modules/.vite/deps/chunk-LPF6KSF2.js?v=4934fd6a:19818:15)
    at performUnitOfWork (http://[::1]:5173/node_modules/.vite/deps/chunk-LPF6KSF2.js?v=4934fd6a:19251:20)
    at workLoopSync (http://[::1]:5173/node_modules/.vite/deps/chunk-LPF6KSF2.js?v=4934fd6a:19190:13)
[  323840ms] TypeError: Cannot read properties of undefined (reading 'enabled')
    at WatermarkOverlay (http://[::1]:5173/resources/js/Pages/GalleryShow.tsx?t=1780775237164:34:18)
    at renderWithHooks (http://[::1]:5173/node_modules/.vite/deps/chunk-LPF6KSF2.js?v=4934fd6a:11596:26)
    at mountIndeterminateComponent (http://[::1]:5173/node_modules/.vite/deps/chunk-LPF6KSF2.js?v=4934fd6a:14974:21)
    at beginWork (http://[::1]:5173/node_modules/.vite/deps/chunk-LPF6KSF2.js?v=4934fd6a:15962:22)
    at HTMLUnknownElement.callCallback2 (http://[::1]:5173/node_modules/.vite/deps/chunk-LPF6KSF2.js?v=4934fd6a:3680:22)
    at Object.invokeGuardedCallbackDev (http://[::1]:5173/node_modules/.vite/deps/chunk-LPF6KSF2.js?v=4934fd6a:3705:24)
    at invokeGuardedCallback (http://[::1]:5173/node_modules/.vite/deps/chunk-LPF6KSF2.js?v=4934fd6a:3739:39)
    at beginWork$1 (http://[::1]:5173/node_modules/.vite/deps/chunk-LPF6KSF2.js?v=4934fd6a:19818:15)
    at performUnitOfWork (http://[::1]:5173/node_modules/.vite/deps/chunk-LPF6KSF2.js?v=4934fd6a:19251:20)
    at workLoopSync (http://[::1]:5173/node_modules/.vite/deps/chunk-LPF6KSF2.js?v=4934fd6a:19190:13)
[  323841ms] TypeError: Cannot read properties of undefined (reading 'enabled')
    at WatermarkOverlay (http://[::1]:5173/resources/js/Pages/GalleryShow.tsx?t=1780775237164:34:18)
    at renderWithHooks (http://[::1]:5173/node_modules/.vite/deps/chunk-LPF6KSF2.js?v=4934fd6a:11596:26)
    at mountIndeterminateComponent (http://[::1]:5173/node_modules/.vite/deps/chunk-LPF6KSF2.js?v=4934fd6a:14974:21)
    at beginWork (http://[::1]:5173/node_modules/.vite/deps/chunk-LPF6KSF2.js?v=4934fd6a:15962:22)
    at HTMLUnknownElement.callCallback2 (http://[::1]:5173/node_modules/.vite/deps/chunk-LPF6KSF2.js?v=4934fd6a:3680:22)
    at Object.invokeGuardedCallbackDev (http://[::1]:5173/node_modules/.vite/deps/chunk-LPF6KSF2.js?v=4934fd6a:3705:24)
    at invokeGuardedCallback (http://[::1]:5173/node_modules/.vite/deps/chunk-LPF6KSF2.js?v=4934fd6a:3739:39)
    at beginWork$1 (http://[::1]:5173/node_modules/.vite/deps/chunk-LPF6KSF2.js?v=4934fd6a:19818:15)
    at performUnitOfWork (http://[::1]:5173/node_modules/.vite/deps/chunk-LPF6KSF2.js?v=4934fd6a:19251:20)
    at workLoopSync (http://[::1]:5173/node_modules/.vite/deps/chunk-LPF6KSF2.js?v=4934fd6a:19190:13)
[  323842ms] TypeError: Cannot read properties of undefined (reading 'enabled')
    at WatermarkOverlay (http://[::1]:5173/resources/js/Pages/GalleryShow.tsx?t=1780775237164:34:18)
    at renderWithHooks (http://[::1]:5173/node_modules/.vite/deps/chunk-LPF6KSF2.js?v=4934fd6a:11596:26)
    at mountIndeterminateComponent (http://[::1]:5173/node_modules/.vite/deps/chunk-LPF6KSF2.js?v=4934fd6a:14974:21)
    at beginWork (http://[::1]:5173/node_modules/.vite/deps/chunk-LPF6KSF2.js?v=4934fd6a:15962:22)
    at HTMLUnknownElement.callCallback2 (http://[::1]:5173/node_modules/.vite/deps/chunk-LPF6KSF2.js?v=4934fd6a:3680:22)
    at Object.invokeGuardedCallbackDev (http://[::1]:5173/node_modules/.vite/deps/chunk-LPF6KSF2.js?v=4934fd6a:3705:24)
    at invokeGuardedCallback (http://[::1]:5173/node_modules/.vite/deps/chunk-LPF6KSF2.js?v=4934fd6a:3739:39)
    at beginWork$1 (http://[::1]:5173/node_modules/.vite/deps/chunk-LPF6KSF2.js?v=4934fd6a:19818:15)
    at performUnitOfWork (http://[::1]:5173/node_modules/.vite/deps/chunk-LPF6KSF2.js?v=4934fd6a:19251:20)
    at workLoopSync (http://[::1]:5173/node_modules/.vite/deps/chunk-LPF6KSF2.js?v=4934fd6a:19190:13)
[  323842ms] TypeError: Cannot read properties of undefined (reading 'enabled')
    at WatermarkOverlay (http://[::1]:5173/resources/js/Pages/GalleryShow.tsx?t=1780775237164:34:18)
    at renderWithHooks (http://[::1]:5173/node_modules/.vite/deps/chunk-LPF6KSF2.js?v=4934fd6a:11596:26)
    at mountIndeterminateComponent (http://[::1]:5173/node_modules/.vite/deps/chunk-LPF6KSF2.js?v=4934fd6a:14974:21)
    at beginWork (http://[::1]:5173/node_modules/.vite/deps/chunk-LPF6KSF2.js?v=4934fd6a:15962:22)
    at HTMLUnknownElement.callCallback2 (http://[::1]:5173/node_modules/.vite/deps/chunk-LPF6KSF2.js?v=4934fd6a:3680:22)
    at Object.invokeGuardedCallbackDev (http://[::1]:5173/node_modules/.vite/deps/chunk-LPF6KSF2.js?v=4934fd6a:3705:24)
    at invokeGuardedCallback (http://[::1]:5173/node_modules/.vite/deps/chunk-LPF6KSF2.js?v=4934fd6a:3739:39)
    at beginWork$1 (http://[::1]:5173/node_modules/.vite/deps/chunk-LPF6KSF2.js?v=4934fd6a:19818:15)
    at performUnitOfWork (http://[::1]:5173/node_modules/.vite/deps/chunk-LPF6KSF2.js?v=4934fd6a:19251:20)
    at workLoopSync (http://[::1]:5173/node_modules/.vite/deps/chunk-LPF6KSF2.js?v=4934fd6a:19190:13)
[  323843ms] TypeError: Cannot read properties of undefined (reading 'enabled')
    at WatermarkOverlay (http://[::1]:5173/resources/js/Pages/GalleryShow.tsx?t=1780775237164:34:18)
    at renderWithHooks (http://[::1]:5173/node_modules/.vite/deps/chunk-LPF6KSF2.js?v=4934fd6a:11596:26)
    at mountIndeterminateComponent (http://[::1]:5173/node_modules/.vite/deps/chunk-LPF6KSF2.js?v=4934fd6a:14974:21)
    at beginWork (http://[::1]:5173/node_modules/.vite/deps/chunk-LPF6KSF2.js?v=4934fd6a:15962:22)
    at HTMLUnknownElement.callCallback2 (http://[::1]:5173/node_modules/.vite/deps/chunk-LPF6KSF2.js?v=4934fd6a:3680:22)
    at Object.invokeGuardedCallbackDev (http://[::1]:5173/node_modules/.vite/deps/chunk-LPF6KSF2.js?v=4934fd6a:3705:24)
    at invokeGuardedCallback (http://[::1]:5173/node_modules/.vite/deps/chunk-LPF6KSF2.js?v=4934fd6a:3739:39)
    at beginWork$1 (http://[::1]:5173/node_modules/.vite/deps/chunk-LPF6KSF2.js?v=4934fd6a:19818:15)
    at performUnitOfWork (http://[::1]:5173/node_modules/.vite/deps/chunk-LPF6KSF2.js?v=4934fd6a:19251:20)
    at workLoopSync (http://[::1]:5173/node_modules/.vite/deps/chunk-LPF6KSF2.js?v=4934fd6a:19190:13)
[  323844ms] TypeError: Cannot read properties of undefined (reading 'enabled')
    at WatermarkOverlay (http://[::1]:5173/resources/js/Pages/GalleryShow.tsx?t=1780775237164:34:18)
    at renderWithHooks (http://[::1]:5173/node_modules/.vite/deps/chunk-LPF6KSF2.js?v=4934fd6a:11596:26)
    at mountIndeterminateComponent (http://[::1]:5173/node_modules/.vite/deps/chunk-LPF6KSF2.js?v=4934fd6a:14974:21)
    at beginWork (http://[::1]:5173/node_modules/.vite/deps/chunk-LPF6KSF2.js?v=4934fd6a:15962:22)
    at HTMLUnknownElement.callCallback2 (http://[::1]:5173/node_modules/.vite/deps/chunk-LPF6KSF2.js?v=4934fd6a:3680:22)
    at Object.invokeGuardedCallbackDev (http://[::1]:5173/node_modules/.vite/deps/chunk-LPF6KSF2.js?v=4934fd6a:3705:24)
    at invokeGuardedCallback (http://[::1]:5173/node_modules/.vite/deps/chunk-LPF6KSF2.js?v=4934fd6a:3739:39)
    at beginWork$1 (http://[::1]:5173/node_modules/.vite/deps/chunk-LPF6KSF2.js?v=4934fd6a:19818:15)
    at performUnitOfWork (http://[::1]:5173/node_modules/.vite/deps/chunk-LPF6KSF2.js?v=4934fd6a:19251:20)
    at workLoopSync (http://[::1]:5173/node_modules/.vite/deps/chunk-LPF6KSF2.js?v=4934fd6a:19190:13)
[  323845ms] TypeError: Cannot read properties of undefined (reading 'enabled')
    at WatermarkOverlay (http://[::1]:5173/resources/js/Pages/GalleryShow.tsx?t=1780775237164:34:18)
    at renderWithHooks (http://[::1]:5173/node_modules/.vite/deps/chunk-LPF6KSF2.js?v=4934fd6a:11596:26)
    at mountIndeterminateComponent (http://[::1]:5173/node_modules/.vite/deps/chunk-LPF6KSF2.js?v=4934fd6a:14974:21)
    at beginWork (http://[::1]:5173/node_modules/.vite/deps/chunk-LPF6KSF2.js?v=4934fd6a:15962:22)
    at HTMLUnknownElement.callCallback2 (http://[::1]:5173/node_modules/.vite/deps/chunk-LPF6KSF2.js?v=4934fd6a:3680:22)
    at Object.invokeGuardedCallbackDev (http://[::1]:5173/node_modules/.vite/deps/chunk-LPF6KSF2.js?v=4934fd6a:3705:24)
    at invokeGuardedCallback (http://[::1]:5173/node_modules/.vite/deps/chunk-LPF6KSF2.js?v=4934fd6a:3739:39)
    at beginWork$1 (http://[::1]:5173/node_modules/.vite/deps/chunk-LPF6KSF2.js?v=4934fd6a:19818:15)
    at performUnitOfWork (http://[::1]:5173/node_modules/.vite/deps/chunk-LPF6KSF2.js?v=4934fd6a:19251:20)
    at workLoopSync (http://[::1]:5173/node_modules/.vite/deps/chunk-LPF6KSF2.js?v=4934fd6a:19190:13)
[  323846ms] TypeError: Cannot read properties of undefined (reading 'enabled')
    at WatermarkOverlay (http://[::1]:5173/resources/js/Pages/GalleryShow.tsx?t=1780775237164:34:18)
    at renderWithHooks (http://[::1]:5173/node_modules/.vite/deps/chunk-LPF6KSF2.js?v=4934fd6a:11596:26)
    at mountIndeterminateComponent (http://[::1]:5173/node_modules/.vite/deps/chunk-LPF6KSF2.js?v=4934fd6a:14974:21)
    at beginWork (http://[::1]:5173/node_modules/.vite/deps/chunk-LPF6KSF2.js?v=4934fd6a:15962:22)
    at HTMLUnknownElement.callCallback2 (http://[::1]:5173/node_modules/.vite/deps/chunk-LPF6KSF2.js?v=4934fd6a:3680:22)
    at Object.invokeGuardedCallbackDev (http://[::1]:5173/node_modules/.vite/deps/chunk-LPF6KSF2.js?v=4934fd6a:3705:24)
    at invokeGuardedCallback (http://[::1]:5173/node_modules/.vite/deps/chunk-LPF6KSF2.js?v=4934fd6a:3739:39)
    at beginWork$1 (http://[::1]:5173/node_modules/.vite/deps/chunk-LPF6KSF2.js?v=4934fd6a:19818:15)
    at performUnitOfWork (http://[::1]:5173/node_modules/.vite/deps/chunk-LPF6KSF2.js?v=4934fd6a:19251:20)
    at workLoopSync (http://[::1]:5173/node_modules/.vite/deps/chunk-LPF6KSF2.js?v=4934fd6a:19190:13)
[  323847ms] TypeError: Cannot read properties of undefined (reading 'enabled')
    at WatermarkOverlay (http://[::1]:5173/resources/js/Pages/GalleryShow.tsx?t=1780775237164:34:18)
    at renderWithHooks (http://[::1]:5173/node_modules/.vite/deps/chunk-LPF6KSF2.js?v=4934fd6a:11596:26)
    at mountIndeterminateComponent (http://[::1]:5173/node_modules/.vite/deps/chunk-LPF6KSF2.js?v=4934fd6a:14974:21)
    at beginWork (http://[::1]:5173/node_modules/.vite/deps/chunk-LPF6KSF2.js?v=4934fd6a:15962:22)
    at HTMLUnknownElement.callCallback2 (http://[::1]:5173/node_modules/.vite/deps/chunk-LPF6KSF2.js?v=4934fd6a:3680:22)
    at Object.invokeGuardedCallbackDev (http://[::1]:5173/node_modules/.vite/deps/chunk-LPF6KSF2.js?v=4934fd6a:3705:24)
    at invokeGuardedCallback (http://[::1]:5173/node_modules/.vite/deps/chunk-LPF6KSF2.js?v=4934fd6a:3739:39)
    at beginWork$1 (http://[::1]:5173/node_modules/.vite/deps/chunk-LPF6KSF2.js?v=4934fd6a:19818:15)
    at performUnitOfWork (http://[::1]:5173/node_modules/.vite/deps/chunk-LPF6KSF2.js?v=4934fd6a:19251:20)
    at workLoopSync (http://[::1]:5173/node_modules/.vite/deps/chunk-LPF6KSF2.js?v=4934fd6a:19190:13)
[  323848ms] TypeError: Cannot read properties of undefined (reading 'enabled')
    at WatermarkOverlay (http://[::1]:5173/resources/js/Pages/GalleryShow.tsx?t=1780775237164:34:18)
    at renderWithHooks (http://[::1]:5173/node_modules/.vite/deps/chunk-LPF6KSF2.js?v=4934fd6a:11596:26)
    at mountIndeterminateComponent (http://[::1]:5173/node_modules/.vite/deps/chunk-LPF6KSF2.js?v=4934fd6a:14974:21)
    at beginWork (http://[::1]:5173/node_modules/.vite/deps/chunk-LPF6KSF2.js?v=4934fd6a:15962:22)
    at HTMLUnknownElement.callCallback2 (http://[::1]:5173/node_modules/.vite/deps/chunk-LPF6KSF2.js?v=4934fd6a:3680:22)
    at Object.invokeGuardedCallbackDev (http://[::1]:5173/node_modules/.vite/deps/chunk-LPF6KSF2.js?v=4934fd6a:3705:24)
    at invokeGuardedCallback (http://[::1]:5173/node_modules/.vite/deps/chunk-LPF6KSF2.js?v=4934fd6a:3739:39)
    at beginWork$1 (http://[::1]:5173/node_modules/.vite/deps/chunk-LPF6KSF2.js?v=4934fd6a:19818:15)
    at performUnitOfWork (http://[::1]:5173/node_modules/.vite/deps/chunk-LPF6KSF2.js?v=4934fd6a:19251:20)
    at workLoopSync (http://[::1]:5173/node_modules/.vite/deps/chunk-LPF6KSF2.js?v=4934fd6a:19190:13)
[  323849ms] TypeError: Cannot read properties of undefined (reading 'enabled')
    at WatermarkOverlay (http://[::1]:5173/resources/js/Pages/GalleryShow.tsx?t=1780775237164:34:18)
    at renderWithHooks (http://[::1]:5173/node_modules/.vite/deps/chunk-LPF6KSF2.js?v=4934fd6a:11596:26)
    at mountIndeterminateComponent (http://[::1]:5173/node_modules/.vite/deps/chunk-LPF6KSF2.js?v=4934fd6a:14974:21)
    at beginWork (http://[::1]:5173/node_modules/.vite/deps/chunk-LPF6KSF2.js?v=4934fd6a:15962:22)
    at HTMLUnknownElement.callCallback2 (http://[::1]:5173/node_modules/.vite/deps/chunk-LPF6KSF2.js?v=4934fd6a:3680:22)
    at Object.invokeGuardedCallbackDev (http://[::1]:5173/node_modules/.vite/deps/chunk-LPF6KSF2.js?v=4934fd6a:3705:24)
    at invokeGuardedCallback (http://[::1]:5173/node_modules/.vite/deps/chunk-LPF6KSF2.js?v=4934fd6a:3739:39)
    at beginWork$1 (http://[::1]:5173/node_modules/.vite/deps/chunk-LPF6KSF2.js?v=4934fd6a:19818:15)
    at performUnitOfWork (http://[::1]:5173/node_modules/.vite/deps/chunk-LPF6KSF2.js?v=4934fd6a:19251:20)
    at workLoopSync (http://[::1]:5173/node_modules/.vite/deps/chunk-LPF6KSF2.js?v=4934fd6a:19190:13)
[  323850ms] TypeError: Cannot read properties of undefined (reading 'enabled')
    at WatermarkOverlay (http://[::1]:5173/resources/js/Pages/GalleryShow.tsx?t=1780775237164:34:18)
    at renderWithHooks (http://[::1]:5173/node_modules/.vite/deps/chunk-LPF6KSF2.js?v=4934fd6a:11596:26)
    at mountIndeterminateComponent (http://[::1]:5173/node_modules/.vite/deps/chunk-LPF6KSF2.js?v=4934fd6a:14974:21)
    at beginWork (http://[::1]:5173/node_modules/.vite/deps/chunk-LPF6KSF2.js?v=4934fd6a:15962:22)
    at HTMLUnknownElement.callCallback2 (http://[::1]:5173/node_modules/.vite/deps/chunk-LPF6KSF2.js?v=4934fd6a:3680:22)
    at Object.invokeGuardedCallbackDev (http://[::1]:5173/node_modules/.vite/deps/chunk-LPF6KSF2.js?v=4934fd6a:3705:24)
    at invokeGuardedCallback (http://[::1]:5173/node_modules/.vite/deps/chunk-LPF6KSF2.js?v=4934fd6a:3739:39)
    at beginWork$1 (http://[::1]:5173/node_modules/.vite/deps/chunk-LPF6KSF2.js?v=4934fd6a:19818:15)
    at performUnitOfWork (http://[::1]:5173/node_modules/.vite/deps/chunk-LPF6KSF2.js?v=4934fd6a:19251:20)
    at workLoopSync (http://[::1]:5173/node_modules/.vite/deps/chunk-LPF6KSF2.js?v=4934fd6a:19190:13)
[  323850ms] TypeError: Cannot read properties of undefined (reading 'enabled')
    at WatermarkOverlay (http://[::1]:5173/resources/js/Pages/GalleryShow.tsx?t=1780775237164:34:18)
    at renderWithHooks (http://[::1]:5173/node_modules/.vite/deps/chunk-LPF6KSF2.js?v=4934fd6a:11596:26)
    at mountIndeterminateComponent (http://[::1]:5173/node_modules/.vite/deps/chunk-LPF6KSF2.js?v=4934fd6a:14974:21)
    at beginWork (http://[::1]:5173/node_modules/.vite/deps/chunk-LPF6KSF2.js?v=4934fd6a:15962:22)
    at HTMLUnknownElement.callCallback2 (http://[::1]:5173/node_modules/.vite/deps/chunk-LPF6KSF2.js?v=4934fd6a:3680:22)
    at Object.invokeGuardedCallbackDev (http://[::1]:5173/node_modules/.vite/deps/chunk-LPF6KSF2.js?v=4934fd6a:3705:24)
    at invokeGuardedCallback (http://[::1]:5173/node_modules/.vite/deps/chunk-LPF6KSF2.js?v=4934fd6a:3739:39)
    at beginWork$1 (http://[::1]:5173/node_modules/.vite/deps/chunk-LPF6KSF2.js?v=4934fd6a:19818:15)
    at performUnitOfWork (http://[::1]:5173/node_modules/.vite/deps/chunk-LPF6KSF2.js?v=4934fd6a:19251:20)
    at workLoopSync (http://[::1]:5173/node_modules/.vite/deps/chunk-LPF6KSF2.js?v=4934fd6a:19190:13)
[  323851ms] TypeError: Cannot read properties of undefined (reading 'enabled')
    at WatermarkOverlay (http://[::1]:5173/resources/js/Pages/GalleryShow.tsx?t=1780775237164:34:18)
    at renderWithHooks (http://[::1]:5173/node_modules/.vite/deps/chunk-LPF6KSF2.js?v=4934fd6a:11596:26)
    at mountIndeterminateComponent (http://[::1]:5173/node_modules/.vite/deps/chunk-LPF6KSF2.js?v=4934fd6a:14974:21)
    at beginWork (http://[::1]:5173/node_modules/.vite/deps/chunk-LPF6KSF2.js?v=4934fd6a:15962:22)
    at HTMLUnknownElement.callCallback2 (http://[::1]:5173/node_modules/.vite/deps/chunk-LPF6KSF2.js?v=4934fd6a:3680:22)
    at Object.invokeGuardedCallbackDev (http://[::1]:5173/node_modules/.vite/deps/chunk-LPF6KSF2.js?v=4934fd6a:3705:24)
    at invokeGuardedCallback (http://[::1]:5173/node_modules/.vite/deps/chunk-LPF6KSF2.js?v=4934fd6a:3739:39)
    at beginWork$1 (http://[::1]:5173/node_modules/.vite/deps/chunk-LPF6KSF2.js?v=4934fd6a:19818:15)
    at performUnitOfWork (http://[::1]:5173/node_modules/.vite/deps/chunk-LPF6KSF2.js?v=4934fd6a:19251:20)
    at workLoopSync (http://[::1]:5173/node_modules/.vite/deps/chunk-LPF6KSF2.js?v=4934fd6a:19190:13)
[  323852ms] TypeError: Cannot read properties of undefined (reading 'enabled')
    at WatermarkOverlay (http://[::1]:5173/resources/js/Pages/GalleryShow.tsx?t=1780775237164:34:18)
    at renderWithHooks (http://[::1]:5173/node_modules/.vite/deps/chunk-LPF6KSF2.js?v=4934fd6a:11596:26)
    at mountIndeterminateComponent (http://[::1]:5173/node_modules/.vite/deps/chunk-LPF6KSF2.js?v=4934fd6a:14974:21)
    at beginWork (http://[::1]:5173/node_modules/.vite/deps/chunk-LPF6KSF2.js?v=4934fd6a:15962:22)
    at HTMLUnknownElement.callCallback2 (http://[::1]:5173/node_modules/.vite/deps/chunk-LPF6KSF2.js?v=4934fd6a:3680:22)
    at Object.invokeGuardedCallbackDev (http://[::1]:5173/node_modules/.vite/deps/chunk-LPF6KSF2.js?v=4934fd6a:3705:24)
    at invokeGuardedCallback (http://[::1]:5173/node_modules/.vite/deps/chunk-LPF6KSF2.js?v=4934fd6a:3739:39)
    at beginWork$1 (http://[::1]:5173/node_modules/.vite/deps/chunk-LPF6KSF2.js?v=4934fd6a:19818:15)
    at performUnitOfWork (http://[::1]:5173/node_modules/.vite/deps/chunk-LPF6KSF2.js?v=4934fd6a:19251:20)
    at workLoopSync (http://[::1]:5173/node_modules/.vite/deps/chunk-LPF6KSF2.js?v=4934fd6a:19190:13)
[  323853ms] TypeError: Cannot read properties of undefined (reading 'enabled')
    at WatermarkOverlay (http://[::1]:5173/resources/js/Pages/GalleryShow.tsx?t=1780775237164:34:18)
    at renderWithHooks (http://[::1]:5173/node_modules/.vite/deps/chunk-LPF6KSF2.js?v=4934fd6a:11596:26)
    at mountIndeterminateComponent (http://[::1]:5173/node_modules/.vite/deps/chunk-LPF6KSF2.js?v=4934fd6a:14974:21)
    at beginWork (http://[::1]:5173/node_modules/.vite/deps/chunk-LPF6KSF2.js?v=4934fd6a:15962:22)
    at HTMLUnknownElement.callCallback2 (http://[::1]:5173/node_modules/.vite/deps/chunk-LPF6KSF2.js?v=4934fd6a:3680:22)
    at Object.invokeGuardedCallbackDev (http://[::1]:5173/node_modules/.vite/deps/chunk-LPF6KSF2.js?v=4934fd6a:3705:24)
    at invokeGuardedCallback (http://[::1]:5173/node_modules/.vite/deps/chunk-LPF6KSF2.js?v=4934fd6a:3739:39)
    at beginWork$1 (http://[::1]:5173/node_modules/.vite/deps/chunk-LPF6KSF2.js?v=4934fd6a:19818:15)
    at performUnitOfWork (http://[::1]:5173/node_modules/.vite/deps/chunk-LPF6KSF2.js?v=4934fd6a:19251:20)
    at workLoopSync (http://[::1]:5173/node_modules/.vite/deps/chunk-LPF6KSF2.js?v=4934fd6a:19190:13)
[  323854ms] TypeError: Cannot read properties of undefined (reading 'enabled')
    at WatermarkOverlay (http://[::1]:5173/resources/js/Pages/GalleryShow.tsx?t=1780775237164:34:18)
    at renderWithHooks (http://[::1]:5173/node_modules/.vite/deps/chunk-LPF6KSF2.js?v=4934fd6a:11596:26)
    at mountIndeterminateComponent (http://[::1]:5173/node_modules/.vite/deps/chunk-LPF6KSF2.js?v=4934fd6a:14974:21)
    at beginWork (http://[::1]:5173/node_modules/.vite/deps/chunk-LPF6KSF2.js?v=4934fd6a:15962:22)
    at HTMLUnknownElement.callCallback2 (http://[::1]:5173/node_modules/.vite/deps/chunk-LPF6KSF2.js?v=4934fd6a:3680:22)
    at Object.invokeGuardedCallbackDev (http://[::1]:5173/node_modules/.vite/deps/chunk-LPF6KSF2.js?v=4934fd6a:3705:24)
    at invokeGuardedCallback (http://[::1]:5173/node_modules/.vite/deps/chunk-LPF6KSF2.js?v=4934fd6a:3739:39)
    at beginWork$1 (http://[::1]:5173/node_modules/.vite/deps/chunk-LPF6KSF2.js?v=4934fd6a:19818:15)
    at performUnitOfWork (http://[::1]:5173/node_modules/.vite/deps/chunk-LPF6KSF2.js?v=4934fd6a:19251:20)
    at workLoopSync (http://[::1]:5173/node_modules/.vite/deps/chunk-LPF6KSF2.js?v=4934fd6a:19190:13)
[  323855ms] TypeError: Cannot read properties of undefined (reading 'enabled')
    at WatermarkOverlay (http://[::1]:5173/resources/js/Pages/GalleryShow.tsx?t=1780775237164:34:18)
    at renderWithHooks (http://[::1]:5173/node_modules/.vite/deps/chunk-LPF6KSF2.js?v=4934fd6a:11596:26)
    at mountIndeterminateComponent (http://[::1]:5173/node_modules/.vite/deps/chunk-LPF6KSF2.js?v=4934fd6a:14974:21)
    at beginWork (http://[::1]:5173/node_modules/.vite/deps/chunk-LPF6KSF2.js?v=4934fd6a:15962:22)
    at HTMLUnknownElement.callCallback2 (http://[::1]:5173/node_modules/.vite/deps/chunk-LPF6KSF2.js?v=4934fd6a:3680:22)
    at Object.invokeGuardedCallbackDev (http://[::1]:5173/node_modules/.vite/deps/chunk-LPF6KSF2.js?v=4934fd6a:3705:24)
    at invokeGuardedCallback (http://[::1]:5173/node_modules/.vite/deps/chunk-LPF6KSF2.js?v=4934fd6a:3739:39)
    at beginWork$1 (http://[::1]:5173/node_modules/.vite/deps/chunk-LPF6KSF2.js?v=4934fd6a:19818:15)
    at performUnitOfWork (http://[::1]:5173/node_modules/.vite/deps/chunk-LPF6KSF2.js?v=4934fd6a:19251:20)
    at workLoopSync (http://[::1]:5173/node_modules/.vite/deps/chunk-LPF6KSF2.js?v=4934fd6a:19190:13)
[  323856ms] TypeError: Cannot read properties of undefined (reading 'enabled')
    at WatermarkOverlay (http://[::1]:5173/resources/js/Pages/GalleryShow.tsx?t=1780775237164:34:18)
    at renderWithHooks (http://[::1]:5173/node_modules/.vite/deps/chunk-LPF6KSF2.js?v=4934fd6a:11596:26)
    at mountIndeterminateComponent (http://[::1]:5173/node_modules/.vite/deps/chunk-LPF6KSF2.js?v=4934fd6a:14974:21)
    at beginWork (http://[::1]:5173/node_modules/.vite/deps/chunk-LPF6KSF2.js?v=4934fd6a:15962:22)
    at HTMLUnknownElement.callCallback2 (http://[::1]:5173/node_modules/.vite/deps/chunk-LPF6KSF2.js?v=4934fd6a:3680:22)
    at Object.invokeGuardedCallbackDev (http://[::1]:5173/node_modules/.vite/deps/chunk-LPF6KSF2.js?v=4934fd6a:3705:24)
    at invokeGuardedCallback (http://[::1]:5173/node_modules/.vite/deps/chunk-LPF6KSF2.js?v=4934fd6a:3739:39)
    at beginWork$1 (http://[::1]:5173/node_modules/.vite/deps/chunk-LPF6KSF2.js?v=4934fd6a:19818:15)
    at performUnitOfWork (http://[::1]:5173/node_modules/.vite/deps/chunk-LPF6KSF2.js?v=4934fd6a:19251:20)
    at workLoopSync (http://[::1]:5173/node_modules/.vite/deps/chunk-LPF6KSF2.js?v=4934fd6a:19190:13)
[  323857ms] TypeError: Cannot read properties of undefined (reading 'enabled')
    at WatermarkOverlay (http://[::1]:5173/resources/js/Pages/GalleryShow.tsx?t=1780775237164:34:18)
    at renderWithHooks (http://[::1]:5173/node_modules/.vite/deps/chunk-LPF6KSF2.js?v=4934fd6a:11596:26)
    at mountIndeterminateComponent (http://[::1]:5173/node_modules/.vite/deps/chunk-LPF6KSF2.js?v=4934fd6a:14974:21)
    at beginWork (http://[::1]:5173/node_modules/.vite/deps/chunk-LPF6KSF2.js?v=4934fd6a:15962:22)
    at HTMLUnknownElement.callCallback2 (http://[::1]:5173/node_modules/.vite/deps/chunk-LPF6KSF2.js?v=4934fd6a:3680:22)
    at Object.invokeGuardedCallbackDev (http://[::1]:5173/node_modules/.vite/deps/chunk-LPF6KSF2.js?v=4934fd6a:3705:24)
    at invokeGuardedCallback (http://[::1]:5173/node_modules/.vite/deps/chunk-LPF6KSF2.js?v=4934fd6a:3739:39)
    at beginWork$1 (http://[::1]:5173/node_modules/.vite/deps/chunk-LPF6KSF2.js?v=4934fd6a:19818:15)
    at performUnitOfWork (http://[::1]:5173/node_modules/.vite/deps/chunk-LPF6KSF2.js?v=4934fd6a:19251:20)
    at workLoopSync (http://[::1]:5173/node_modules/.vite/deps/chunk-LPF6KSF2.js?v=4934fd6a:19190:13)
[  323857ms] TypeError: Cannot read properties of undefined (reading 'enabled')
    at WatermarkOverlay (http://[::1]:5173/resources/js/Pages/GalleryShow.tsx?t=1780775237164:34:18)
    at renderWithHooks (http://[::1]:5173/node_modules/.vite/deps/chunk-LPF6KSF2.js?v=4934fd6a:11596:26)
    at mountIndeterminateComponent (http://[::1]:5173/node_modules/.vite/deps/chunk-LPF6KSF2.js?v=4934fd6a:14974:21)
    at beginWork (http://[::1]:5173/node_modules/.vite/deps/chunk-LPF6KSF2.js?v=4934fd6a:15962:22)
    at HTMLUnknownElement.callCallback2 (http://[::1]:5173/node_modules/.vite/deps/chunk-LPF6KSF2.js?v=4934fd6a:3680:22)
    at Object.invokeGuardedCallbackDev (http://[::1]:5173/node_modules/.vite/deps/chunk-LPF6KSF2.js?v=4934fd6a:3705:24)
    at invokeGuardedCallback (http://[::1]:5173/node_modules/.vite/deps/chunk-LPF6KSF2.js?v=4934fd6a:3739:39)
    at beginWork$1 (http://[::1]:5173/node_modules/.vite/deps/chunk-LPF6KSF2.js?v=4934fd6a:19818:15)
    at performUnitOfWork (http://[::1]:5173/node_modules/.vite/deps/chunk-LPF6KSF2.js?v=4934fd6a:19251:20)
    at workLoopSync (http://[::1]:5173/node_modules/.vite/deps/chunk-LPF6KSF2.js?v=4934fd6a:19190:13)
[  323858ms] TypeError: Cannot read properties of undefined (reading 'enabled')
    at WatermarkOverlay (http://[::1]:5173/resources/js/Pages/GalleryShow.tsx?t=1780775237164:34:18)
    at renderWithHooks (http://[::1]:5173/node_modules/.vite/deps/chunk-LPF6KSF2.js?v=4934fd6a:11596:26)
    at mountIndeterminateComponent (http://[::1]:5173/node_modules/.vite/deps/chunk-LPF6KSF2.js?v=4934fd6a:14974:21)
    at beginWork (http://[::1]:5173/node_modules/.vite/deps/chunk-LPF6KSF2.js?v=4934fd6a:15962:22)
    at HTMLUnknownElement.callCallback2 (http://[::1]:5173/node_modules/.vite/deps/chunk-LPF6KSF2.js?v=4934fd6a:3680:22)
    at Object.invokeGuardedCallbackDev (http://[::1]:5173/node_modules/.vite/deps/chunk-LPF6KSF2.js?v=4934fd6a:3705:24)
    at invokeGuardedCallback (http://[::1]:5173/node_modules/.vite/deps/chunk-LPF6KSF2.js?v=4934fd6a:3739:39)
    at beginWork$1 (http://[::1]:5173/node_modules/.vite/deps/chunk-LPF6KSF2.js?v=4934fd6a:19818:15)
    at performUnitOfWork (http://[::1]:5173/node_modules/.vite/deps/chunk-LPF6KSF2.js?v=4934fd6a:19251:20)
    at workLoopSync (http://[::1]:5173/node_modules/.vite/deps/chunk-LPF6KSF2.js?v=4934fd6a:19190:13)
[  323859ms] TypeError: Cannot read properties of undefined (reading 'enabled')
    at WatermarkOverlay (http://[::1]:5173/resources/js/Pages/GalleryShow.tsx?t=1780775237164:34:18)
    at renderWithHooks (http://[::1]:5173/node_modules/.vite/deps/chunk-LPF6KSF2.js?v=4934fd6a:11596:26)
    at mountIndeterminateComponent (http://[::1]:5173/node_modules/.vite/deps/chunk-LPF6KSF2.js?v=4934fd6a:14974:21)
    at beginWork (http://[::1]:5173/node_modules/.vite/deps/chunk-LPF6KSF2.js?v=4934fd6a:15962:22)
    at HTMLUnknownElement.callCallback2 (http://[::1]:5173/node_modules/.vite/deps/chunk-LPF6KSF2.js?v=4934fd6a:3680:22)
    at Object.invokeGuardedCallbackDev (http://[::1]:5173/node_modules/.vite/deps/chunk-LPF6KSF2.js?v=4934fd6a:3705:24)
    at invokeGuardedCallback (http://[::1]:5173/node_modules/.vite/deps/chunk-LPF6KSF2.js?v=4934fd6a:3739:39)
    at beginWork$1 (http://[::1]:5173/node_modules/.vite/deps/chunk-LPF6KSF2.js?v=4934fd6a:19818:15)
    at performUnitOfWork (http://[::1]:5173/node_modules/.vite/deps/chunk-LPF6KSF2.js?v=4934fd6a:19251:20)
    at workLoopSync (http://[::1]:5173/node_modules/.vite/deps/chunk-LPF6KSF2.js?v=4934fd6a:19190:13)
[  323860ms] TypeError: Cannot read properties of undefined (reading 'enabled')
    at WatermarkOverlay (http://[::1]:5173/resources/js/Pages/GalleryShow.tsx?t=1780775237164:34:18)
    at renderWithHooks (http://[::1]:5173/node_modules/.vite/deps/chunk-LPF6KSF2.js?v=4934fd6a:11596:26)
    at mountIndeterminateComponent (http://[::1]:5173/node_modules/.vite/deps/chunk-LPF6KSF2.js?v=4934fd6a:14974:21)
    at beginWork (http://[::1]:5173/node_modules/.vite/deps/chunk-LPF6KSF2.js?v=4934fd6a:15962:22)
    at HTMLUnknownElement.callCallback2 (http://[::1]:5173/node_modules/.vite/deps/chunk-LPF6KSF2.js?v=4934fd6a:3680:22)
    at Object.invokeGuardedCallbackDev (http://[::1]:5173/node_modules/.vite/deps/chunk-LPF6KSF2.js?v=4934fd6a:3705:24)
    at invokeGuardedCallback (http://[::1]:5173/node_modules/.vite/deps/chunk-LPF6KSF2.js?v=4934fd6a:3739:39)
    at beginWork$1 (http://[::1]:5173/node_modules/.vite/deps/chunk-LPF6KSF2.js?v=4934fd6a:19818:15)
    at performUnitOfWork (http://[::1]:5173/node_modules/.vite/deps/chunk-LPF6KSF2.js?v=4934fd6a:19251:20)
    at workLoopSync (http://[::1]:5173/node_modules/.vite/deps/chunk-LPF6KSF2.js?v=4934fd6a:19190:13)
[  323861ms] TypeError: Cannot read properties of undefined (reading 'enabled')
    at WatermarkOverlay (http://[::1]:5173/resources/js/Pages/GalleryShow.tsx?t=1780775237164:34:18)
    at renderWithHooks (http://[::1]:5173/node_modules/.vite/deps/chunk-LPF6KSF2.js?v=4934fd6a:11596:26)
    at mountIndeterminateComponent (http://[::1]:5173/node_modules/.vite/deps/chunk-LPF6KSF2.js?v=4934fd6a:14974:21)
    at beginWork (http://[::1]:5173/node_modules/.vite/deps/chunk-LPF6KSF2.js?v=4934fd6a:15962:22)
    at HTMLUnknownElement.callCallback2 (http://[::1]:5173/node_modules/.vite/deps/chunk-LPF6KSF2.js?v=4934fd6a:3680:22)
    at Object.invokeGuardedCallbackDev (http://[::1]:5173/node_modules/.vite/deps/chunk-LPF6KSF2.js?v=4934fd6a:3705:24)
    at invokeGuardedCallback (http://[::1]:5173/node_modules/.vite/deps/chunk-LPF6KSF2.js?v=4934fd6a:3739:39)
    at beginWork$1 (http://[::1]:5173/node_modules/.vite/deps/chunk-LPF6KSF2.js?v=4934fd6a:19818:15)
    at performUnitOfWork (http://[::1]:5173/node_modules/.vite/deps/chunk-LPF6KSF2.js?v=4934fd6a:19251:20)
    at workLoopSync (http://[::1]:5173/node_modules/.vite/deps/chunk-LPF6KSF2.js?v=4934fd6a:19190:13)
[  323861ms] TypeError: Cannot read properties of undefined (reading 'enabled')
    at WatermarkOverlay (http://[::1]:5173/resources/js/Pages/GalleryShow.tsx?t=1780775237164:34:18)
    at renderWithHooks (http://[::1]:5173/node_modules/.vite/deps/chunk-LPF6KSF2.js?v=4934fd6a:11596:26)
    at mountIndeterminateComponent (http://[::1]:5173/node_modules/.vite/deps/chunk-LPF6KSF2.js?v=4934fd6a:14974:21)
    at beginWork (http://[::1]:5173/node_modules/.vite/deps/chunk-LPF6KSF2.js?v=4934fd6a:15962:22)
    at HTMLUnknownElement.callCallback2 (http://[::1]:5173/node_modules/.vite/deps/chunk-LPF6KSF2.js?v=4934fd6a:3680:22)
    at Object.invokeGuardedCallbackDev (http://[::1]:5173/node_modules/.vite/deps/chunk-LPF6KSF2.js?v=4934fd6a:3705:24)
    at invokeGuardedCallback (http://[::1]:5173/node_modules/.vite/deps/chunk-LPF6KSF2.js?v=4934fd6a:3739:39)
    at beginWork$1 (http://[::1]:5173/node_modules/.vite/deps/chunk-LPF6KSF2.js?v=4934fd6a:19818:15)
    at performUnitOfWork (http://[::1]:5173/node_modules/.vite/deps/chunk-LPF6KSF2.js?v=4934fd6a:19251:20)
    at workLoopSync (http://[::1]:5173/node_modules/.vite/deps/chunk-LPF6KSF2.js?v=4934fd6a:19190:13)
[  323862ms] TypeError: Cannot read properties of undefined (reading 'enabled')
    at WatermarkOverlay (http://[::1]:5173/resources/js/Pages/GalleryShow.tsx?t=1780775237164:34:18)
    at renderWithHooks (http://[::1]:5173/node_modules/.vite/deps/chunk-LPF6KSF2.js?v=4934fd6a:11596:26)
    at mountIndeterminateComponent (http://[::1]:5173/node_modules/.vite/deps/chunk-LPF6KSF2.js?v=4934fd6a:14974:21)
    at beginWork (http://[::1]:5173/node_modules/.vite/deps/chunk-LPF6KSF2.js?v=4934fd6a:15962:22)
    at HTMLUnknownElement.callCallback2 (http://[::1]:5173/node_modules/.vite/deps/chunk-LPF6KSF2.js?v=4934fd6a:3680:22)
    at Object.invokeGuardedCallbackDev (http://[::1]:5173/node_modules/.vite/deps/chunk-LPF6KSF2.js?v=4934fd6a:3705:24)
    at invokeGuardedCallback (http://[::1]:5173/node_modules/.vite/deps/chunk-LPF6KSF2.js?v=4934fd6a:3739:39)
    at beginWork$1 (http://[::1]:5173/node_modules/.vite/deps/chunk-LPF6KSF2.js?v=4934fd6a:19818:15)
    at performUnitOfWork (http://[::1]:5173/node_modules/.vite/deps/chunk-LPF6KSF2.js?v=4934fd6a:19251:20)
    at workLoopSync (http://[::1]:5173/node_modules/.vite/deps/chunk-LPF6KSF2.js?v=4934fd6a:19190:13)
[  323863ms] TypeError: Cannot read properties of undefined (reading 'enabled')
    at WatermarkOverlay (http://[::1]:5173/resources/js/Pages/GalleryShow.tsx?t=1780775237164:34:18)
    at renderWithHooks (http://[::1]:5173/node_modules/.vite/deps/chunk-LPF6KSF2.js?v=4934fd6a:11596:26)
    at mountIndeterminateComponent (http://[::1]:5173/node_modules/.vite/deps/chunk-LPF6KSF2.js?v=4934fd6a:14974:21)
    at beginWork (http://[::1]:5173/node_modules/.vite/deps/chunk-LPF6KSF2.js?v=4934fd6a:15962:22)
    at HTMLUnknownElement.callCallback2 (http://[::1]:5173/node_modules/.vite/deps/chunk-LPF6KSF2.js?v=4934fd6a:3680:22)
    at Object.invokeGuardedCallbackDev (http://[::1]:5173/node_modules/.vite/deps/chunk-LPF6KSF2.js?v=4934fd6a:3705:24)
    at invokeGuardedCallback (http://[::1]:5173/node_modules/.vite/deps/chunk-LPF6KSF2.js?v=4934fd6a:3739:39)
    at beginWork$1 (http://[::1]:5173/node_modules/.vite/deps/chunk-LPF6KSF2.js?v=4934fd6a:19818:15)
    at performUnitOfWork (http://[::1]:5173/node_modules/.vite/deps/chunk-LPF6KSF2.js?v=4934fd6a:19251:20)
    at workLoopSync (http://[::1]:5173/node_modules/.vite/deps/chunk-LPF6KSF2.js?v=4934fd6a:19190:13)
[  323864ms] TypeError: Cannot read properties of undefined (reading 'enabled')
    at WatermarkOverlay (http://[::1]:5173/resources/js/Pages/GalleryShow.tsx?t=1780775237164:34:18)
    at renderWithHooks (http://[::1]:5173/node_modules/.vite/deps/chunk-LPF6KSF2.js?v=4934fd6a:11596:26)
    at mountIndeterminateComponent (http://[::1]:5173/node_modules/.vite/deps/chunk-LPF6KSF2.js?v=4934fd6a:14974:21)
    at beginWork (http://[::1]:5173/node_modules/.vite/deps/chunk-LPF6KSF2.js?v=4934fd6a:15962:22)
    at HTMLUnknownElement.callCallback2 (http://[::1]:5173/node_modules/.vite/deps/chunk-LPF6KSF2.js?v=4934fd6a:3680:22)
    at Object.invokeGuardedCallbackDev (http://[::1]:5173/node_modules/.vite/deps/chunk-LPF6KSF2.js?v=4934fd6a:3705:24)
    at invokeGuardedCallback (http://[::1]:5173/node_modules/.vite/deps/chunk-LPF6KSF2.js?v=4934fd6a:3739:39)
    at beginWork$1 (http://[::1]:5173/node_modules/.vite/deps/chunk-LPF6KSF2.js?v=4934fd6a:19818:15)
    at performUnitOfWork (http://[::1]:5173/node_modules/.vite/deps/chunk-LPF6KSF2.js?v=4934fd6a:19251:20)
    at workLoopSync (http://[::1]:5173/node_modules/.vite/deps/chunk-LPF6KSF2.js?v=4934fd6a:19190:13)
[  323864ms] TypeError: Cannot read properties of undefined (reading 'enabled')
    at WatermarkOverlay (http://[::1]:5173/resources/js/Pages/GalleryShow.tsx?t=1780775237164:34:18)
    at renderWithHooks (http://[::1]:5173/node_modules/.vite/deps/chunk-LPF6KSF2.js?v=4934fd6a:11596:26)
    at mountIndeterminateComponent (http://[::1]:5173/node_modules/.vite/deps/chunk-LPF6KSF2.js?v=4934fd6a:14974:21)
    at beginWork (http://[::1]:5173/node_modules/.vite/deps/chunk-LPF6KSF2.js?v=4934fd6a:15962:22)
    at HTMLUnknownElement.callCallback2 (http://[::1]:5173/node_modules/.vite/deps/chunk-LPF6KSF2.js?v=4934fd6a:3680:22)
    at Object.invokeGuardedCallbackDev (http://[::1]:5173/node_modules/.vite/deps/chunk-LPF6KSF2.js?v=4934fd6a:3705:24)
    at invokeGuardedCallback (http://[::1]:5173/node_modules/.vite/deps/chunk-LPF6KSF2.js?v=4934fd6a:3739:39)
    at beginWork$1 (http://[::1]:5173/node_modules/.vite/deps/chunk-LPF6KSF2.js?v=4934fd6a:19818:15)
    at performUnitOfWork (http://[::1]:5173/node_modules/.vite/deps/chunk-LPF6KSF2.js?v=4934fd6a:19251:20)
    at workLoopSync (http://[::1]:5173/node_modules/.vite/deps/chunk-LPF6KSF2.js?v=4934fd6a:19190:13)
[  323865ms] TypeError: Cannot read properties of undefined (reading 'enabled')
    at WatermarkOverlay (http://[::1]:5173/resources/js/Pages/GalleryShow.tsx?t=1780775237164:34:18)
    at renderWithHooks (http://[::1]:5173/node_modules/.vite/deps/chunk-LPF6KSF2.js?v=4934fd6a:11596:26)
    at mountIndeterminateComponent (http://[::1]:5173/node_modules/.vite/deps/chunk-LPF6KSF2.js?v=4934fd6a:14974:21)
    at beginWork (http://[::1]:5173/node_modules/.vite/deps/chunk-LPF6KSF2.js?v=4934fd6a:15962:22)
    at HTMLUnknownElement.callCallback2 (http://[::1]:5173/node_modules/.vite/deps/chunk-LPF6KSF2.js?v=4934fd6a:3680:22)
    at Object.invokeGuardedCallbackDev (http://[::1]:5173/node_modules/.vite/deps/chunk-LPF6KSF2.js?v=4934fd6a:3705:24)
    at invokeGuardedCallback (http://[::1]:5173/node_modules/.vite/deps/chunk-LPF6KSF2.js?v=4934fd6a:3739:39)
    at beginWork$1 (http://[::1]:5173/node_modules/.vite/deps/chunk-LPF6KSF2.js?v=4934fd6a:19818:15)
    at performUnitOfWork (http://[::1]:5173/node_modules/.vite/deps/chunk-LPF6KSF2.js?v=4934fd6a:19251:20)
    at workLoopSync (http://[::1]:5173/node_modules/.vite/deps/chunk-LPF6KSF2.js?v=4934fd6a:19190:13)
[  323866ms] TypeError: Cannot read properties of undefined (reading 'enabled')
    at WatermarkOverlay (http://[::1]:5173/resources/js/Pages/GalleryShow.tsx?t=1780775237164:34:18)
    at renderWithHooks (http://[::1]:5173/node_modules/.vite/deps/chunk-LPF6KSF2.js?v=4934fd6a:11596:26)
    at mountIndeterminateComponent (http://[::1]:5173/node_modules/.vite/deps/chunk-LPF6KSF2.js?v=4934fd6a:14974:21)
    at beginWork (http://[::1]:5173/node_modules/.vite/deps/chunk-LPF6KSF2.js?v=4934fd6a:15962:22)
    at HTMLUnknownElement.callCallback2 (http://[::1]:5173/node_modules/.vite/deps/chunk-LPF6KSF2.js?v=4934fd6a:3680:22)
    at Object.invokeGuardedCallbackDev (http://[::1]:5173/node_modules/.vite/deps/chunk-LPF6KSF2.js?v=4934fd6a:3705:24)
    at invokeGuardedCallback (http://[::1]:5173/node_modules/.vite/deps/chunk-LPF6KSF2.js?v=4934fd6a:3739:39)
    at beginWork$1 (http://[::1]:5173/node_modules/.vite/deps/chunk-LPF6KSF2.js?v=4934fd6a:19818:15)
    at performUnitOfWork (http://[::1]:5173/node_modules/.vite/deps/chunk-LPF6KSF2.js?v=4934fd6a:19251:20)
    at workLoopSync (http://[::1]:5173/node_modules/.vite/deps/chunk-LPF6KSF2.js?v=4934fd6a:19190:13)
[  323867ms] TypeError: Cannot read properties of undefined (reading 'enabled')
    at WatermarkOverlay (http://[::1]:5173/resources/js/Pages/GalleryShow.tsx?t=1780775237164:34:18)
    at renderWithHooks (http://[::1]:5173/node_modules/.vite/deps/chunk-LPF6KSF2.js?v=4934fd6a:11596:26)
    at mountIndeterminateComponent (http://[::1]:5173/node_modules/.vite/deps/chunk-LPF6KSF2.js?v=4934fd6a:14974:21)
    at beginWork (http://[::1]:5173/node_modules/.vite/deps/chunk-LPF6KSF2.js?v=4934fd6a:15962:22)
    at HTMLUnknownElement.callCallback2 (http://[::1]:5173/node_modules/.vite/deps/chunk-LPF6KSF2.js?v=4934fd6a:3680:22)
    at Object.invokeGuardedCallbackDev (http://[::1]:5173/node_modules/.vite/deps/chunk-LPF6KSF2.js?v=4934fd6a:3705:24)
    at invokeGuardedCallback (http://[::1]:5173/node_modules/.vite/deps/chunk-LPF6KSF2.js?v=4934fd6a:3739:39)
    at beginWork$1 (http://[::1]:5173/node_modules/.vite/deps/chunk-LPF6KSF2.js?v=4934fd6a:19818:15)
    at performUnitOfWork (http://[::1]:5173/node_modules/.vite/deps/chunk-LPF6KSF2.js?v=4934fd6a:19251:20)
    at workLoopSync (http://[::1]:5173/node_modules/.vite/deps/chunk-LPF6KSF2.js?v=4934fd6a:19190:13)
[  323868ms] TypeError: Cannot read properties of undefined (reading 'enabled')
    at WatermarkOverlay (http://[::1]:5173/resources/js/Pages/GalleryShow.tsx?t=1780775237164:34:18)
    at renderWithHooks (http://[::1]:5173/node_modules/.vite/deps/chunk-LPF6KSF2.js?v=4934fd6a:11596:26)
    at mountIndeterminateComponent (http://[::1]:5173/node_modules/.vite/deps/chunk-LPF6KSF2.js?v=4934fd6a:14974:21)
    at beginWork (http://[::1]:5173/node_modules/.vite/deps/chunk-LPF6KSF2.js?v=4934fd6a:15962:22)
    at HTMLUnknownElement.callCallback2 (http://[::1]:5173/node_modules/.vite/deps/chunk-LPF6KSF2.js?v=4934fd6a:3680:22)
    at Object.invokeGuardedCallbackDev (http://[::1]:5173/node_modules/.vite/deps/chunk-LPF6KSF2.js?v=4934fd6a:3705:24)
    at invokeGuardedCallback (http://[::1]:5173/node_modules/.vite/deps/chunk-LPF6KSF2.js?v=4934fd6a:3739:39)
    at beginWork$1 (http://[::1]:5173/node_modules/.vite/deps/chunk-LPF6KSF2.js?v=4934fd6a:19818:15)
    at performUnitOfWork (http://[::1]:5173/node_modules/.vite/deps/chunk-LPF6KSF2.js?v=4934fd6a:19251:20)
    at workLoopSync (http://[::1]:5173/node_modules/.vite/deps/chunk-LPF6KSF2.js?v=4934fd6a:19190:13)
[  323868ms] TypeError: Cannot read properties of undefined (reading 'enabled')
    at WatermarkOverlay (http://[::1]:5173/resources/js/Pages/GalleryShow.tsx?t=1780775237164:34:18)
    at renderWithHooks (http://[::1]:5173/node_modules/.vite/deps/chunk-LPF6KSF2.js?v=4934fd6a:11596:26)
    at mountIndeterminateComponent (http://[::1]:5173/node_modules/.vite/deps/chunk-LPF6KSF2.js?v=4934fd6a:14974:21)
    at beginWork (http://[::1]:5173/node_modules/.vite/deps/chunk-LPF6KSF2.js?v=4934fd6a:15962:22)
    at HTMLUnknownElement.callCallback2 (http://[::1]:5173/node_modules/.vite/deps/chunk-LPF6KSF2.js?v=4934fd6a:3680:22)
    at Object.invokeGuardedCallbackDev (http://[::1]:5173/node_modules/.vite/deps/chunk-LPF6KSF2.js?v=4934fd6a:3705:24)
    at invokeGuardedCallback (http://[::1]:5173/node_modules/.vite/deps/chunk-LPF6KSF2.js?v=4934fd6a:3739:39)
    at beginWork$1 (http://[::1]:5173/node_modules/.vite/deps/chunk-LPF6KSF2.js?v=4934fd6a:19818:15)
    at performUnitOfWork (http://[::1]:5173/node_modules/.vite/deps/chunk-LPF6KSF2.js?v=4934fd6a:19251:20)
    at workLoopSync (http://[::1]:5173/node_modules/.vite/deps/chunk-LPF6KSF2.js?v=4934fd6a:19190:13)
[  323869ms] TypeError: Cannot read properties of undefined (reading 'enabled')
    at WatermarkOverlay (http://[::1]:5173/resources/js/Pages/GalleryShow.tsx?t=1780775237164:34:18)
    at renderWithHooks (http://[::1]:5173/node_modules/.vite/deps/chunk-LPF6KSF2.js?v=4934fd6a:11596:26)
    at mountIndeterminateComponent (http://[::1]:5173/node_modules/.vite/deps/chunk-LPF6KSF2.js?v=4934fd6a:14974:21)
    at beginWork (http://[::1]:5173/node_modules/.vite/deps/chunk-LPF6KSF2.js?v=4934fd6a:15962:22)
    at HTMLUnknownElement.callCallback2 (http://[::1]:5173/node_modules/.vite/deps/chunk-LPF6KSF2.js?v=4934fd6a:3680:22)
    at Object.invokeGuardedCallbackDev (http://[::1]:5173/node_modules/.vite/deps/chunk-LPF6KSF2.js?v=4934fd6a:3705:24)
    at invokeGuardedCallback (http://[::1]:5173/node_modules/.vite/deps/chunk-LPF6KSF2.js?v=4934fd6a:3739:39)
    at beginWork$1 (http://[::1]:5173/node_modules/.vite/deps/chunk-LPF6KSF2.js?v=4934fd6a:19818:15)
    at performUnitOfWork (http://[::1]:5173/node_modules/.vite/deps/chunk-LPF6KSF2.js?v=4934fd6a:19251:20)
    at workLoopSync (http://[::1]:5173/node_modules/.vite/deps/chunk-LPF6KSF2.js?v=4934fd6a:19190:13)
[  323870ms] TypeError: Cannot read properties of undefined (reading 'enabled')
    at WatermarkOverlay (http://[::1]:5173/resources/js/Pages/GalleryShow.tsx?t=1780775237164:34:18)
    at renderWithHooks (http://[::1]:5173/node_modules/.vite/deps/chunk-LPF6KSF2.js?v=4934fd6a:11596:26)
    at mountIndeterminateComponent (http://[::1]:5173/node_modules/.vite/deps/chunk-LPF6KSF2.js?v=4934fd6a:14974:21)
    at beginWork (http://[::1]:5173/node_modules/.vite/deps/chunk-LPF6KSF2.js?v=4934fd6a:15962:22)
    at HTMLUnknownElement.callCallback2 (http://[::1]:5173/node_modules/.vite/deps/chunk-LPF6KSF2.js?v=4934fd6a:3680:22)
    at Object.invokeGuardedCallbackDev (http://[::1]:5173/node_modules/.vite/deps/chunk-LPF6KSF2.js?v=4934fd6a:3705:24)
    at invokeGuardedCallback (http://[::1]:5173/node_modules/.vite/deps/chunk-LPF6KSF2.js?v=4934fd6a:3739:39)
    at beginWork$1 (http://[::1]:5173/node_modules/.vite/deps/chunk-LPF6KSF2.js?v=4934fd6a:19818:15)
    at performUnitOfWork (http://[::1]:5173/node_modules/.vite/deps/chunk-LPF6KSF2.js?v=4934fd6a:19251:20)
    at workLoopSync (http://[::1]:5173/node_modules/.vite/deps/chunk-LPF6KSF2.js?v=4934fd6a:19190:13)
[  323871ms] TypeError: Cannot read properties of undefined (reading 'enabled')
    at WatermarkOverlay (http://[::1]:5173/resources/js/Pages/GalleryShow.tsx?t=1780775237164:34:18)
    at renderWithHooks (http://[::1]:5173/node_modules/.vite/deps/chunk-LPF6KSF2.js?v=4934fd6a:11596:26)
    at mountIndeterminateComponent (http://[::1]:5173/node_modules/.vite/deps/chunk-LPF6KSF2.js?v=4934fd6a:14974:21)
    at beginWork (http://[::1]:5173/node_modules/.vite/deps/chunk-LPF6KSF2.js?v=4934fd6a:15962:22)
    at HTMLUnknownElement.callCallback2 (http://[::1]:5173/node_modules/.vite/deps/chunk-LPF6KSF2.js?v=4934fd6a:3680:22)
    at Object.invokeGuardedCallbackDev (http://[::1]:5173/node_modules/.vite/deps/chunk-LPF6KSF2.js?v=4934fd6a:3705:24)
    at invokeGuardedCallback (http://[::1]:5173/node_modules/.vite/deps/chunk-LPF6KSF2.js?v=4934fd6a:3739:39)
    at beginWork$1 (http://[::1]:5173/node_modules/.vite/deps/chunk-LPF6KSF2.js?v=4934fd6a:19818:15)
    at performUnitOfWork (http://[::1]:5173/node_modules/.vite/deps/chunk-LPF6KSF2.js?v=4934fd6a:19251:20)
    at workLoopSync (http://[::1]:5173/node_modules/.vite/deps/chunk-LPF6KSF2.js?v=4934fd6a:19190:13)
[  323872ms] TypeError: Cannot read properties of undefined (reading 'enabled')
    at WatermarkOverlay (http://[::1]:5173/resources/js/Pages/GalleryShow.tsx?t=1780775237164:34:18)
    at renderWithHooks (http://[::1]:5173/node_modules/.vite/deps/chunk-LPF6KSF2.js?v=4934fd6a:11596:26)
    at mountIndeterminateComponent (http://[::1]:5173/node_modules/.vite/deps/chunk-LPF6KSF2.js?v=4934fd6a:14974:21)
    at beginWork (http://[::1]:5173/node_modules/.vite/deps/chunk-LPF6KSF2.js?v=4934fd6a:15962:22)
    at HTMLUnknownElement.callCallback2 (http://[::1]:5173/node_modules/.vite/deps/chunk-LPF6KSF2.js?v=4934fd6a:3680:22)
    at Object.invokeGuardedCallbackDev (http://[::1]:5173/node_modules/.vite/deps/chunk-LPF6KSF2.js?v=4934fd6a:3705:24)
    at invokeGuardedCallback (http://[::1]:5173/node_modules/.vite/deps/chunk-LPF6KSF2.js?v=4934fd6a:3739:39)
    at beginWork$1 (http://[::1]:5173/node_modules/.vite/deps/chunk-LPF6KSF2.js?v=4934fd6a:19818:15)
    at performUnitOfWork (http://[::1]:5173/node_modules/.vite/deps/chunk-LPF6KSF2.js?v=4934fd6a:19251:20)
    at workLoopSync (http://[::1]:5173/node_modules/.vite/deps/chunk-LPF6KSF2.js?v=4934fd6a:19190:13)
[  323873ms] TypeError: Cannot read properties of undefined (reading 'enabled')
    at WatermarkOverlay (http://[::1]:5173/resources/js/Pages/GalleryShow.tsx?t=1780775237164:34:18)
    at renderWithHooks (http://[::1]:5173/node_modules/.vite/deps/chunk-LPF6KSF2.js?v=4934fd6a:11596:26)
    at mountIndeterminateComponent (http://[::1]:5173/node_modules/.vite/deps/chunk-LPF6KSF2.js?v=4934fd6a:14974:21)
    at beginWork (http://[::1]:5173/node_modules/.vite/deps/chunk-LPF6KSF2.js?v=4934fd6a:15962:22)
    at HTMLUnknownElement.callCallback2 (http://[::1]:5173/node_modules/.vite/deps/chunk-LPF6KSF2.js?v=4934fd6a:3680:22)
    at Object.invokeGuardedCallbackDev (http://[::1]:5173/node_modules/.vite/deps/chunk-LPF6KSF2.js?v=4934fd6a:3705:24)
    at invokeGuardedCallback (http://[::1]:5173/node_modules/.vite/deps/chunk-LPF6KSF2.js?v=4934fd6a:3739:39)
    at beginWork$1 (http://[::1]:5173/node_modules/.vite/deps/chunk-LPF6KSF2.js?v=4934fd6a:19818:15)
    at performUnitOfWork (http://[::1]:5173/node_modules/.vite/deps/chunk-LPF6KSF2.js?v=4934fd6a:19251:20)
    at workLoopSync (http://[::1]:5173/node_modules/.vite/deps/chunk-LPF6KSF2.js?v=4934fd6a:19190:13)
[  323874ms] TypeError: Cannot read properties of undefined (reading 'enabled')
    at WatermarkOverlay (http://[::1]:5173/resources/js/Pages/GalleryShow.tsx?t=1780775237164:34:18)
    at renderWithHooks (http://[::1]:5173/node_modules/.vite/deps/chunk-LPF6KSF2.js?v=4934fd6a:11596:26)
    at mountIndeterminateComponent (http://[::1]:5173/node_modules/.vite/deps/chunk-LPF6KSF2.js?v=4934fd6a:14974:21)
    at beginWork (http://[::1]:5173/node_modules/.vite/deps/chunk-LPF6KSF2.js?v=4934fd6a:15962:22)
    at HTMLUnknownElement.callCallback2 (http://[::1]:5173/node_modules/.vite/deps/chunk-LPF6KSF2.js?v=4934fd6a:3680:22)
    at Object.invokeGuardedCallbackDev (http://[::1]:5173/node_modules/.vite/deps/chunk-LPF6KSF2.js?v=4934fd6a:3705:24)
    at invokeGuardedCallback (http://[::1]:5173/node_modules/.vite/deps/chunk-LPF6KSF2.js?v=4934fd6a:3739:39)
    at beginWork$1 (http://[::1]:5173/node_modules/.vite/deps/chunk-LPF6KSF2.js?v=4934fd6a:19818:15)
    at performUnitOfWork (http://[::1]:5173/node_modules/.vite/deps/chunk-LPF6KSF2.js?v=4934fd6a:19251:20)
    at workLoopSync (http://[::1]:5173/node_modules/.vite/deps/chunk-LPF6KSF2.js?v=4934fd6a:19190:13)
[  323875ms] TypeError: Cannot read properties of undefined (reading 'enabled')
    at WatermarkOverlay (http://[::1]:5173/resources/js/Pages/GalleryShow.tsx?t=1780775237164:34:18)
    at renderWithHooks (http://[::1]:5173/node_modules/.vite/deps/chunk-LPF6KSF2.js?v=4934fd6a:11596:26)
    at mountIndeterminateComponent (http://[::1]:5173/node_modules/.vite/deps/chunk-LPF6KSF2.js?v=4934fd6a:14974:21)
    at beginWork (http://[::1]:5173/node_modules/.vite/deps/chunk-LPF6KSF2.js?v=4934fd6a:15962:22)
    at HTMLUnknownElement.callCallback2 (http://[::1]:5173/node_modules/.vite/deps/chunk-LPF6KSF2.js?v=4934fd6a:3680:22)
    at Object.invokeGuardedCallbackDev (http://[::1]:5173/node_modules/.vite/deps/chunk-LPF6KSF2.js?v=4934fd6a:3705:24)
    at invokeGuardedCallback (http://[::1]:5173/node_modules/.vite/deps/chunk-LPF6KSF2.js?v=4934fd6a:3739:39)
    at beginWork$1 (http://[::1]:5173/node_modules/.vite/deps/chunk-LPF6KSF2.js?v=4934fd6a:19818:15)
    at performUnitOfWork (http://[::1]:5173/node_modules/.vite/deps/chunk-LPF6KSF2.js?v=4934fd6a:19251:20)
    at workLoopSync (http://[::1]:5173/node_modules/.vite/deps/chunk-LPF6KSF2.js?v=4934fd6a:19190:13)
[  323876ms] TypeError: Cannot read properties of undefined (reading 'enabled')
    at WatermarkOverlay (http://[::1]:5173/resources/js/Pages/GalleryShow.tsx?t=1780775237164:34:18)
    at renderWithHooks (http://[::1]:5173/node_modules/.vite/deps/chunk-LPF6KSF2.js?v=4934fd6a:11596:26)
    at mountIndeterminateComponent (http://[::1]:5173/node_modules/.vite/deps/chunk-LPF6KSF2.js?v=4934fd6a:14974:21)
    at beginWork (http://[::1]:5173/node_modules/.vite/deps/chunk-LPF6KSF2.js?v=4934fd6a:15962:22)
    at HTMLUnknownElement.callCallback2 (http://[::1]:5173/node_modules/.vite/deps/chunk-LPF6KSF2.js?v=4934fd6a:3680:22)
    at Object.invokeGuardedCallbackDev (http://[::1]:5173/node_modules/.vite/deps/chunk-LPF6KSF2.js?v=4934fd6a:3705:24)
    at invokeGuardedCallback (http://[::1]:5173/node_modules/.vite/deps/chunk-LPF6KSF2.js?v=4934fd6a:3739:39)
    at beginWork$1 (http://[::1]:5173/node_modules/.vite/deps/chunk-LPF6KSF2.js?v=4934fd6a:19818:15)
    at performUnitOfWork (http://[::1]:5173/node_modules/.vite/deps/chunk-LPF6KSF2.js?v=4934fd6a:19251:20)
    at workLoopSync (http://[::1]:5173/node_modules/.vite/deps/chunk-LPF6KSF2.js?v=4934fd6a:19190:13)
[  323877ms] TypeError: Cannot read properties of undefined (reading 'enabled')
    at WatermarkOverlay (http://[::1]:5173/resources/js/Pages/GalleryShow.tsx?t=1780775237164:34:18)
    at renderWithHooks (http://[::1]:5173/node_modules/.vite/deps/chunk-LPF6KSF2.js?v=4934fd6a:11596:26)
    at mountIndeterminateComponent (http://[::1]:5173/node_modules/.vite/deps/chunk-LPF6KSF2.js?v=4934fd6a:14974:21)
    at beginWork (http://[::1]:5173/node_modules/.vite/deps/chunk-LPF6KSF2.js?v=4934fd6a:15962:22)
    at HTMLUnknownElement.callCallback2 (http://[::1]:5173/node_modules/.vite/deps/chunk-LPF6KSF2.js?v=4934fd6a:3680:22)
    at Object.invokeGuardedCallbackDev (http://[::1]:5173/node_modules/.vite/deps/chunk-LPF6KSF2.js?v=4934fd6a:3705:24)
    at invokeGuardedCallback (http://[::1]:5173/node_modules/.vite/deps/chunk-LPF6KSF2.js?v=4934fd6a:3739:39)
    at beginWork$1 (http://[::1]:5173/node_modules/.vite/deps/chunk-LPF6KSF2.js?v=4934fd6a:19818:15)
    at performUnitOfWork (http://[::1]:5173/node_modules/.vite/deps/chunk-LPF6KSF2.js?v=4934fd6a:19251:20)
    at workLoopSync (http://[::1]:5173/node_modules/.vite/deps/chunk-LPF6KSF2.js?v=4934fd6a:19190:13)
[  323878ms] TypeError: Cannot read properties of undefined (reading 'enabled')
    at WatermarkOverlay (http://[::1]:5173/resources/js/Pages/GalleryShow.tsx?t=1780775237164:34:18)
    at renderWithHooks (http://[::1]:5173/node_modules/.vite/deps/chunk-LPF6KSF2.js?v=4934fd6a:11596:26)
    at mountIndeterminateComponent (http://[::1]:5173/node_modules/.vite/deps/chunk-LPF6KSF2.js?v=4934fd6a:14974:21)
    at beginWork (http://[::1]:5173/node_modules/.vite/deps/chunk-LPF6KSF2.js?v=4934fd6a:15962:22)
    at HTMLUnknownElement.callCallback2 (http://[::1]:5173/node_modules/.vite/deps/chunk-LPF6KSF2.js?v=4934fd6a:3680:22)
    at Object.invokeGuardedCallbackDev (http://[::1]:5173/node_modules/.vite/deps/chunk-LPF6KSF2.js?v=4934fd6a:3705:24)
    at invokeGuardedCallback (http://[::1]:5173/node_modules/.vite/deps/chunk-LPF6KSF2.js?v=4934fd6a:3739:39)
    at beginWork$1 (http://[::1]:5173/node_modules/.vite/deps/chunk-LPF6KSF2.js?v=4934fd6a:19818:15)
    at performUnitOfWork (http://[::1]:5173/node_modules/.vite/deps/chunk-LPF6KSF2.js?v=4934fd6a:19251:20)
    at workLoopSync (http://[::1]:5173/node_modules/.vite/deps/chunk-LPF6KSF2.js?v=4934fd6a:19190:13)
[  323879ms] TypeError: Cannot read properties of undefined (reading 'enabled')
    at WatermarkOverlay (http://[::1]:5173/resources/js/Pages/GalleryShow.tsx?t=1780775237164:34:18)
    at renderWithHooks (http://[::1]:5173/node_modules/.vite/deps/chunk-LPF6KSF2.js?v=4934fd6a:11596:26)
    at mountIndeterminateComponent (http://[::1]:5173/node_modules/.vite/deps/chunk-LPF6KSF2.js?v=4934fd6a:14974:21)
    at beginWork (http://[::1]:5173/node_modules/.vite/deps/chunk-LPF6KSF2.js?v=4934fd6a:15962:22)
    at HTMLUnknownElement.callCallback2 (http://[::1]:5173/node_modules/.vite/deps/chunk-LPF6KSF2.js?v=4934fd6a:3680:22)
    at Object.invokeGuardedCallbackDev (http://[::1]:5173/node_modules/.vite/deps/chunk-LPF6KSF2.js?v=4934fd6a:3705:24)
    at invokeGuardedCallback (http://[::1]:5173/node_modules/.vite/deps/chunk-LPF6KSF2.js?v=4934fd6a:3739:39)
    at beginWork$1 (http://[::1]:5173/node_modules/.vite/deps/chunk-LPF6KSF2.js?v=4934fd6a:19818:15)
    at performUnitOfWork (http://[::1]:5173/node_modules/.vite/deps/chunk-LPF6KSF2.js?v=4934fd6a:19251:20)
    at workLoopSync (http://[::1]:5173/node_modules/.vite/deps/chunk-LPF6KSF2.js?v=4934fd6a:19190:13)
[  323880ms] TypeError: Cannot read properties of undefined (reading 'enabled')
    at WatermarkOverlay (http://[::1]:5173/resources/js/Pages/GalleryShow.tsx?t=1780775237164:34:18)
    at renderWithHooks (http://[::1]:5173/node_modules/.vite/deps/chunk-LPF6KSF2.js?v=4934fd6a:11596:26)
    at mountIndeterminateComponent (http://[::1]:5173/node_modules/.vite/deps/chunk-LPF6KSF2.js?v=4934fd6a:14974:21)
    at beginWork (http://[::1]:5173/node_modules/.vite/deps/chunk-LPF6KSF2.js?v=4934fd6a:15962:22)
    at HTMLUnknownElement.callCallback2 (http://[::1]:5173/node_modules/.vite/deps/chunk-LPF6KSF2.js?v=4934fd6a:3680:22)
    at Object.invokeGuardedCallbackDev (http://[::1]:5173/node_modules/.vite/deps/chunk-LPF6KSF2.js?v=4934fd6a:3705:24)
    at invokeGuardedCallback (http://[::1]:5173/node_modules/.vite/deps/chunk-LPF6KSF2.js?v=4934fd6a:3739:39)
    at beginWork$1 (http://[::1]:5173/node_modules/.vite/deps/chunk-LPF6KSF2.js?v=4934fd6a:19818:15)
    at performUnitOfWork (http://[::1]:5173/node_modules/.vite/deps/chunk-LPF6KSF2.js?v=4934fd6a:19251:20)
    at workLoopSync (http://[::1]:5173/node_modules/.vite/deps/chunk-LPF6KSF2.js?v=4934fd6a:19190:13)
[  323881ms] TypeError: Cannot read properties of undefined (reading 'enabled')
    at WatermarkOverlay (http://[::1]:5173/resources/js/Pages/GalleryShow.tsx?t=1780775237164:34:18)
    at renderWithHooks (http://[::1]:5173/node_modules/.vite/deps/chunk-LPF6KSF2.js?v=4934fd6a:11596:26)
    at mountIndeterminateComponent (http://[::1]:5173/node_modules/.vite/deps/chunk-LPF6KSF2.js?v=4934fd6a:14974:21)
    at beginWork (http://[::1]:5173/node_modules/.vite/deps/chunk-LPF6KSF2.js?v=4934fd6a:15962:22)
    at HTMLUnknownElement.callCallback2 (http://[::1]:5173/node_modules/.vite/deps/chunk-LPF6KSF2.js?v=4934fd6a:3680:22)
    at Object.invokeGuardedCallbackDev (http://[::1]:5173/node_modules/.vite/deps/chunk-LPF6KSF2.js?v=4934fd6a:3705:24)
    at invokeGuardedCallback (http://[::1]:5173/node_modules/.vite/deps/chunk-LPF6KSF2.js?v=4934fd6a:3739:39)
    at beginWork$1 (http://[::1]:5173/node_modules/.vite/deps/chunk-LPF6KSF2.js?v=4934fd6a:19818:15)
    at performUnitOfWork (http://[::1]:5173/node_modules/.vite/deps/chunk-LPF6KSF2.js?v=4934fd6a:19251:20)
    at workLoopSync (http://[::1]:5173/node_modules/.vite/deps/chunk-LPF6KSF2.js?v=4934fd6a:19190:13)
[  323882ms] TypeError: Cannot read properties of undefined (reading 'enabled')
    at WatermarkOverlay (http://[::1]:5173/resources/js/Pages/GalleryShow.tsx?t=1780775237164:34:18)
    at renderWithHooks (http://[::1]:5173/node_modules/.vite/deps/chunk-LPF6KSF2.js?v=4934fd6a:11596:26)
    at mountIndeterminateComponent (http://[::1]:5173/node_modules/.vite/deps/chunk-LPF6KSF2.js?v=4934fd6a:14974:21)
    at beginWork (http://[::1]:5173/node_modules/.vite/deps/chunk-LPF6KSF2.js?v=4934fd6a:15962:22)
    at HTMLUnknownElement.callCallback2 (http://[::1]:5173/node_modules/.vite/deps/chunk-LPF6KSF2.js?v=4934fd6a:3680:22)
    at Object.invokeGuardedCallbackDev (http://[::1]:5173/node_modules/.vite/deps/chunk-LPF6KSF2.js?v=4934fd6a:3705:24)
    at invokeGuardedCallback (http://[::1]:5173/node_modules/.vite/deps/chunk-LPF6KSF2.js?v=4934fd6a:3739:39)
    at beginWork$1 (http://[::1]:5173/node_modules/.vite/deps/chunk-LPF6KSF2.js?v=4934fd6a:19818:15)
    at performUnitOfWork (http://[::1]:5173/node_modules/.vite/deps/chunk-LPF6KSF2.js?v=4934fd6a:19251:20)
    at workLoopSync (http://[::1]:5173/node_modules/.vite/deps/chunk-LPF6KSF2.js?v=4934fd6a:19190:13)
[  323883ms] TypeError: Cannot read properties of undefined (reading 'enabled')
    at WatermarkOverlay (http://[::1]:5173/resources/js/Pages/GalleryShow.tsx?t=1780775237164:34:18)
    at renderWithHooks (http://[::1]:5173/node_modules/.vite/deps/chunk-LPF6KSF2.js?v=4934fd6a:11596:26)
    at mountIndeterminateComponent (http://[::1]:5173/node_modules/.vite/deps/chunk-LPF6KSF2.js?v=4934fd6a:14974:21)
    at beginWork (http://[::1]:5173/node_modules/.vite/deps/chunk-LPF6KSF2.js?v=4934fd6a:15962:22)
    at HTMLUnknownElement.callCallback2 (http://[::1]:5173/node_modules/.vite/deps/chunk-LPF6KSF2.js?v=4934fd6a:3680:22)
    at Object.invokeGuardedCallbackDev (http://[::1]:5173/node_modules/.vite/deps/chunk-LPF6KSF2.js?v=4934fd6a:3705:24)
    at invokeGuardedCallback (http://[::1]:5173/node_modules/.vite/deps/chunk-LPF6KSF2.js?v=4934fd6a:3739:39)
    at beginWork$1 (http://[::1]:5173/node_modules/.vite/deps/chunk-LPF6KSF2.js?v=4934fd6a:19818:15)
    at performUnitOfWork (http://[::1]:5173/node_modules/.vite/deps/chunk-LPF6KSF2.js?v=4934fd6a:19251:20)
    at workLoopSync (http://[::1]:5173/node_modules/.vite/deps/chunk-LPF6KSF2.js?v=4934fd6a:19190:13)
[  323884ms] TypeError: Cannot read properties of undefined (reading 'enabled')
    at WatermarkOverlay (http://[::1]:5173/resources/js/Pages/GalleryShow.tsx?t=1780775237164:34:18)
    at renderWithHooks (http://[::1]:5173/node_modules/.vite/deps/chunk-LPF6KSF2.js?v=4934fd6a:11596:26)
    at mountIndeterminateComponent (http://[::1]:5173/node_modules/.vite/deps/chunk-LPF6KSF2.js?v=4934fd6a:14974:21)
    at beginWork (http://[::1]:5173/node_modules/.vite/deps/chunk-LPF6KSF2.js?v=4934fd6a:15962:22)
    at HTMLUnknownElement.callCallback2 (http://[::1]:5173/node_modules/.vite/deps/chunk-LPF6KSF2.js?v=4934fd6a:3680:22)
    at Object.invokeGuardedCallbackDev (http://[::1]:5173/node_modules/.vite/deps/chunk-LPF6KSF2.js?v=4934fd6a:3705:24)
    at invokeGuardedCallback (http://[::1]:5173/node_modules/.vite/deps/chunk-LPF6KSF2.js?v=4934fd6a:3739:39)
    at beginWork$1 (http://[::1]:5173/node_modules/.vite/deps/chunk-LPF6KSF2.js?v=4934fd6a:19818:15)
    at performUnitOfWork (http://[::1]:5173/node_modules/.vite/deps/chunk-LPF6KSF2.js?v=4934fd6a:19251:20)
    at workLoopSync (http://[::1]:5173/node_modules/.vite/deps/chunk-LPF6KSF2.js?v=4934fd6a:19190:13)
[  323885ms] TypeError: Cannot read properties of undefined (reading 'enabled')
    at WatermarkOverlay (http://[::1]:5173/resources/js/Pages/GalleryShow.tsx?t=1780775237164:34:18)
    at renderWithHooks (http://[::1]:5173/node_modules/.vite/deps/chunk-LPF6KSF2.js?v=4934fd6a:11596:26)
    at mountIndeterminateComponent (http://[::1]:5173/node_modules/.vite/deps/chunk-LPF6KSF2.js?v=4934fd6a:14974:21)
    at beginWork (http://[::1]:5173/node_modules/.vite/deps/chunk-LPF6KSF2.js?v=4934fd6a:15962:22)
    at HTMLUnknownElement.callCallback2 (http://[::1]:5173/node_modules/.vite/deps/chunk-LPF6KSF2.js?v=4934fd6a:3680:22)
    at Object.invokeGuardedCallbackDev (http://[::1]:5173/node_modules/.vite/deps/chunk-LPF6KSF2.js?v=4934fd6a:3705:24)
    at invokeGuardedCallback (http://[::1]:5173/node_modules/.vite/deps/chunk-LPF6KSF2.js?v=4934fd6a:3739:39)
    at beginWork$1 (http://[::1]:5173/node_modules/.vite/deps/chunk-LPF6KSF2.js?v=4934fd6a:19818:15)
    at performUnitOfWork (http://[::1]:5173/node_modules/.vite/deps/chunk-LPF6KSF2.js?v=4934fd6a:19251:20)
    at workLoopSync (http://[::1]:5173/node_modules/.vite/deps/chunk-LPF6KSF2.js?v=4934fd6a:19190:13)
[  323886ms] TypeError: Cannot read properties of undefined (reading 'enabled')
    at WatermarkOverlay (http://[::1]:5173/resources/js/Pages/GalleryShow.tsx?t=1780775237164:34:18)
    at renderWithHooks (http://[::1]:5173/node_modules/.vite/deps/chunk-LPF6KSF2.js?v=4934fd6a:11596:26)
    at mountIndeterminateComponent (http://[::1]:5173/node_modules/.vite/deps/chunk-LPF6KSF2.js?v=4934fd6a:14974:21)
    at beginWork (http://[::1]:5173/node_modules/.vite/deps/chunk-LPF6KSF2.js?v=4934fd6a:15962:22)
    at HTMLUnknownElement.callCallback2 (http://[::1]:5173/node_modules/.vite/deps/chunk-LPF6KSF2.js?v=4934fd6a:3680:22)
    at Object.invokeGuardedCallbackDev (http://[::1]:5173/node_modules/.vite/deps/chunk-LPF6KSF2.js?v=4934fd6a:3705:24)
    at invokeGuardedCallback (http://[::1]:5173/node_modules/.vite/deps/chunk-LPF6KSF2.js?v=4934fd6a:3739:39)
    at beginWork$1 (http://[::1]:5173/node_modules/.vite/deps/chunk-LPF6KSF2.js?v=4934fd6a:19818:15)
    at performUnitOfWork (http://[::1]:5173/node_modules/.vite/deps/chunk-LPF6KSF2.js?v=4934fd6a:19251:20)
    at workLoopSync (http://[::1]:5173/node_modules/.vite/deps/chunk-LPF6KSF2.js?v=4934fd6a:19190:13)
[  323887ms] TypeError: Cannot read properties of undefined (reading 'enabled')
    at WatermarkOverlay (http://[::1]:5173/resources/js/Pages/GalleryShow.tsx?t=1780775237164:34:18)
    at renderWithHooks (http://[::1]:5173/node_modules/.vite/deps/chunk-LPF6KSF2.js?v=4934fd6a:11596:26)
    at mountIndeterminateComponent (http://[::1]:5173/node_modules/.vite/deps/chunk-LPF6KSF2.js?v=4934fd6a:14974:21)
    at beginWork (http://[::1]:5173/node_modules/.vite/deps/chunk-LPF6KSF2.js?v=4934fd6a:15962:22)
    at HTMLUnknownElement.callCallback2 (http://[::1]:5173/node_modules/.vite/deps/chunk-LPF6KSF2.js?v=4934fd6a:3680:22)
    at Object.invokeGuardedCallbackDev (http://[::1]:5173/node_modules/.vite/deps/chunk-LPF6KSF2.js?v=4934fd6a:3705:24)
    at invokeGuardedCallback (http://[::1]:5173/node_modules/.vite/deps/chunk-LPF6KSF2.js?v=4934fd6a:3739:39)
    at beginWork$1 (http://[::1]:5173/node_modules/.vite/deps/chunk-LPF6KSF2.js?v=4934fd6a:19818:15)
    at performUnitOfWork (http://[::1]:5173/node_modules/.vite/deps/chunk-LPF6KSF2.js?v=4934fd6a:19251:20)
    at workLoopSync (http://[::1]:5173/node_modules/.vite/deps/chunk-LPF6KSF2.js?v=4934fd6a:19190:13)
[  323888ms] TypeError: Cannot read properties of undefined (reading 'enabled')
    at WatermarkOverlay (http://[::1]:5173/resources/js/Pages/GalleryShow.tsx?t=1780775237164:34:18)
    at renderWithHooks (http://[::1]:5173/node_modules/.vite/deps/chunk-LPF6KSF2.js?v=4934fd6a:11596:26)
    at mountIndeterminateComponent (http://[::1]:5173/node_modules/.vite/deps/chunk-LPF6KSF2.js?v=4934fd6a:14974:21)
    at beginWork (http://[::1]:5173/node_modules/.vite/deps/chunk-LPF6KSF2.js?v=4934fd6a:15962:22)
    at HTMLUnknownElement.callCallback2 (http://[::1]:5173/node_modules/.vite/deps/chunk-LPF6KSF2.js?v=4934fd6a:3680:22)
    at Object.invokeGuardedCallbackDev (http://[::1]:5173/node_modules/.vite/deps/chunk-LPF6KSF2.js?v=4934fd6a:3705:24)
    at invokeGuardedCallback (http://[::1]:5173/node_modules/.vite/deps/chunk-LPF6KSF2.js?v=4934fd6a:3739:39)
    at beginWork$1 (http://[::1]:5173/node_modules/.vite/deps/chunk-LPF6KSF2.js?v=4934fd6a:19818:15)
    at performUnitOfWork (http://[::1]:5173/node_modules/.vite/deps/chunk-LPF6KSF2.js?v=4934fd6a:19251:20)
    at workLoopSync (http://[::1]:5173/node_modules/.vite/deps/chunk-LPF6KSF2.js?v=4934fd6a:19190:13)
[  323888ms] TypeError: Cannot read properties of undefined (reading 'enabled')
    at WatermarkOverlay (http://[::1]:5173/resources/js/Pages/GalleryShow.tsx?t=1780775237164:34:18)
    at renderWithHooks (http://[::1]:5173/node_modules/.vite/deps/chunk-LPF6KSF2.js?v=4934fd6a:11596:26)
    at mountIndeterminateComponent (http://[::1]:5173/node_modules/.vite/deps/chunk-LPF6KSF2.js?v=4934fd6a:14974:21)
    at beginWork (http://[::1]:5173/node_modules/.vite/deps/chunk-LPF6KSF2.js?v=4934fd6a:15962:22)
    at HTMLUnknownElement.callCallback2 (http://[::1]:5173/node_modules/.vite/deps/chunk-LPF6KSF2.js?v=4934fd6a:3680:22)
    at Object.invokeGuardedCallbackDev (http://[::1]:5173/node_modules/.vite/deps/chunk-LPF6KSF2.js?v=4934fd6a:3705:24)
    at invokeGuardedCallback (http://[::1]:5173/node_modules/.vite/deps/chunk-LPF6KSF2.js?v=4934fd6a:3739:39)
    at beginWork$1 (http://[::1]:5173/node_modules/.vite/deps/chunk-LPF6KSF2.js?v=4934fd6a:19818:15)
    at performUnitOfWork (http://[::1]:5173/node_modules/.vite/deps/chunk-LPF6KSF2.js?v=4934fd6a:19251:20)
    at workLoopSync (http://[::1]:5173/node_modules/.vite/deps/chunk-LPF6KSF2.js?v=4934fd6a:19190:13)
[  323889ms] TypeError: Cannot read properties of undefined (reading 'enabled')
    at WatermarkOverlay (http://[::1]:5173/resources/js/Pages/GalleryShow.tsx?t=1780775237164:34:18)
    at renderWithHooks (http://[::1]:5173/node_modules/.vite/deps/chunk-LPF6KSF2.js?v=4934fd6a:11596:26)
    at mountIndeterminateComponent (http://[::1]:5173/node_modules/.vite/deps/chunk-LPF6KSF2.js?v=4934fd6a:14974:21)
    at beginWork (http://[::1]:5173/node_modules/.vite/deps/chunk-LPF6KSF2.js?v=4934fd6a:15962:22)
    at HTMLUnknownElement.callCallback2 (http://[::1]:5173/node_modules/.vite/deps/chunk-LPF6KSF2.js?v=4934fd6a:3680:22)
    at Object.invokeGuardedCallbackDev (http://[::1]:5173/node_modules/.vite/deps/chunk-LPF6KSF2.js?v=4934fd6a:3705:24)
    at invokeGuardedCallback (http://[::1]:5173/node_modules/.vite/deps/chunk-LPF6KSF2.js?v=4934fd6a:3739:39)
    at beginWork$1 (http://[::1]:5173/node_modules/.vite/deps/chunk-LPF6KSF2.js?v=4934fd6a:19818:15)
    at performUnitOfWork (http://[::1]:5173/node_modules/.vite/deps/chunk-LPF6KSF2.js?v=4934fd6a:19251:20)
    at workLoopSync (http://[::1]:5173/node_modules/.vite/deps/chunk-LPF6KSF2.js?v=4934fd6a:19190:13)
[  323890ms] TypeError: Cannot read properties of undefined (reading 'enabled')
    at WatermarkOverlay (http://[::1]:5173/resources/js/Pages/GalleryShow.tsx?t=1780775237164:34:18)
    at renderWithHooks (http://[::1]:5173/node_modules/.vite/deps/chunk-LPF6KSF2.js?v=4934fd6a:11596:26)
    at mountIndeterminateComponent (http://[::1]:5173/node_modules/.vite/deps/chunk-LPF6KSF2.js?v=4934fd6a:14974:21)
    at beginWork (http://[::1]:5173/node_modules/.vite/deps/chunk-LPF6KSF2.js?v=4934fd6a:15962:22)
    at HTMLUnknownElement.callCallback2 (http://[::1]:5173/node_modules/.vite/deps/chunk-LPF6KSF2.js?v=4934fd6a:3680:22)
    at Object.invokeGuardedCallbackDev (http://[::1]:5173/node_modules/.vite/deps/chunk-LPF6KSF2.js?v=4934fd6a:3705:24)
    at invokeGuardedCallback (http://[::1]:5173/node_modules/.vite/deps/chunk-LPF6KSF2.js?v=4934fd6a:3739:39)
    at beginWork$1 (http://[::1]:5173/node_modules/.vite/deps/chunk-LPF6KSF2.js?v=4934fd6a:19818:15)
    at performUnitOfWork (http://[::1]:5173/node_modules/.vite/deps/chunk-LPF6KSF2.js?v=4934fd6a:19251:20)
    at workLoopSync (http://[::1]:5173/node_modules/.vite/deps/chunk-LPF6KSF2.js?v=4934fd6a:19190:13)
[  323891ms] TypeError: Cannot read properties of undefined (reading 'enabled')
    at WatermarkOverlay (http://[::1]:5173/resources/js/Pages/GalleryShow.tsx?t=1780775237164:34:18)
    at renderWithHooks (http://[::1]:5173/node_modules/.vite/deps/chunk-LPF6KSF2.js?v=4934fd6a:11596:26)
    at mountIndeterminateComponent (http://[::1]:5173/node_modules/.vite/deps/chunk-LPF6KSF2.js?v=4934fd6a:14974:21)
    at beginWork (http://[::1]:5173/node_modules/.vite/deps/chunk-LPF6KSF2.js?v=4934fd6a:15962:22)
    at HTMLUnknownElement.callCallback2 (http://[::1]:5173/node_modules/.vite/deps/chunk-LPF6KSF2.js?v=4934fd6a:3680:22)
    at Object.invokeGuardedCallbackDev (http://[::1]:5173/node_modules/.vite/deps/chunk-LPF6KSF2.js?v=4934fd6a:3705:24)
    at invokeGuardedCallback (http://[::1]:5173/node_modules/.vite/deps/chunk-LPF6KSF2.js?v=4934fd6a:3739:39)
    at beginWork$1 (http://[::1]:5173/node_modules/.vite/deps/chunk-LPF6KSF2.js?v=4934fd6a:19818:15)
    at performUnitOfWork (http://[::1]:5173/node_modules/.vite/deps/chunk-LPF6KSF2.js?v=4934fd6a:19251:20)
    at workLoopSync (http://[::1]:5173/node_modules/.vite/deps/chunk-LPF6KSF2.js?v=4934fd6a:19190:13)
[  323892ms] TypeError: Cannot read properties of undefined (reading 'enabled')
    at WatermarkOverlay (http://[::1]:5173/resources/js/Pages/GalleryShow.tsx?t=1780775237164:34:18)
    at renderWithHooks (http://[::1]:5173/node_modules/.vite/deps/chunk-LPF6KSF2.js?v=4934fd6a:11596:26)
    at mountIndeterminateComponent (http://[::1]:5173/node_modules/.vite/deps/chunk-LPF6KSF2.js?v=4934fd6a:14974:21)
    at beginWork (http://[::1]:5173/node_modules/.vite/deps/chunk-LPF6KSF2.js?v=4934fd6a:15962:22)
    at HTMLUnknownElement.callCallback2 (http://[::1]:5173/node_modules/.vite/deps/chunk-LPF6KSF2.js?v=4934fd6a:3680:22)
    at Object.invokeGuardedCallbackDev (http://[::1]:5173/node_modules/.vite/deps/chunk-LPF6KSF2.js?v=4934fd6a:3705:24)
    at invokeGuardedCallback (http://[::1]:5173/node_modules/.vite/deps/chunk-LPF6KSF2.js?v=4934fd6a:3739:39)
    at beginWork$1 (http://[::1]:5173/node_modules/.vite/deps/chunk-LPF6KSF2.js?v=4934fd6a:19818:15)
    at performUnitOfWork (http://[::1]:5173/node_modules/.vite/deps/chunk-LPF6KSF2.js?v=4934fd6a:19251:20)
    at workLoopSync (http://[::1]:5173/node_modules/.vite/deps/chunk-LPF6KSF2.js?v=4934fd6a:19190:13)
[  323893ms] TypeError: Cannot read properties of undefined (reading 'enabled')
    at WatermarkOverlay (http://[::1]:5173/resources/js/Pages/GalleryShow.tsx?t=1780775237164:34:18)
    at renderWithHooks (http://[::1]:5173/node_modules/.vite/deps/chunk-LPF6KSF2.js?v=4934fd6a:11596:26)
    at mountIndeterminateComponent (http://[::1]:5173/node_modules/.vite/deps/chunk-LPF6KSF2.js?v=4934fd6a:14974:21)
    at beginWork (http://[::1]:5173/node_modules/.vite/deps/chunk-LPF6KSF2.js?v=4934fd6a:15962:22)
    at HTMLUnknownElement.callCallback2 (http://[::1]:5173/node_modules/.vite/deps/chunk-LPF6KSF2.js?v=4934fd6a:3680:22)
    at Object.invokeGuardedCallbackDev (http://[::1]:5173/node_modules/.vite/deps/chunk-LPF6KSF2.js?v=4934fd6a:3705:24)
    at invokeGuardedCallback (http://[::1]:5173/node_modules/.vite/deps/chunk-LPF6KSF2.js?v=4934fd6a:3739:39)
    at beginWork$1 (http://[::1]:5173/node_modules/.vite/deps/chunk-LPF6KSF2.js?v=4934fd6a:19818:15)
    at performUnitOfWork (http://[::1]:5173/node_modules/.vite/deps/chunk-LPF6KSF2.js?v=4934fd6a:19251:20)
    at workLoopSync (http://[::1]:5173/node_modules/.vite/deps/chunk-LPF6KSF2.js?v=4934fd6a:19190:13)
[  323894ms] TypeError: Cannot read properties of undefined (reading 'enabled')
    at WatermarkOverlay (http://[::1]:5173/resources/js/Pages/GalleryShow.tsx?t=1780775237164:34:18)
    at renderWithHooks (http://[::1]:5173/node_modules/.vite/deps/chunk-LPF6KSF2.js?v=4934fd6a:11596:26)
    at mountIndeterminateComponent (http://[::1]:5173/node_modules/.vite/deps/chunk-LPF6KSF2.js?v=4934fd6a:14974:21)
    at beginWork (http://[::1]:5173/node_modules/.vite/deps/chunk-LPF6KSF2.js?v=4934fd6a:15962:22)
    at HTMLUnknownElement.callCallback2 (http://[::1]:5173/node_modules/.vite/deps/chunk-LPF6KSF2.js?v=4934fd6a:3680:22)
    at Object.invokeGuardedCallbackDev (http://[::1]:5173/node_modules/.vite/deps/chunk-LPF6KSF2.js?v=4934fd6a:3705:24)
    at invokeGuardedCallback (http://[::1]:5173/node_modules/.vite/deps/chunk-LPF6KSF2.js?v=4934fd6a:3739:39)
    at beginWork$1 (http://[::1]:5173/node_modules/.vite/deps/chunk-LPF6KSF2.js?v=4934fd6a:19818:15)
    at performUnitOfWork (http://[::1]:5173/node_modules/.vite/deps/chunk-LPF6KSF2.js?v=4934fd6a:19251:20)
    at workLoopSync (http://[::1]:5173/node_modules/.vite/deps/chunk-LPF6KSF2.js?v=4934fd6a:19190:13)
[  323895ms] TypeError: Cannot read properties of undefined (reading 'enabled')
    at WatermarkOverlay (http://[::1]:5173/resources/js/Pages/GalleryShow.tsx?t=1780775237164:34:18)
    at renderWithHooks (http://[::1]:5173/node_modules/.vite/deps/chunk-LPF6KSF2.js?v=4934fd6a:11596:26)
    at mountIndeterminateComponent (http://[::1]:5173/node_modules/.vite/deps/chunk-LPF6KSF2.js?v=4934fd6a:14974:21)
    at beginWork (http://[::1]:5173/node_modules/.vite/deps/chunk-LPF6KSF2.js?v=4934fd6a:15962:22)
    at HTMLUnknownElement.callCallback2 (http://[::1]:5173/node_modules/.vite/deps/chunk-LPF6KSF2.js?v=4934fd6a:3680:22)
    at Object.invokeGuardedCallbackDev (http://[::1]:5173/node_modules/.vite/deps/chunk-LPF6KSF2.js?v=4934fd6a:3705:24)
    at invokeGuardedCallback (http://[::1]:5173/node_modules/.vite/deps/chunk-LPF6KSF2.js?v=4934fd6a:3739:39)
    at beginWork$1 (http://[::1]:5173/node_modules/.vite/deps/chunk-LPF6KSF2.js?v=4934fd6a:19818:15)
    at performUnitOfWork (http://[::1]:5173/node_modules/.vite/deps/chunk-LPF6KSF2.js?v=4934fd6a:19251:20)
    at workLoopSync (http://[::1]:5173/node_modules/.vite/deps/chunk-LPF6KSF2.js?v=4934fd6a:19190:13)
[  323896ms] TypeError: Cannot read properties of undefined (reading 'enabled')
    at WatermarkOverlay (http://[::1]:5173/resources/js/Pages/GalleryShow.tsx?t=1780775237164:34:18)
    at renderWithHooks (http://[::1]:5173/node_modules/.vite/deps/chunk-LPF6KSF2.js?v=4934fd6a:11596:26)
    at mountIndeterminateComponent (http://[::1]:5173/node_modules/.vite/deps/chunk-LPF6KSF2.js?v=4934fd6a:14974:21)
    at beginWork (http://[::1]:5173/node_modules/.vite/deps/chunk-LPF6KSF2.js?v=4934fd6a:15962:22)
    at HTMLUnknownElement.callCallback2 (http://[::1]:5173/node_modules/.vite/deps/chunk-LPF6KSF2.js?v=4934fd6a:3680:22)
    at Object.invokeGuardedCallbackDev (http://[::1]:5173/node_modules/.vite/deps/chunk-LPF6KSF2.js?v=4934fd6a:3705:24)
    at invokeGuardedCallback (http://[::1]:5173/node_modules/.vite/deps/chunk-LPF6KSF2.js?v=4934fd6a:3739:39)
    at beginWork$1 (http://[::1]:5173/node_modules/.vite/deps/chunk-LPF6KSF2.js?v=4934fd6a:19818:15)
    at performUnitOfWork (http://[::1]:5173/node_modules/.vite/deps/chunk-LPF6KSF2.js?v=4934fd6a:19251:20)
    at workLoopSync (http://[::1]:5173/node_modules/.vite/deps/chunk-LPF6KSF2.js?v=4934fd6a:19190:13)
[  323897ms] TypeError: Cannot read properties of undefined (reading 'enabled')
    at WatermarkOverlay (http://[::1]:5173/resources/js/Pages/GalleryShow.tsx?t=1780775237164:34:18)
    at renderWithHooks (http://[::1]:5173/node_modules/.vite/deps/chunk-LPF6KSF2.js?v=4934fd6a:11596:26)
    at mountIndeterminateComponent (http://[::1]:5173/node_modules/.vite/deps/chunk-LPF6KSF2.js?v=4934fd6a:14974:21)
    at beginWork (http://[::1]:5173/node_modules/.vite/deps/chunk-LPF6KSF2.js?v=4934fd6a:15962:22)
    at HTMLUnknownElement.callCallback2 (http://[::1]:5173/node_modules/.vite/deps/chunk-LPF6KSF2.js?v=4934fd6a:3680:22)
    at Object.invokeGuardedCallbackDev (http://[::1]:5173/node_modules/.vite/deps/chunk-LPF6KSF2.js?v=4934fd6a:3705:24)
    at invokeGuardedCallback (http://[::1]:5173/node_modules/.vite/deps/chunk-LPF6KSF2.js?v=4934fd6a:3739:39)
    at beginWork$1 (http://[::1]:5173/node_modules/.vite/deps/chunk-LPF6KSF2.js?v=4934fd6a:19818:15)
    at performUnitOfWork (http://[::1]:5173/node_modules/.vite/deps/chunk-LPF6KSF2.js?v=4934fd6a:19251:20)
    at workLoopSync (http://[::1]:5173/node_modules/.vite/deps/chunk-LPF6KSF2.js?v=4934fd6a:19190:13)
[  323898ms] TypeError: Cannot read properties of undefined (reading 'enabled')
    at WatermarkOverlay (http://[::1]:5173/resources/js/Pages/GalleryShow.tsx?t=1780775237164:34:18)
    at renderWithHooks (http://[::1]:5173/node_modules/.vite/deps/chunk-LPF6KSF2.js?v=4934fd6a:11596:26)
    at mountIndeterminateComponent (http://[::1]:5173/node_modules/.vite/deps/chunk-LPF6KSF2.js?v=4934fd6a:14974:21)
    at beginWork (http://[::1]:5173/node_modules/.vite/deps/chunk-LPF6KSF2.js?v=4934fd6a:15962:22)
    at HTMLUnknownElement.callCallback2 (http://[::1]:5173/node_modules/.vite/deps/chunk-LPF6KSF2.js?v=4934fd6a:3680:22)
    at Object.invokeGuardedCallbackDev (http://[::1]:5173/node_modules/.vite/deps/chunk-LPF6KSF2.js?v=4934fd6a:3705:24)
    at invokeGuardedCallback (http://[::1]:5173/node_modules/.vite/deps/chunk-LPF6KSF2.js?v=4934fd6a:3739:39)
    at beginWork$1 (http://[::1]:5173/node_modules/.vite/deps/chunk-LPF6KSF2.js?v=4934fd6a:19818:15)
    at performUnitOfWork (http://[::1]:5173/node_modules/.vite/deps/chunk-LPF6KSF2.js?v=4934fd6a:19251:20)
    at workLoopSync (http://[::1]:5173/node_modules/.vite/deps/chunk-LPF6KSF2.js?v=4934fd6a:19190:13)
[  323900ms] [ERROR] The above error occurred in the <WatermarkOverlay> component:

    at WatermarkOverlay (http://[::1]:5173/resources/js/Pages/GalleryShow.tsx?t=1780775237164:33:29)
    at div
    at div
    at div
    at GalleryShow (http://[::1]:5173/resources/js/Pages/GalleryShow.tsx?t=1780775237164:62:39)
    at App (http://[::1]:5173/node_modules/.vite/deps/@inertiajs_react.js?v=4934fd6a:15099:3)

Consider adding an error boundary to your tree to customize error handling behavior.
Visit https://reactjs.org/link/error-boundaries to learn more about error boundaries. @ http://jaka-stran.test/galerija/icf-canoe-slalom-world-cup-1:89
[  323900ms] [ERROR] The above error occurred in the <WatermarkOverlay> component:

    at WatermarkOverlay (http://[::1]:5173/resources/js/Pages/GalleryShow.tsx?t=1780775237164:33:29)
    at div
    at div
    at div
    at GalleryShow (http://[::1]:5173/resources/js/Pages/GalleryShow.tsx?t=1780775237164:62:39)
    at App (http://[::1]:5173/node_modules/.vite/deps/@inertiajs_react.js?v=4934fd6a:15099:3)

Consider adding an error boundary to your tree to customize error handling behavior.
Visit https://reactjs.org/link/error-boundaries to learn more about error boundaries. @ http://jaka-stran.test/galerija/icf-canoe-slalom-world-cup-1:89
[  323900ms] [ERROR] The above error occurred in the <WatermarkOverlay> component:

    at WatermarkOverlay (http://[::1]:5173/resources/js/Pages/GalleryShow.tsx?t=1780775237164:33:29)
    at div
    at div
    at div
    at GalleryShow (http://[::1]:5173/resources/js/Pages/GalleryShow.tsx?t=1780775237164:62:39)
    at App (http://[::1]:5173/node_modules/.vite/deps/@inertiajs_react.js?v=4934fd6a:15099:3)

Consider adding an error boundary to your tree to customize error handling behavior.
Visit https://reactjs.org/link/error-boundaries to learn more about error boundaries. @ http://jaka-stran.test/galerija/icf-canoe-slalom-world-cup-1:89
[  323901ms] [ERROR] The above error occurred in the <WatermarkOverlay> component:

    at WatermarkOverlay (http://[::1]:5173/resources/js/Pages/GalleryShow.tsx?t=1780775237164:33:29)
    at div
    at div
    at div
    at GalleryShow (http://[::1]:5173/resources/js/Pages/GalleryShow.tsx?t=1780775237164:62:39)
    at App (http://[::1]:5173/node_modules/.vite/deps/@inertiajs_react.js?v=4934fd6a:15099:3)

Consider adding an error boundary to your tree to customize error handling behavior.
Visit https://reactjs.org/link/error-boundaries to learn more about error boundaries. @ http://jaka-stran.test/galerija/icf-canoe-slalom-world-cup-1:89
[  323901ms] [ERROR] The above error occurred in the <WatermarkOverlay> component:

    at WatermarkOverlay (http://[::1]:5173/resources/js/Pages/GalleryShow.tsx?t=1780775237164:33:29)
    at div
    at div
    at div
    at GalleryShow (http://[::1]:5173/resources/js/Pages/GalleryShow.tsx?t=1780775237164:62:39)
    at App (http://[::1]:5173/node_modules/.vite/deps/@inertiajs_react.js?v=4934fd6a:15099:3)

Consider adding an error boundary to your tree to customize error handling behavior.
Visit https://reactjs.org/link/error-boundaries to learn more about error boundaries. @ http://jaka-stran.test/galerija/icf-canoe-slalom-world-cup-1:89
[  323901ms] [ERROR] The above error occurred in the <WatermarkOverlay> component:

    at WatermarkOverlay (http://[::1]:5173/resources/js/Pages/GalleryShow.tsx?t=1780775237164:33:29)
    at div
    at div
    at div
    at GalleryShow (http://[::1]:5173/resources/js/Pages/GalleryShow.tsx?t=1780775237164:62:39)
    at App (http://[::1]:5173/node_modules/.vite/deps/@inertiajs_react.js?v=4934fd6a:15099:3)

Consider adding an error boundary to your tree to customize error handling behavior.
Visit https://reactjs.org/link/error-boundaries to learn more about error boundaries. @ http://jaka-stran.test/galerija/icf-canoe-slalom-world-cup-1:89
[  323901ms] [ERROR] The above error occurred in the <WatermarkOverlay> component:

    at WatermarkOverlay (http://[::1]:5173/resources/js/Pages/GalleryShow.tsx?t=1780775237164:33:29)
    at div
    at div
    at div
    at GalleryShow (http://[::1]:5173/resources/js/Pages/GalleryShow.tsx?t=1780775237164:62:39)
    at App (http://[::1]:5173/node_modules/.vite/deps/@inertiajs_react.js?v=4934fd6a:15099:3)

Consider adding an error boundary to your tree to customize error handling behavior.
Visit https://reactjs.org/link/error-boundaries to learn more about error boundaries. @ http://jaka-stran.test/galerija/icf-canoe-slalom-world-cup-1:89
[  323901ms] [ERROR] The above error occurred in the <WatermarkOverlay> component:

    at WatermarkOverlay (http://[::1]:5173/resources/js/Pages/GalleryShow.tsx?t=1780775237164:33:29)
    at div
    at div
    at div
    at GalleryShow (http://[::1]:5173/resources/js/Pages/GalleryShow.tsx?t=1780775237164:62:39)
    at App (http://[::1]:5173/node_modules/.vite/deps/@inertiajs_react.js?v=4934fd6a:15099:3)

Consider adding an error boundary to your tree to customize error handling behavior.
Visit https://reactjs.org/link/error-boundaries to learn more about error boundaries. @ http://jaka-stran.test/galerija/icf-canoe-slalom-world-cup-1:89
[  323901ms] [ERROR] The above error occurred in the <WatermarkOverlay> component:

    at WatermarkOverlay (http://[::1]:5173/resources/js/Pages/GalleryShow.tsx?t=1780775237164:33:29)
    at div
    at div
    at div
    at GalleryShow (http://[::1]:5173/resources/js/Pages/GalleryShow.tsx?t=1780775237164:62:39)
    at App (http://[::1]:5173/node_modules/.vite/deps/@inertiajs_react.js?v=4934fd6a:15099:3)

Consider adding an error boundary to your tree to customize error handling behavior.
Visit https://reactjs.org/link/error-boundaries to learn more about error boundaries. @ http://jaka-stran.test/galerija/icf-canoe-slalom-world-cup-1:89
[  323901ms] [ERROR] The above error occurred in the <WatermarkOverlay> component:

    at WatermarkOverlay (http://[::1]:5173/resources/js/Pages/GalleryShow.tsx?t=1780775237164:33:29)
    at div
    at div
    at div
    at GalleryShow (http://[::1]:5173/resources/js/Pages/GalleryShow.tsx?t=1780775237164:62:39)
    at App (http://[::1]:5173/node_modules/.vite/deps/@inertiajs_react.js?v=4934fd6a:15099:3)

Consider adding an error boundary to your tree to customize error handling behavior.
Visit https://reactjs.org/link/error-boundaries to learn more about error boundaries. @ http://jaka-stran.test/galerija/icf-canoe-slalom-world-cup-1:89
[  323901ms] [ERROR] The above error occurred in the <WatermarkOverlay> component:

    at WatermarkOverlay (http://[::1]:5173/resources/js/Pages/GalleryShow.tsx?t=1780775237164:33:29)
    at div
    at div
    at div
    at GalleryShow (http://[::1]:5173/resources/js/Pages/GalleryShow.tsx?t=1780775237164:62:39)
    at App (http://[::1]:5173/node_modules/.vite/deps/@inertiajs_react.js?v=4934fd6a:15099:3)

Consider adding an error boundary to your tree to customize error handling behavior.
Visit https://reactjs.org/link/error-boundaries to learn more about error boundaries. @ http://jaka-stran.test/galerija/icf-canoe-slalom-world-cup-1:89
[  323902ms] [ERROR] The above error occurred in the <WatermarkOverlay> component:

    at WatermarkOverlay (http://[::1]:5173/resources/js/Pages/GalleryShow.tsx?t=1780775237164:33:29)
    at div
    at div
    at div
    at GalleryShow (http://[::1]:5173/resources/js/Pages/GalleryShow.tsx?t=1780775237164:62:39)
    at App (http://[::1]:5173/node_modules/.vite/deps/@inertiajs_react.js?v=4934fd6a:15099:3)

Consider adding an error boundary to your tree to customize error handling behavior.
Visit https://reactjs.org/link/error-boundaries to learn more about error boundaries. @ http://jaka-stran.test/galerija/icf-canoe-slalom-world-cup-1:89
[  323902ms] [ERROR] The above error occurred in the <WatermarkOverlay> component:

    at WatermarkOverlay (http://[::1]:5173/resources/js/Pages/GalleryShow.tsx?t=1780775237164:33:29)
    at div
    at div
    at div
    at GalleryShow (http://[::1]:5173/resources/js/Pages/GalleryShow.tsx?t=1780775237164:62:39)
    at App (http://[::1]:5173/node_modules/.vite/deps/@inertiajs_react.js?v=4934fd6a:15099:3)

Consider adding an error boundary to your tree to customize error handling behavior.
Visit https://reactjs.org/link/error-boundaries to learn more about error boundaries. @ http://jaka-stran.test/galerija/icf-canoe-slalom-world-cup-1:89
[  323902ms] [ERROR] The above error occurred in the <WatermarkOverlay> component:

    at WatermarkOverlay (http://[::1]:5173/resources/js/Pages/GalleryShow.tsx?t=1780775237164:33:29)
    at div
    at div
    at div
    at GalleryShow (http://[::1]:5173/resources/js/Pages/GalleryShow.tsx?t=1780775237164:62:39)
    at App (http://[::1]:5173/node_modules/.vite/deps/@inertiajs_react.js?v=4934fd6a:15099:3)

Consider adding an error boundary to your tree to customize error handling behavior.
Visit https://reactjs.org/link/error-boundaries to learn more about error boundaries. @ http://jaka-stran.test/galerija/icf-canoe-slalom-world-cup-1:89
[  323902ms] [ERROR] The above error occurred in the <WatermarkOverlay> component:

    at WatermarkOverlay (http://[::1]:5173/resources/js/Pages/GalleryShow.tsx?t=1780775237164:33:29)
    at div
    at div
    at div
    at GalleryShow (http://[::1]:5173/resources/js/Pages/GalleryShow.tsx?t=1780775237164:62:39)
    at App (http://[::1]:5173/node_modules/.vite/deps/@inertiajs_react.js?v=4934fd6a:15099:3)

Consider adding an error boundary to your tree to customize error handling behavior.
Visit https://reactjs.org/link/error-boundaries to learn more about error boundaries. @ http://jaka-stran.test/galerija/icf-canoe-slalom-world-cup-1:89
[  323902ms] [ERROR] The above error occurred in the <WatermarkOverlay> component:

    at WatermarkOverlay (http://[::1]:5173/resources/js/Pages/GalleryShow.tsx?t=1780775237164:33:29)
    at div
    at div
    at div
    at GalleryShow (http://[::1]:5173/resources/js/Pages/GalleryShow.tsx?t=1780775237164:62:39)
    at App (http://[::1]:5173/node_modules/.vite/deps/@inertiajs_react.js?v=4934fd6a:15099:3)

Consider adding an error boundary to your tree to customize error handling behavior.
Visit https://reactjs.org/link/error-boundaries to learn more about error boundaries. @ http://jaka-stran.test/galerija/icf-canoe-slalom-world-cup-1:89
[  323902ms] [ERROR] The above error occurred in the <WatermarkOverlay> component:

    at WatermarkOverlay (http://[::1]:5173/resources/js/Pages/GalleryShow.tsx?t=1780775237164:33:29)
    at div
    at div
    at div
    at GalleryShow (http://[::1]:5173/resources/js/Pages/GalleryShow.tsx?t=1780775237164:62:39)
    at App (http://[::1]:5173/node_modules/.vite/deps/@inertiajs_react.js?v=4934fd6a:15099:3)

Consider adding an error boundary to your tree to customize error handling behavior.
Visit https://reactjs.org/link/error-boundaries to learn more about error boundaries. @ http://jaka-stran.test/galerija/icf-canoe-slalom-world-cup-1:89
[  323902ms] [ERROR] The above error occurred in the <WatermarkOverlay> component:

    at WatermarkOverlay (http://[::1]:5173/resources/js/Pages/GalleryShow.tsx?t=1780775237164:33:29)
    at div
    at div
    at div
    at GalleryShow (http://[::1]:5173/resources/js/Pages/GalleryShow.tsx?t=1780775237164:62:39)
    at App (http://[::1]:5173/node_modules/.vite/deps/@inertiajs_react.js?v=4934fd6a:15099:3)

Consider adding an error boundary to your tree to customize error handling behavior.
Visit https://reactjs.org/link/error-boundaries to learn more about error boundaries. @ http://jaka-stran.test/galerija/icf-canoe-slalom-world-cup-1:89
[  323902ms] [ERROR] The above error occurred in the <WatermarkOverlay> component:

    at WatermarkOverlay (http://[::1]:5173/resources/js/Pages/GalleryShow.tsx?t=1780775237164:33:29)
    at div
    at div
    at div
    at GalleryShow (http://[::1]:5173/resources/js/Pages/GalleryShow.tsx?t=1780775237164:62:39)
    at App (http://[::1]:5173/node_modules/.vite/deps/@inertiajs_react.js?v=4934fd6a:15099:3)

Consider adding an error boundary to your tree to customize error handling behavior.
Visit https://reactjs.org/link/error-boundaries to learn more about error boundaries. @ http://jaka-stran.test/galerija/icf-canoe-slalom-world-cup-1:89
[  323902ms] [ERROR] The above error occurred in the <WatermarkOverlay> component:

    at WatermarkOverlay (http://[::1]:5173/resources/js/Pages/GalleryShow.tsx?t=1780775237164:33:29)
    at div
    at div
    at div
    at GalleryShow (http://[::1]:5173/resources/js/Pages/GalleryShow.tsx?t=1780775237164:62:39)
    at App (http://[::1]:5173/node_modules/.vite/deps/@inertiajs_react.js?v=4934fd6a:15099:3)

Consider adding an error boundary to your tree to customize error handling behavior.
Visit https://reactjs.org/link/error-boundaries to learn more about error boundaries. @ http://jaka-stran.test/galerija/icf-canoe-slalom-world-cup-1:89
[  323902ms] [ERROR] The above error occurred in the <WatermarkOverlay> component:

    at WatermarkOverlay (http://[::1]:5173/resources/js/Pages/GalleryShow.tsx?t=1780775237164:33:29)
    at div
    at div
    at div
    at GalleryShow (http://[::1]:5173/resources/js/Pages/GalleryShow.tsx?t=1780775237164:62:39)
    at App (http://[::1]:5173/node_modules/.vite/deps/@inertiajs_react.js?v=4934fd6a:15099:3)

Consider adding an error boundary to your tree to customize error handling behavior.
Visit https://reactjs.org/link/error-boundaries to learn more about error boundaries. @ http://jaka-stran.test/galerija/icf-canoe-slalom-world-cup-1:89
[  323902ms] [ERROR] The above error occurred in the <WatermarkOverlay> component:

    at WatermarkOverlay (http://[::1]:5173/resources/js/Pages/GalleryShow.tsx?t=1780775237164:33:29)
    at div
    at div
    at div
    at GalleryShow (http://[::1]:5173/resources/js/Pages/GalleryShow.tsx?t=1780775237164:62:39)
    at App (http://[::1]:5173/node_modules/.vite/deps/@inertiajs_react.js?v=4934fd6a:15099:3)

Consider adding an error boundary to your tree to customize error handling behavior.
Visit https://reactjs.org/link/error-boundaries to learn more about error boundaries. @ http://jaka-stran.test/galerija/icf-canoe-slalom-world-cup-1:89
[  323903ms] [ERROR] The above error occurred in the <WatermarkOverlay> component:

    at WatermarkOverlay (http://[::1]:5173/resources/js/Pages/GalleryShow.tsx?t=1780775237164:33:29)
    at div
    at div
    at div
    at GalleryShow (http://[::1]:5173/resources/js/Pages/GalleryShow.tsx?t=1780775237164:62:39)
    at App (http://[::1]:5173/node_modules/.vite/deps/@inertiajs_react.js?v=4934fd6a:15099:3)

Consider adding an error boundary to your tree to customize error handling behavior.
Visit https://reactjs.org/link/error-boundaries to learn more about error boundaries. @ http://jaka-stran.test/galerija/icf-canoe-slalom-world-cup-1:89
[  323903ms] [ERROR] The above error occurred in the <WatermarkOverlay> component:

    at WatermarkOverlay (http://[::1]:5173/resources/js/Pages/GalleryShow.tsx?t=1780775237164:33:29)
    at div
    at div
    at div
    at GalleryShow (http://[::1]:5173/resources/js/Pages/GalleryShow.tsx?t=1780775237164:62:39)
    at App (http://[::1]:5173/node_modules/.vite/deps/@inertiajs_react.js?v=4934fd6a:15099:3)

Consider adding an error boundary to your tree to customize error handling behavior.
Visit https://reactjs.org/link/error-boundaries to learn more about error boundaries. @ http://jaka-stran.test/galerija/icf-canoe-slalom-world-cup-1:89
[  323903ms] [ERROR] The above error occurred in the <WatermarkOverlay> component:

    at WatermarkOverlay (http://[::1]:5173/resources/js/Pages/GalleryShow.tsx?t=1780775237164:33:29)
    at div
    at div
    at div
    at GalleryShow (http://[::1]:5173/resources/js/Pages/GalleryShow.tsx?t=1780775237164:62:39)
    at App (http://[::1]:5173/node_modules/.vite/deps/@inertiajs_react.js?v=4934fd6a:15099:3)

Consider adding an error boundary to your tree to customize error handling behavior.
Visit https://reactjs.org/link/error-boundaries to learn more about error boundaries. @ http://jaka-stran.test/galerija/icf-canoe-slalom-world-cup-1:89
[  323903ms] [ERROR] The above error occurred in the <WatermarkOverlay> component:

    at WatermarkOverlay (http://[::1]:5173/resources/js/Pages/GalleryShow.tsx?t=1780775237164:33:29)
    at div
    at div
    at div
    at GalleryShow (http://[::1]:5173/resources/js/Pages/GalleryShow.tsx?t=1780775237164:62:39)
    at App (http://[::1]:5173/node_modules/.vite/deps/@inertiajs_react.js?v=4934fd6a:15099:3)

Consider adding an error boundary to your tree to customize error handling behavior.
Visit https://reactjs.org/link/error-boundaries to learn more about error boundaries. @ http://jaka-stran.test/galerija/icf-canoe-slalom-world-cup-1:89
[  323903ms] [ERROR] The above error occurred in the <WatermarkOverlay> component:

    at WatermarkOverlay (http://[::1]:5173/resources/js/Pages/GalleryShow.tsx?t=1780775237164:33:29)
    at div
    at div
    at div
    at GalleryShow (http://[::1]:5173/resources/js/Pages/GalleryShow.tsx?t=1780775237164:62:39)
    at App (http://[::1]:5173/node_modules/.vite/deps/@inertiajs_react.js?v=4934fd6a:15099:3)

Consider adding an error boundary to your tree to customize error handling behavior.
Visit https://reactjs.org/link/error-boundaries to learn more about error boundaries. @ http://jaka-stran.test/galerija/icf-canoe-slalom-world-cup-1:89
[  323903ms] [ERROR] The above error occurred in the <WatermarkOverlay> component:

    at WatermarkOverlay (http://[::1]:5173/resources/js/Pages/GalleryShow.tsx?t=1780775237164:33:29)
    at div
    at div
    at div
    at GalleryShow (http://[::1]:5173/resources/js/Pages/GalleryShow.tsx?t=1780775237164:62:39)
    at App (http://[::1]:5173/node_modules/.vite/deps/@inertiajs_react.js?v=4934fd6a:15099:3)

Consider adding an error boundary to your tree to customize error handling behavior.
Visit https://reactjs.org/link/error-boundaries to learn more about error boundaries. @ http://jaka-stran.test/galerija/icf-canoe-slalom-world-cup-1:89
[  323903ms] [ERROR] The above error occurred in the <WatermarkOverlay> component:

    at WatermarkOverlay (http://[::1]:5173/resources/js/Pages/GalleryShow.tsx?t=1780775237164:33:29)
    at div
    at div
    at div
    at GalleryShow (http://[::1]:5173/resources/js/Pages/GalleryShow.tsx?t=1780775237164:62:39)
    at App (http://[::1]:5173/node_modules/.vite/deps/@inertiajs_react.js?v=4934fd6a:15099:3)

Consider adding an error boundary to your tree to customize error handling behavior.
Visit https://reactjs.org/link/error-boundaries to learn more about error boundaries. @ http://jaka-stran.test/galerija/icf-canoe-slalom-world-cup-1:89
[  323903ms] [ERROR] The above error occurred in the <WatermarkOverlay> component:

    at WatermarkOverlay (http://[::1]:5173/resources/js/Pages/GalleryShow.tsx?t=1780775237164:33:29)
    at div
    at div
    at div
    at GalleryShow (http://[::1]:5173/resources/js/Pages/GalleryShow.tsx?t=1780775237164:62:39)
    at App (http://[::1]:5173/node_modules/.vite/deps/@inertiajs_react.js?v=4934fd6a:15099:3)

Consider adding an error boundary to your tree to customize error handling behavior.
Visit https://reactjs.org/link/error-boundaries to learn more about error boundaries. @ http://jaka-stran.test/galerija/icf-canoe-slalom-world-cup-1:89
[  323903ms] [ERROR] The above error occurred in the <WatermarkOverlay> component:

    at WatermarkOverlay (http://[::1]:5173/resources/js/Pages/GalleryShow.tsx?t=1780775237164:33:29)
    at div
    at div
    at div
    at GalleryShow (http://[::1]:5173/resources/js/Pages/GalleryShow.tsx?t=1780775237164:62:39)
    at App (http://[::1]:5173/node_modules/.vite/deps/@inertiajs_react.js?v=4934fd6a:15099:3)

Consider adding an error boundary to your tree to customize error handling behavior.
Visit https://reactjs.org/link/error-boundaries to learn more about error boundaries. @ http://jaka-stran.test/galerija/icf-canoe-slalom-world-cup-1:89
[  323903ms] [ERROR] The above error occurred in the <WatermarkOverlay> component:

    at WatermarkOverlay (http://[::1]:5173/resources/js/Pages/GalleryShow.tsx?t=1780775237164:33:29)
    at div
    at div
    at div
    at GalleryShow (http://[::1]:5173/resources/js/Pages/GalleryShow.tsx?t=1780775237164:62:39)
    at App (http://[::1]:5173/node_modules/.vite/deps/@inertiajs_react.js?v=4934fd6a:15099:3)

Consider adding an error boundary to your tree to customize error handling behavior.
Visit https://reactjs.org/link/error-boundaries to learn more about error boundaries. @ http://jaka-stran.test/galerija/icf-canoe-slalom-world-cup-1:89
[  323904ms] [ERROR] The above error occurred in the <WatermarkOverlay> component:

    at WatermarkOverlay (http://[::1]:5173/resources/js/Pages/GalleryShow.tsx?t=1780775237164:33:29)
    at div
    at div
    at div
    at GalleryShow (http://[::1]:5173/resources/js/Pages/GalleryShow.tsx?t=1780775237164:62:39)
    at App (http://[::1]:5173/node_modules/.vite/deps/@inertiajs_react.js?v=4934fd6a:15099:3)

Consider adding an error boundary to your tree to customize error handling behavior.
Visit https://reactjs.org/link/error-boundaries to learn more about error boundaries. @ http://jaka-stran.test/galerija/icf-canoe-slalom-world-cup-1:89
[  323904ms] [ERROR] The above error occurred in the <WatermarkOverlay> component:

    at WatermarkOverlay (http://[::1]:5173/resources/js/Pages/GalleryShow.tsx?t=1780775237164:33:29)
    at div
    at div
    at div
    at GalleryShow (http://[::1]:5173/resources/js/Pages/GalleryShow.tsx?t=1780775237164:62:39)
    at App (http://[::1]:5173/node_modules/.vite/deps/@inertiajs_react.js?v=4934fd6a:15099:3)

Consider adding an error boundary to your tree to customize error handling behavior.
Visit https://reactjs.org/link/error-boundaries to learn more about error boundaries. @ http://jaka-stran.test/galerija/icf-canoe-slalom-world-cup-1:89
[  323904ms] [ERROR] The above error occurred in the <WatermarkOverlay> component:

    at WatermarkOverlay (http://[::1]:5173/resources/js/Pages/GalleryShow.tsx?t=1780775237164:33:29)
    at div
    at div
    at div
    at GalleryShow (http://[::1]:5173/resources/js/Pages/GalleryShow.tsx?t=1780775237164:62:39)
    at App (http://[::1]:5173/node_modules/.vite/deps/@inertiajs_react.js?v=4934fd6a:15099:3)

Consider adding an error boundary to your tree to customize error handling behavior.
Visit https://reactjs.org/link/error-boundaries to learn more about error boundaries. @ http://jaka-stran.test/galerija/icf-canoe-slalom-world-cup-1:89
[  323904ms] [ERROR] The above error occurred in the <WatermarkOverlay> component:

    at WatermarkOverlay (http://[::1]:5173/resources/js/Pages/GalleryShow.tsx?t=1780775237164:33:29)
    at div
    at div
    at div
    at GalleryShow (http://[::1]:5173/resources/js/Pages/GalleryShow.tsx?t=1780775237164:62:39)
    at App (http://[::1]:5173/node_modules/.vite/deps/@inertiajs_react.js?v=4934fd6a:15099:3)

Consider adding an error boundary to your tree to customize error handling behavior.
Visit https://reactjs.org/link/error-boundaries to learn more about error boundaries. @ http://jaka-stran.test/galerija/icf-canoe-slalom-world-cup-1:89
[  323904ms] [ERROR] The above error occurred in the <WatermarkOverlay> component:

    at WatermarkOverlay (http://[::1]:5173/resources/js/Pages/GalleryShow.tsx?t=1780775237164:33:29)
    at div
    at div
    at div
    at GalleryShow (http://[::1]:5173/resources/js/Pages/GalleryShow.tsx?t=1780775237164:62:39)
    at App (http://[::1]:5173/node_modules/.vite/deps/@inertiajs_react.js?v=4934fd6a:15099:3)

Consider adding an error boundary to your tree to customize error handling behavior.
Visit https://reactjs.org/link/error-boundaries to learn more about error boundaries. @ http://jaka-stran.test/galerija/icf-canoe-slalom-world-cup-1:89
[  323904ms] [ERROR] The above error occurred in the <WatermarkOverlay> component:

    at WatermarkOverlay (http://[::1]:5173/resources/js/Pages/GalleryShow.tsx?t=1780775237164:33:29)
    at div
    at div
    at div
    at GalleryShow (http://[::1]:5173/resources/js/Pages/GalleryShow.tsx?t=1780775237164:62:39)
    at App (http://[::1]:5173/node_modules/.vite/deps/@inertiajs_react.js?v=4934fd6a:15099:3)

Consider adding an error boundary to your tree to customize error handling behavior.
Visit https://reactjs.org/link/error-boundaries to learn more about error boundaries. @ http://jaka-stran.test/galerija/icf-canoe-slalom-world-cup-1:89
[  323904ms] [ERROR] The above error occurred in the <WatermarkOverlay> component:

    at WatermarkOverlay (http://[::1]:5173/resources/js/Pages/GalleryShow.tsx?t=1780775237164:33:29)
    at div
    at div
    at div
    at GalleryShow (http://[::1]:5173/resources/js/Pages/GalleryShow.tsx?t=1780775237164:62:39)
    at App (http://[::1]:5173/node_modules/.vite/deps/@inertiajs_react.js?v=4934fd6a:15099:3)

Consider adding an error boundary to your tree to customize error handling behavior.
Visit https://reactjs.org/link/error-boundaries to learn more about error boundaries. @ http://jaka-stran.test/galerija/icf-canoe-slalom-world-cup-1:89
[  323904ms] [ERROR] The above error occurred in the <WatermarkOverlay> component:

    at WatermarkOverlay (http://[::1]:5173/resources/js/Pages/GalleryShow.tsx?t=1780775237164:33:29)
    at div
    at div
    at div
    at GalleryShow (http://[::1]:5173/resources/js/Pages/GalleryShow.tsx?t=1780775237164:62:39)
    at App (http://[::1]:5173/node_modules/.vite/deps/@inertiajs_react.js?v=4934fd6a:15099:3)

Consider adding an error boundary to your tree to customize error handling behavior.
Visit https://reactjs.org/link/error-boundaries to learn more about error boundaries. @ http://jaka-stran.test/galerija/icf-canoe-slalom-world-cup-1:89
[  323904ms] [ERROR] The above error occurred in the <WatermarkOverlay> component:

    at WatermarkOverlay (http://[::1]:5173/resources/js/Pages/GalleryShow.tsx?t=1780775237164:33:29)
    at div
    at div
    at div
    at GalleryShow (http://[::1]:5173/resources/js/Pages/GalleryShow.tsx?t=1780775237164:62:39)
    at App (http://[::1]:5173/node_modules/.vite/deps/@inertiajs_react.js?v=4934fd6a:15099:3)

Consider adding an error boundary to your tree to customize error handling behavior.
Visit https://reactjs.org/link/error-boundaries to learn more about error boundaries. @ http://jaka-stran.test/galerija/icf-canoe-slalom-world-cup-1:89
[  323904ms] [ERROR] The above error occurred in the <WatermarkOverlay> component:

    at WatermarkOverlay (http://[::1]:5173/resources/js/Pages/GalleryShow.tsx?t=1780775237164:33:29)
    at div
    at div
    at div
    at GalleryShow (http://[::1]:5173/resources/js/Pages/GalleryShow.tsx?t=1780775237164:62:39)
    at App (http://[::1]:5173/node_modules/.vite/deps/@inertiajs_react.js?v=4934fd6a:15099:3)

Consider adding an error boundary to your tree to customize error handling behavior.
Visit https://reactjs.org/link/error-boundaries to learn more about error boundaries. @ http://jaka-stran.test/galerija/icf-canoe-slalom-world-cup-1:89
[  323904ms] [ERROR] The above error occurred in the <WatermarkOverlay> component:

    at WatermarkOverlay (http://[::1]:5173/resources/js/Pages/GalleryShow.tsx?t=1780775237164:33:29)
    at div
    at div
    at div
    at GalleryShow (http://[::1]:5173/resources/js/Pages/GalleryShow.tsx?t=1780775237164:62:39)
    at App (http://[::1]:5173/node_modules/.vite/deps/@inertiajs_react.js?v=4934fd6a:15099:3)

Consider adding an error boundary to your tree to customize error handling behavior.
Visit https://reactjs.org/link/error-boundaries to learn more about error boundaries. @ http://jaka-stran.test/galerija/icf-canoe-slalom-world-cup-1:89
[  323905ms] [ERROR] The above error occurred in the <WatermarkOverlay> component:

    at WatermarkOverlay (http://[::1]:5173/resources/js/Pages/GalleryShow.tsx?t=1780775237164:33:29)
    at div
    at div
    at div
    at GalleryShow (http://[::1]:5173/resources/js/Pages/GalleryShow.tsx?t=1780775237164:62:39)
    at App (http://[::1]:5173/node_modules/.vite/deps/@inertiajs_react.js?v=4934fd6a:15099:3)

Consider adding an error boundary to your tree to customize error handling behavior.
Visit https://reactjs.org/link/error-boundaries to learn more about error boundaries. @ http://jaka-stran.test/galerija/icf-canoe-slalom-world-cup-1:89
[  323905ms] [ERROR] The above error occurred in the <WatermarkOverlay> component:

    at WatermarkOverlay (http://[::1]:5173/resources/js/Pages/GalleryShow.tsx?t=1780775237164:33:29)
    at div
    at div
    at div
    at GalleryShow (http://[::1]:5173/resources/js/Pages/GalleryShow.tsx?t=1780775237164:62:39)
    at App (http://[::1]:5173/node_modules/.vite/deps/@inertiajs_react.js?v=4934fd6a:15099:3)

Consider adding an error boundary to your tree to customize error handling behavior.
Visit https://reactjs.org/link/error-boundaries to learn more about error boundaries. @ http://jaka-stran.test/galerija/icf-canoe-slalom-world-cup-1:89
[  323905ms] [ERROR] The above error occurred in the <WatermarkOverlay> component:

    at WatermarkOverlay (http://[::1]:5173/resources/js/Pages/GalleryShow.tsx?t=1780775237164:33:29)
    at div
    at div
    at div
    at GalleryShow (http://[::1]:5173/resources/js/Pages/GalleryShow.tsx?t=1780775237164:62:39)
    at App (http://[::1]:5173/node_modules/.vite/deps/@inertiajs_react.js?v=4934fd6a:15099:3)

Consider adding an error boundary to your tree to customize error handling behavior.
Visit https://reactjs.org/link/error-boundaries to learn more about error boundaries. @ http://jaka-stran.test/galerija/icf-canoe-slalom-world-cup-1:89
[  323905ms] [ERROR] The above error occurred in the <WatermarkOverlay> component:

    at WatermarkOverlay (http://[::1]:5173/resources/js/Pages/GalleryShow.tsx?t=1780775237164:33:29)
    at div
    at div
    at div
    at GalleryShow (http://[::1]:5173/resources/js/Pages/GalleryShow.tsx?t=1780775237164:62:39)
    at App (http://[::1]:5173/node_modules/.vite/deps/@inertiajs_react.js?v=4934fd6a:15099:3)

Consider adding an error boundary to your tree to customize error handling behavior.
Visit https://reactjs.org/link/error-boundaries to learn more about error boundaries. @ http://jaka-stran.test/galerija/icf-canoe-slalom-world-cup-1:89
[  323905ms] [ERROR] The above error occurred in the <WatermarkOverlay> component:

    at WatermarkOverlay (http://[::1]:5173/resources/js/Pages/GalleryShow.tsx?t=1780775237164:33:29)
    at div
    at div
    at div
    at GalleryShow (http://[::1]:5173/resources/js/Pages/GalleryShow.tsx?t=1780775237164:62:39)
    at App (http://[::1]:5173/node_modules/.vite/deps/@inertiajs_react.js?v=4934fd6a:15099:3)

Consider adding an error boundary to your tree to customize error handling behavior.
Visit https://reactjs.org/link/error-boundaries to learn more about error boundaries. @ http://jaka-stran.test/galerija/icf-canoe-slalom-world-cup-1:89
[  323905ms] [ERROR] The above error occurred in the <WatermarkOverlay> component:

    at WatermarkOverlay (http://[::1]:5173/resources/js/Pages/GalleryShow.tsx?t=1780775237164:33:29)
    at div
    at div
    at div
    at GalleryShow (http://[::1]:5173/resources/js/Pages/GalleryShow.tsx?t=1780775237164:62:39)
    at App (http://[::1]:5173/node_modules/.vite/deps/@inertiajs_react.js?v=4934fd6a:15099:3)

Consider adding an error boundary to your tree to customize error handling behavior.
Visit https://reactjs.org/link/error-boundaries to learn more about error boundaries. @ http://jaka-stran.test/galerija/icf-canoe-slalom-world-cup-1:89
[  323905ms] [ERROR] The above error occurred in the <WatermarkOverlay> component:

    at WatermarkOverlay (http://[::1]:5173/resources/js/Pages/GalleryShow.tsx?t=1780775237164:33:29)
    at div
    at div
    at div
    at GalleryShow (http://[::1]:5173/resources/js/Pages/GalleryShow.tsx?t=1780775237164:62:39)
    at App (http://[::1]:5173/node_modules/.vite/deps/@inertiajs_react.js?v=4934fd6a:15099:3)

Consider adding an error boundary to your tree to customize error handling behavior.
Visit https://reactjs.org/link/error-boundaries to learn more about error boundaries. @ http://jaka-stran.test/galerija/icf-canoe-slalom-world-cup-1:89
[  323905ms] [ERROR] The above error occurred in the <WatermarkOverlay> component:

    at WatermarkOverlay (http://[::1]:5173/resources/js/Pages/GalleryShow.tsx?t=1780775237164:33:29)
    at div
    at div
    at div
    at GalleryShow (http://[::1]:5173/resources/js/Pages/GalleryShow.tsx?t=1780775237164:62:39)
    at App (http://[::1]:5173/node_modules/.vite/deps/@inertiajs_react.js?v=4934fd6a:15099:3)

Consider adding an error boundary to your tree to customize error handling behavior.
Visit https://reactjs.org/link/error-boundaries to learn more about error boundaries. @ http://jaka-stran.test/galerija/icf-canoe-slalom-world-cup-1:89
[  323905ms] [ERROR] The above error occurred in the <WatermarkOverlay> component:

    at WatermarkOverlay (http://[::1]:5173/resources/js/Pages/GalleryShow.tsx?t=1780775237164:33:29)
    at div
    at div
    at div
    at GalleryShow (http://[::1]:5173/resources/js/Pages/GalleryShow.tsx?t=1780775237164:62:39)
    at App (http://[::1]:5173/node_modules/.vite/deps/@inertiajs_react.js?v=4934fd6a:15099:3)

Consider adding an error boundary to your tree to customize error handling behavior.
Visit https://reactjs.org/link/error-boundaries to learn more about error boundaries. @ http://jaka-stran.test/galerija/icf-canoe-slalom-world-cup-1:89
[  323905ms] [ERROR] The above error occurred in the <WatermarkOverlay> component:

    at WatermarkOverlay (http://[::1]:5173/resources/js/Pages/GalleryShow.tsx?t=1780775237164:33:29)
    at div
    at div
    at div
    at GalleryShow (http://[::1]:5173/resources/js/Pages/GalleryShow.tsx?t=1780775237164:62:39)
    at App (http://[::1]:5173/node_modules/.vite/deps/@inertiajs_react.js?v=4934fd6a:15099:3)

Consider adding an error boundary to your tree to customize error handling behavior.
Visit https://reactjs.org/link/error-boundaries to learn more about error boundaries. @ http://jaka-stran.test/galerija/icf-canoe-slalom-world-cup-1:89
[  323906ms] [ERROR] The above error occurred in the <WatermarkOverlay> component:

    at WatermarkOverlay (http://[::1]:5173/resources/js/Pages/GalleryShow.tsx?t=1780775237164:33:29)
    at div
    at div
    at div
    at GalleryShow (http://[::1]:5173/resources/js/Pages/GalleryShow.tsx?t=1780775237164:62:39)
    at App (http://[::1]:5173/node_modules/.vite/deps/@inertiajs_react.js?v=4934fd6a:15099:3)

Consider adding an error boundary to your tree to customize error handling behavior.
Visit https://reactjs.org/link/error-boundaries to learn more about error boundaries. @ http://jaka-stran.test/galerija/icf-canoe-slalom-world-cup-1:89
[  323906ms] [ERROR] The above error occurred in the <WatermarkOverlay> component:

    at WatermarkOverlay (http://[::1]:5173/resources/js/Pages/GalleryShow.tsx?t=1780775237164:33:29)
    at div
    at div
    at div
    at GalleryShow (http://[::1]:5173/resources/js/Pages/GalleryShow.tsx?t=1780775237164:62:39)
    at App (http://[::1]:5173/node_modules/.vite/deps/@inertiajs_react.js?v=4934fd6a:15099:3)

Consider adding an error boundary to your tree to customize error handling behavior.
Visit https://reactjs.org/link/error-boundaries to learn more about error boundaries. @ http://jaka-stran.test/galerija/icf-canoe-slalom-world-cup-1:89
[  323906ms] [ERROR] The above error occurred in the <WatermarkOverlay> component:

    at WatermarkOverlay (http://[::1]:5173/resources/js/Pages/GalleryShow.tsx?t=1780775237164:33:29)
    at div
    at div
    at div
    at GalleryShow (http://[::1]:5173/resources/js/Pages/GalleryShow.tsx?t=1780775237164:62:39)
    at App (http://[::1]:5173/node_modules/.vite/deps/@inertiajs_react.js?v=4934fd6a:15099:3)

Consider adding an error boundary to your tree to customize error handling behavior.
Visit https://reactjs.org/link/error-boundaries to learn more about error boundaries. @ http://jaka-stran.test/galerija/icf-canoe-slalom-world-cup-1:89
[  323906ms] [ERROR] The above error occurred in the <WatermarkOverlay> component:

    at WatermarkOverlay (http://[::1]:5173/resources/js/Pages/GalleryShow.tsx?t=1780775237164:33:29)
    at div
    at div
    at div
    at GalleryShow (http://[::1]:5173/resources/js/Pages/GalleryShow.tsx?t=1780775237164:62:39)
    at App (http://[::1]:5173/node_modules/.vite/deps/@inertiajs_react.js?v=4934fd6a:15099:3)

Consider adding an error boundary to your tree to customize error handling behavior.
Visit https://reactjs.org/link/error-boundaries to learn more about error boundaries. @ http://jaka-stran.test/galerija/icf-canoe-slalom-world-cup-1:89
[  323906ms] [ERROR] The above error occurred in the <WatermarkOverlay> component:

    at WatermarkOverlay (http://[::1]:5173/resources/js/Pages/GalleryShow.tsx?t=1780775237164:33:29)
    at div
    at div
    at div
    at GalleryShow (http://[::1]:5173/resources/js/Pages/GalleryShow.tsx?t=1780775237164:62:39)
    at App (http://[::1]:5173/node_modules/.vite/deps/@inertiajs_react.js?v=4934fd6a:15099:3)

Consider adding an error boundary to your tree to customize error handling behavior.
Visit https://reactjs.org/link/error-boundaries to learn more about error boundaries. @ http://jaka-stran.test/galerija/icf-canoe-slalom-world-cup-1:89
[  323906ms] [ERROR] The above error occurred in the <WatermarkOverlay> component:

    at WatermarkOverlay (http://[::1]:5173/resources/js/Pages/GalleryShow.tsx?t=1780775237164:33:29)
    at div
    at div
    at div
    at GalleryShow (http://[::1]:5173/resources/js/Pages/GalleryShow.tsx?t=1780775237164:62:39)
    at App (http://[::1]:5173/node_modules/.vite/deps/@inertiajs_react.js?v=4934fd6a:15099:3)

Consider adding an error boundary to your tree to customize error handling behavior.
Visit https://reactjs.org/link/error-boundaries to learn more about error boundaries. @ http://jaka-stran.test/galerija/icf-canoe-slalom-world-cup-1:89
[  323906ms] [ERROR] The above error occurred in the <WatermarkOverlay> component:

    at WatermarkOverlay (http://[::1]:5173/resources/js/Pages/GalleryShow.tsx?t=1780775237164:33:29)
    at div
    at div
    at div
    at GalleryShow (http://[::1]:5173/resources/js/Pages/GalleryShow.tsx?t=1780775237164:62:39)
    at App (http://[::1]:5173/node_modules/.vite/deps/@inertiajs_react.js?v=4934fd6a:15099:3)

Consider adding an error boundary to your tree to customize error handling behavior.
Visit https://reactjs.org/link/error-boundaries to learn more about error boundaries. @ http://jaka-stran.test/galerija/icf-canoe-slalom-world-cup-1:89
[  323906ms] [ERROR] The above error occurred in the <WatermarkOverlay> component:

    at WatermarkOverlay (http://[::1]:5173/resources/js/Pages/GalleryShow.tsx?t=1780775237164:33:29)
    at div
    at div
    at div
    at GalleryShow (http://[::1]:5173/resources/js/Pages/GalleryShow.tsx?t=1780775237164:62:39)
    at App (http://[::1]:5173/node_modules/.vite/deps/@inertiajs_react.js?v=4934fd6a:15099:3)

Consider adding an error boundary to your tree to customize error handling behavior.
Visit https://reactjs.org/link/error-boundaries to learn more about error boundaries. @ http://jaka-stran.test/galerija/icf-canoe-slalom-world-cup-1:89
[  323906ms] [ERROR] The above error occurred in the <WatermarkOverlay> component:

    at WatermarkOverlay (http://[::1]:5173/resources/js/Pages/GalleryShow.tsx?t=1780775237164:33:29)
    at div
    at div
    at div
    at GalleryShow (http://[::1]:5173/resources/js/Pages/GalleryShow.tsx?t=1780775237164:62:39)
    at App (http://[::1]:5173/node_modules/.vite/deps/@inertiajs_react.js?v=4934fd6a:15099:3)

Consider adding an error boundary to your tree to customize error handling behavior.
Visit https://reactjs.org/link/error-boundaries to learn more about error boundaries. @ http://jaka-stran.test/galerija/icf-canoe-slalom-world-cup-1:89
[  323906ms] [ERROR] The above error occurred in the <WatermarkOverlay> component:

    at WatermarkOverlay (http://[::1]:5173/resources/js/Pages/GalleryShow.tsx?t=1780775237164:33:29)
    at div
    at div
    at div
    at GalleryShow (http://[::1]:5173/resources/js/Pages/GalleryShow.tsx?t=1780775237164:62:39)
    at App (http://[::1]:5173/node_modules/.vite/deps/@inertiajs_react.js?v=4934fd6a:15099:3)

Consider adding an error boundary to your tree to customize error handling behavior.
Visit https://reactjs.org/link/error-boundaries to learn more about error boundaries. @ http://jaka-stran.test/galerija/icf-canoe-slalom-world-cup-1:89
[  323906ms] [ERROR] The above error occurred in the <WatermarkOverlay> component:

    at WatermarkOverlay (http://[::1]:5173/resources/js/Pages/GalleryShow.tsx?t=1780775237164:33:29)
    at div
    at div
    at div
    at GalleryShow (http://[::1]:5173/resources/js/Pages/GalleryShow.tsx?t=1780775237164:62:39)
    at App (http://[::1]:5173/node_modules/.vite/deps/@inertiajs_react.js?v=4934fd6a:15099:3)

Consider adding an error boundary to your tree to customize error handling behavior.
Visit https://reactjs.org/link/error-boundaries to learn more about error boundaries. @ http://jaka-stran.test/galerija/icf-canoe-slalom-world-cup-1:89
[  323907ms] [ERROR] The above error occurred in the <WatermarkOverlay> component:

    at WatermarkOverlay (http://[::1]:5173/resources/js/Pages/GalleryShow.tsx?t=1780775237164:33:29)
    at div
    at div
    at div
    at GalleryShow (http://[::1]:5173/resources/js/Pages/GalleryShow.tsx?t=1780775237164:62:39)
    at App (http://[::1]:5173/node_modules/.vite/deps/@inertiajs_react.js?v=4934fd6a:15099:3)

Consider adding an error boundary to your tree to customize error handling behavior.
Visit https://reactjs.org/link/error-boundaries to learn more about error boundaries. @ http://jaka-stran.test/galerija/icf-canoe-slalom-world-cup-1:89
[  323907ms] [ERROR] The above error occurred in the <WatermarkOverlay> component:

    at WatermarkOverlay (http://[::1]:5173/resources/js/Pages/GalleryShow.tsx?t=1780775237164:33:29)
    at div
    at div
    at div
    at GalleryShow (http://[::1]:5173/resources/js/Pages/GalleryShow.tsx?t=1780775237164:62:39)
    at App (http://[::1]:5173/node_modules/.vite/deps/@inertiajs_react.js?v=4934fd6a:15099:3)

Consider adding an error boundary to your tree to customize error handling behavior.
Visit https://reactjs.org/link/error-boundaries to learn more about error boundaries. @ http://jaka-stran.test/galerija/icf-canoe-slalom-world-cup-1:89
[  323907ms] [ERROR] The above error occurred in the <WatermarkOverlay> component:

    at WatermarkOverlay (http://[::1]:5173/resources/js/Pages/GalleryShow.tsx?t=1780775237164:33:29)
    at div
    at div
    at div
    at GalleryShow (http://[::1]:5173/resources/js/Pages/GalleryShow.tsx?t=1780775237164:62:39)
    at App (http://[::1]:5173/node_modules/.vite/deps/@inertiajs_react.js?v=4934fd6a:15099:3)

Consider adding an error boundary to your tree to customize error handling behavior.
Visit https://reactjs.org/link/error-boundaries to learn more about error boundaries. @ http://jaka-stran.test/galerija/icf-canoe-slalom-world-cup-1:89
[  323907ms] [ERROR] The above error occurred in the <WatermarkOverlay> component:

    at WatermarkOverlay (http://[::1]:5173/resources/js/Pages/GalleryShow.tsx?t=1780775237164:33:29)
    at div
    at div
    at div
    at GalleryShow (http://[::1]:5173/resources/js/Pages/GalleryShow.tsx?t=1780775237164:62:39)
    at App (http://[::1]:5173/node_modules/.vite/deps/@inertiajs_react.js?v=4934fd6a:15099:3)

Consider adding an error boundary to your tree to customize error handling behavior.
Visit https://reactjs.org/link/error-boundaries to learn more about error boundaries. @ http://jaka-stran.test/galerija/icf-canoe-slalom-world-cup-1:89
[  323907ms] [ERROR] The above error occurred in the <WatermarkOverlay> component:

    at WatermarkOverlay (http://[::1]:5173/resources/js/Pages/GalleryShow.tsx?t=1780775237164:33:29)
    at div
    at div
    at div
    at GalleryShow (http://[::1]:5173/resources/js/Pages/GalleryShow.tsx?t=1780775237164:62:39)
    at App (http://[::1]:5173/node_modules/.vite/deps/@inertiajs_react.js?v=4934fd6a:15099:3)

Consider adding an error boundary to your tree to customize error handling behavior.
Visit https://reactjs.org/link/error-boundaries to learn more about error boundaries. @ http://jaka-stran.test/galerija/icf-canoe-slalom-world-cup-1:89
[  323907ms] [ERROR] The above error occurred in the <WatermarkOverlay> component:

    at WatermarkOverlay (http://[::1]:5173/resources/js/Pages/GalleryShow.tsx?t=1780775237164:33:29)
    at div
    at div
    at div
    at GalleryShow (http://[::1]:5173/resources/js/Pages/GalleryShow.tsx?t=1780775237164:62:39)
    at App (http://[::1]:5173/node_modules/.vite/deps/@inertiajs_react.js?v=4934fd6a:15099:3)

Consider adding an error boundary to your tree to customize error handling behavior.
Visit https://reactjs.org/link/error-boundaries to learn more about error boundaries. @ http://jaka-stran.test/galerija/icf-canoe-slalom-world-cup-1:89
[  323907ms] [ERROR] The above error occurred in the <WatermarkOverlay> component:

    at WatermarkOverlay (http://[::1]:5173/resources/js/Pages/GalleryShow.tsx?t=1780775237164:33:29)
    at div
    at div
    at div
    at GalleryShow (http://[::1]:5173/resources/js/Pages/GalleryShow.tsx?t=1780775237164:62:39)
    at App (http://[::1]:5173/node_modules/.vite/deps/@inertiajs_react.js?v=4934fd6a:15099:3)

Consider adding an error boundary to your tree to customize error handling behavior.
Visit https://reactjs.org/link/error-boundaries to learn more about error boundaries. @ http://jaka-stran.test/galerija/icf-canoe-slalom-world-cup-1:89
[  323907ms] [ERROR] The above error occurred in the <WatermarkOverlay> component:

    at WatermarkOverlay (http://[::1]:5173/resources/js/Pages/GalleryShow.tsx?t=1780775237164:33:29)
    at div
    at div
    at div
    at GalleryShow (http://[::1]:5173/resources/js/Pages/GalleryShow.tsx?t=1780775237164:62:39)
    at App (http://[::1]:5173/node_modules/.vite/deps/@inertiajs_react.js?v=4934fd6a:15099:3)

Consider adding an error boundary to your tree to customize error handling behavior.
Visit https://reactjs.org/link/error-boundaries to learn more about error boundaries. @ http://jaka-stran.test/galerija/icf-canoe-slalom-world-cup-1:89
[  323907ms] [ERROR] The above error occurred in the <WatermarkOverlay> component:

    at WatermarkOverlay (http://[::1]:5173/resources/js/Pages/GalleryShow.tsx?t=1780775237164:33:29)
    at div
    at div
    at div
    at GalleryShow (http://[::1]:5173/resources/js/Pages/GalleryShow.tsx?t=1780775237164:62:39)
    at App (http://[::1]:5173/node_modules/.vite/deps/@inertiajs_react.js?v=4934fd6a:15099:3)

Consider adding an error boundary to your tree to customize error handling behavior.
Visit https://reactjs.org/link/error-boundaries to learn more about error boundaries. @ http://jaka-stran.test/galerija/icf-canoe-slalom-world-cup-1:89
[  323907ms] [ERROR] The above error occurred in the <WatermarkOverlay> component:

    at WatermarkOverlay (http://[::1]:5173/resources/js/Pages/GalleryShow.tsx?t=1780775237164:33:29)
    at div
    at div
    at div
    at GalleryShow (http://[::1]:5173/resources/js/Pages/GalleryShow.tsx?t=1780775237164:62:39)
    at App (http://[::1]:5173/node_modules/.vite/deps/@inertiajs_react.js?v=4934fd6a:15099:3)

Consider adding an error boundary to your tree to customize error handling behavior.
Visit https://reactjs.org/link/error-boundaries to learn more about error boundaries. @ http://jaka-stran.test/galerija/icf-canoe-slalom-world-cup-1:89
[  323907ms] [ERROR] The above error occurred in the <WatermarkOverlay> component:

    at WatermarkOverlay (http://[::1]:5173/resources/js/Pages/GalleryShow.tsx?t=1780775237164:33:29)
    at div
    at div
    at div
    at GalleryShow (http://[::1]:5173/resources/js/Pages/GalleryShow.tsx?t=1780775237164:62:39)
    at App (http://[::1]:5173/node_modules/.vite/deps/@inertiajs_react.js?v=4934fd6a:15099:3)

Consider adding an error boundary to your tree to customize error handling behavior.
Visit https://reactjs.org/link/error-boundaries to learn more about error boundaries. @ http://jaka-stran.test/galerija/icf-canoe-slalom-world-cup-1:89
[  323908ms] [ERROR] The above error occurred in the <WatermarkOverlay> component:

    at WatermarkOverlay (http://[::1]:5173/resources/js/Pages/GalleryShow.tsx?t=1780775237164:33:29)
    at div
    at div
    at div
    at GalleryShow (http://[::1]:5173/resources/js/Pages/GalleryShow.tsx?t=1780775237164:62:39)
    at App (http://[::1]:5173/node_modules/.vite/deps/@inertiajs_react.js?v=4934fd6a:15099:3)

Consider adding an error boundary to your tree to customize error handling behavior.
Visit https://reactjs.org/link/error-boundaries to learn more about error boundaries. @ http://jaka-stran.test/galerija/icf-canoe-slalom-world-cup-1:89
[  323908ms] [ERROR] The above error occurred in the <WatermarkOverlay> component:

    at WatermarkOverlay (http://[::1]:5173/resources/js/Pages/GalleryShow.tsx?t=1780775237164:33:29)
    at div
    at div
    at div
    at GalleryShow (http://[::1]:5173/resources/js/Pages/GalleryShow.tsx?t=1780775237164:62:39)
    at App (http://[::1]:5173/node_modules/.vite/deps/@inertiajs_react.js?v=4934fd6a:15099:3)

Consider adding an error boundary to your tree to customize error handling behavior.
Visit https://reactjs.org/link/error-boundaries to learn more about error boundaries. @ http://jaka-stran.test/galerija/icf-canoe-slalom-world-cup-1:89
[  323908ms] [ERROR] The above error occurred in the <WatermarkOverlay> component:

    at WatermarkOverlay (http://[::1]:5173/resources/js/Pages/GalleryShow.tsx?t=1780775237164:33:29)
    at div
    at div
    at div
    at GalleryShow (http://[::1]:5173/resources/js/Pages/GalleryShow.tsx?t=1780775237164:62:39)
    at App (http://[::1]:5173/node_modules/.vite/deps/@inertiajs_react.js?v=4934fd6a:15099:3)

Consider adding an error boundary to your tree to customize error handling behavior.
Visit https://reactjs.org/link/error-boundaries to learn more about error boundaries. @ http://jaka-stran.test/galerija/icf-canoe-slalom-world-cup-1:89
[  323908ms] [ERROR] The above error occurred in the <WatermarkOverlay> component:

    at WatermarkOverlay (http://[::1]:5173/resources/js/Pages/GalleryShow.tsx?t=1780775237164:33:29)
    at div
    at div
    at div
    at GalleryShow (http://[::1]:5173/resources/js/Pages/GalleryShow.tsx?t=1780775237164:62:39)
    at App (http://[::1]:5173/node_modules/.vite/deps/@inertiajs_react.js?v=4934fd6a:15099:3)

Consider adding an error boundary to your tree to customize error handling behavior.
Visit https://reactjs.org/link/error-boundaries to learn more about error boundaries. @ http://jaka-stran.test/galerija/icf-canoe-slalom-world-cup-1:89
[  323908ms] [ERROR] The above error occurred in the <WatermarkOverlay> component:

    at WatermarkOverlay (http://[::1]:5173/resources/js/Pages/GalleryShow.tsx?t=1780775237164:33:29)
    at div
    at div
    at div
    at GalleryShow (http://[::1]:5173/resources/js/Pages/GalleryShow.tsx?t=1780775237164:62:39)
    at App (http://[::1]:5173/node_modules/.vite/deps/@inertiajs_react.js?v=4934fd6a:15099:3)

Consider adding an error boundary to your tree to customize error handling behavior.
Visit https://reactjs.org/link/error-boundaries to learn more about error boundaries. @ http://jaka-stran.test/galerija/icf-canoe-slalom-world-cup-1:89
[  323908ms] [ERROR] The above error occurred in the <WatermarkOverlay> component:

    at WatermarkOverlay (http://[::1]:5173/resources/js/Pages/GalleryShow.tsx?t=1780775237164:33:29)
    at div
    at div
    at div
    at GalleryShow (http://[::1]:5173/resources/js/Pages/GalleryShow.tsx?t=1780775237164:62:39)
    at App (http://[::1]:5173/node_modules/.vite/deps/@inertiajs_react.js?v=4934fd6a:15099:3)

Consider adding an error boundary to your tree to customize error handling behavior.
Visit https://reactjs.org/link/error-boundaries to learn more about error boundaries. @ http://jaka-stran.test/galerija/icf-canoe-slalom-world-cup-1:89
[  323908ms] [ERROR] The above error occurred in the <WatermarkOverlay> component:

    at WatermarkOverlay (http://[::1]:5173/resources/js/Pages/GalleryShow.tsx?t=1780775237164:33:29)
    at div
    at div
    at div
    at GalleryShow (http://[::1]:5173/resources/js/Pages/GalleryShow.tsx?t=1780775237164:62:39)
    at App (http://[::1]:5173/node_modules/.vite/deps/@inertiajs_react.js?v=4934fd6a:15099:3)

Consider adding an error boundary to your tree to customize error handling behavior.
Visit https://reactjs.org/link/error-boundaries to learn more about error boundaries. @ http://jaka-stran.test/galerija/icf-canoe-slalom-world-cup-1:89
[  323908ms] [ERROR] The above error occurred in the <WatermarkOverlay> component:

    at WatermarkOverlay (http://[::1]:5173/resources/js/Pages/GalleryShow.tsx?t=1780775237164:33:29)
    at div
    at div
    at div
    at GalleryShow (http://[::1]:5173/resources/js/Pages/GalleryShow.tsx?t=1780775237164:62:39)
    at App (http://[::1]:5173/node_modules/.vite/deps/@inertiajs_react.js?v=4934fd6a:15099:3)

Consider adding an error boundary to your tree to customize error handling behavior.
Visit https://reactjs.org/link/error-boundaries to learn more about error boundaries. @ http://jaka-stran.test/galerija/icf-canoe-slalom-world-cup-1:89
[  323908ms] [ERROR] The above error occurred in the <WatermarkOverlay> component:

    at WatermarkOverlay (http://[::1]:5173/resources/js/Pages/GalleryShow.tsx?t=1780775237164:33:29)
    at div
    at div
    at div
    at GalleryShow (http://[::1]:5173/resources/js/Pages/GalleryShow.tsx?t=1780775237164:62:39)
    at App (http://[::1]:5173/node_modules/.vite/deps/@inertiajs_react.js?v=4934fd6a:15099:3)

Consider adding an error boundary to your tree to customize error handling behavior.
Visit https://reactjs.org/link/error-boundaries to learn more about error boundaries. @ http://jaka-stran.test/galerija/icf-canoe-slalom-world-cup-1:89
[  323908ms] [ERROR] The above error occurred in the <WatermarkOverlay> component:

    at WatermarkOverlay (http://[::1]:5173/resources/js/Pages/GalleryShow.tsx?t=1780775237164:33:29)
    at div
    at div
    at div
    at GalleryShow (http://[::1]:5173/resources/js/Pages/GalleryShow.tsx?t=1780775237164:62:39)
    at App (http://[::1]:5173/node_modules/.vite/deps/@inertiajs_react.js?v=4934fd6a:15099:3)

Consider adding an error boundary to your tree to customize error handling behavior.
Visit https://reactjs.org/link/error-boundaries to learn more about error boundaries. @ http://jaka-stran.test/galerija/icf-canoe-slalom-world-cup-1:89
[  323908ms] [ERROR] The above error occurred in the <WatermarkOverlay> component:

    at WatermarkOverlay (http://[::1]:5173/resources/js/Pages/GalleryShow.tsx?t=1780775237164:33:29)
    at div
    at div
    at div
    at GalleryShow (http://[::1]:5173/resources/js/Pages/GalleryShow.tsx?t=1780775237164:62:39)
    at App (http://[::1]:5173/node_modules/.vite/deps/@inertiajs_react.js?v=4934fd6a:15099:3)

Consider adding an error boundary to your tree to customize error handling behavior.
Visit https://reactjs.org/link/error-boundaries to learn more about error boundaries. @ http://jaka-stran.test/galerija/icf-canoe-slalom-world-cup-1:89
[  323909ms] [ERROR] The above error occurred in the <WatermarkOverlay> component:

    at WatermarkOverlay (http://[::1]:5173/resources/js/Pages/GalleryShow.tsx?t=1780775237164:33:29)
    at div
    at div
    at div
    at GalleryShow (http://[::1]:5173/resources/js/Pages/GalleryShow.tsx?t=1780775237164:62:39)
    at App (http://[::1]:5173/node_modules/.vite/deps/@inertiajs_react.js?v=4934fd6a:15099:3)

Consider adding an error boundary to your tree to customize error handling behavior.
Visit https://reactjs.org/link/error-boundaries to learn more about error boundaries. @ http://jaka-stran.test/galerija/icf-canoe-slalom-world-cup-1:89
[  323909ms] [ERROR] The above error occurred in the <WatermarkOverlay> component:

    at WatermarkOverlay (http://[::1]:5173/resources/js/Pages/GalleryShow.tsx?t=1780775237164:33:29)
    at div
    at div
    at div
    at GalleryShow (http://[::1]:5173/resources/js/Pages/GalleryShow.tsx?t=1780775237164:62:39)
    at App (http://[::1]:5173/node_modules/.vite/deps/@inertiajs_react.js?v=4934fd6a:15099:3)

Consider adding an error boundary to your tree to customize error handling behavior.
Visit https://reactjs.org/link/error-boundaries to learn more about error boundaries. @ http://jaka-stran.test/galerija/icf-canoe-slalom-world-cup-1:89
[  323909ms] [ERROR] The above error occurred in the <WatermarkOverlay> component:

    at WatermarkOverlay (http://[::1]:5173/resources/js/Pages/GalleryShow.tsx?t=1780775237164:33:29)
    at div
    at div
    at div
    at GalleryShow (http://[::1]:5173/resources/js/Pages/GalleryShow.tsx?t=1780775237164:62:39)
    at App (http://[::1]:5173/node_modules/.vite/deps/@inertiajs_react.js?v=4934fd6a:15099:3)

Consider adding an error boundary to your tree to customize error handling behavior.
Visit https://reactjs.org/link/error-boundaries to learn more about error boundaries. @ http://jaka-stran.test/galerija/icf-canoe-slalom-world-cup-1:89
[  323909ms] [ERROR] The above error occurred in the <WatermarkOverlay> component:

    at WatermarkOverlay (http://[::1]:5173/resources/js/Pages/GalleryShow.tsx?t=1780775237164:33:29)
    at div
    at div
    at div
    at GalleryShow (http://[::1]:5173/resources/js/Pages/GalleryShow.tsx?t=1780775237164:62:39)
    at App (http://[::1]:5173/node_modules/.vite/deps/@inertiajs_react.js?v=4934fd6a:15099:3)

Consider adding an error boundary to your tree to customize error handling behavior.
Visit https://reactjs.org/link/error-boundaries to learn more about error boundaries. @ http://jaka-stran.test/galerija/icf-canoe-slalom-world-cup-1:89
[  323909ms] [ERROR] The above error occurred in the <WatermarkOverlay> component:

    at WatermarkOverlay (http://[::1]:5173/resources/js/Pages/GalleryShow.tsx?t=1780775237164:33:29)
    at div
    at div
    at div
    at GalleryShow (http://[::1]:5173/resources/js/Pages/GalleryShow.tsx?t=1780775237164:62:39)
    at App (http://[::1]:5173/node_modules/.vite/deps/@inertiajs_react.js?v=4934fd6a:15099:3)

Consider adding an error boundary to your tree to customize error handling behavior.
Visit https://reactjs.org/link/error-boundaries to learn more about error boundaries. @ http://jaka-stran.test/galerija/icf-canoe-slalom-world-cup-1:89
[  323909ms] [ERROR] The above error occurred in the <WatermarkOverlay> component:

    at WatermarkOverlay (http://[::1]:5173/resources/js/Pages/GalleryShow.tsx?t=1780775237164:33:29)
    at div
    at div
    at div
    at GalleryShow (http://[::1]:5173/resources/js/Pages/GalleryShow.tsx?t=1780775237164:62:39)
    at App (http://[::1]:5173/node_modules/.vite/deps/@inertiajs_react.js?v=4934fd6a:15099:3)

Consider adding an error boundary to your tree to customize error handling behavior.
Visit https://reactjs.org/link/error-boundaries to learn more about error boundaries. @ http://jaka-stran.test/galerija/icf-canoe-slalom-world-cup-1:89
[  323909ms] [ERROR] The above error occurred in the <WatermarkOverlay> component:

    at WatermarkOverlay (http://[::1]:5173/resources/js/Pages/GalleryShow.tsx?t=1780775237164:33:29)
    at div
    at div
    at div
    at GalleryShow (http://[::1]:5173/resources/js/Pages/GalleryShow.tsx?t=1780775237164:62:39)
    at App (http://[::1]:5173/node_modules/.vite/deps/@inertiajs_react.js?v=4934fd6a:15099:3)

Consider adding an error boundary to your tree to customize error handling behavior.
Visit https://reactjs.org/link/error-boundaries to learn more about error boundaries. @ http://jaka-stran.test/galerija/icf-canoe-slalom-world-cup-1:89
[  323909ms] [ERROR] The above error occurred in the <WatermarkOverlay> component:

    at WatermarkOverlay (http://[::1]:5173/resources/js/Pages/GalleryShow.tsx?t=1780775237164:33:29)
    at div
    at div
    at div
    at GalleryShow (http://[::1]:5173/resources/js/Pages/GalleryShow.tsx?t=1780775237164:62:39)
    at App (http://[::1]:5173/node_modules/.vite/deps/@inertiajs_react.js?v=4934fd6a:15099:3)

Consider adding an error boundary to your tree to customize error handling behavior.
Visit https://reactjs.org/link/error-boundaries to learn more about error boundaries. @ http://jaka-stran.test/galerija/icf-canoe-slalom-world-cup-1:89
[  323909ms] [ERROR] The above error occurred in the <WatermarkOverlay> component:

    at WatermarkOverlay (http://[::1]:5173/resources/js/Pages/GalleryShow.tsx?t=1780775237164:33:29)
    at div
    at div
    at div
    at GalleryShow (http://[::1]:5173/resources/js/Pages/GalleryShow.tsx?t=1780775237164:62:39)
    at App (http://[::1]:5173/node_modules/.vite/deps/@inertiajs_react.js?v=4934fd6a:15099:3)

Consider adding an error boundary to your tree to customize error handling behavior.
Visit https://reactjs.org/link/error-boundaries to learn more about error boundaries. @ http://jaka-stran.test/galerija/icf-canoe-slalom-world-cup-1:89
[  323909ms] [ERROR] The above error occurred in the <WatermarkOverlay> component:

    at WatermarkOverlay (http://[::1]:5173/resources/js/Pages/GalleryShow.tsx?t=1780775237164:33:29)
    at div
    at div
    at div
    at GalleryShow (http://[::1]:5173/resources/js/Pages/GalleryShow.tsx?t=1780775237164:62:39)
    at App (http://[::1]:5173/node_modules/.vite/deps/@inertiajs_react.js?v=4934fd6a:15099:3)

Consider adding an error boundary to your tree to customize error handling behavior.
Visit https://reactjs.org/link/error-boundaries to learn more about error boundaries. @ http://jaka-stran.test/galerija/icf-canoe-slalom-world-cup-1:89
[  323909ms] [ERROR] The above error occurred in the <WatermarkOverlay> component:

    at WatermarkOverlay (http://[::1]:5173/resources/js/Pages/GalleryShow.tsx?t=1780775237164:33:29)
    at div
    at div
    at div
    at GalleryShow (http://[::1]:5173/resources/js/Pages/GalleryShow.tsx?t=1780775237164:62:39)
    at App (http://[::1]:5173/node_modules/.vite/deps/@inertiajs_react.js?v=4934fd6a:15099:3)

Consider adding an error boundary to your tree to customize error handling behavior.
Visit https://reactjs.org/link/error-boundaries to learn more about error boundaries. @ http://jaka-stran.test/galerija/icf-canoe-slalom-world-cup-1:89
[  323910ms] [ERROR] The above error occurred in the <WatermarkOverlay> component:

    at WatermarkOverlay (http://[::1]:5173/resources/js/Pages/GalleryShow.tsx?t=1780775237164:33:29)
    at div
    at div
    at div
    at GalleryShow (http://[::1]:5173/resources/js/Pages/GalleryShow.tsx?t=1780775237164:62:39)
    at App (http://[::1]:5173/node_modules/.vite/deps/@inertiajs_react.js?v=4934fd6a:15099:3)

Consider adding an error boundary to your tree to customize error handling behavior.
Visit https://reactjs.org/link/error-boundaries to learn more about error boundaries. @ http://jaka-stran.test/galerija/icf-canoe-slalom-world-cup-1:89
[  323910ms] [ERROR] The above error occurred in the <WatermarkOverlay> component:

    at WatermarkOverlay (http://[::1]:5173/resources/js/Pages/GalleryShow.tsx?t=1780775237164:33:29)
    at div
    at div
    at div
    at GalleryShow (http://[::1]:5173/resources/js/Pages/GalleryShow.tsx?t=1780775237164:62:39)
    at App (http://[::1]:5173/node_modules/.vite/deps/@inertiajs_react.js?v=4934fd6a:15099:3)

Consider adding an error boundary to your tree to customize error handling behavior.
Visit https://reactjs.org/link/error-boundaries to learn more about error boundaries. @ http://jaka-stran.test/galerija/icf-canoe-slalom-world-cup-1:89
[  323910ms] [ERROR] The above error occurred in the <WatermarkOverlay> component:

    at WatermarkOverlay (http://[::1]:5173/resources/js/Pages/GalleryShow.tsx?t=1780775237164:33:29)
    at div
    at div
    at div
    at GalleryShow (http://[::1]:5173/resources/js/Pages/GalleryShow.tsx?t=1780775237164:62:39)
    at App (http://[::1]:5173/node_modules/.vite/deps/@inertiajs_react.js?v=4934fd6a:15099:3)

Consider adding an error boundary to your tree to customize error handling behavior.
Visit https://reactjs.org/link/error-boundaries to learn more about error boundaries. @ http://jaka-stran.test/galerija/icf-canoe-slalom-world-cup-1:89
[  323910ms] [ERROR] The above error occurred in the <WatermarkOverlay> component:

    at WatermarkOverlay (http://[::1]:5173/resources/js/Pages/GalleryShow.tsx?t=1780775237164:33:29)
    at div
    at div
    at div
    at GalleryShow (http://[::1]:5173/resources/js/Pages/GalleryShow.tsx?t=1780775237164:62:39)
    at App (http://[::1]:5173/node_modules/.vite/deps/@inertiajs_react.js?v=4934fd6a:15099:3)

Consider adding an error boundary to your tree to customize error handling behavior.
Visit https://reactjs.org/link/error-boundaries to learn more about error boundaries. @ http://jaka-stran.test/galerija/icf-canoe-slalom-world-cup-1:89
[  323910ms] [ERROR] The above error occurred in the <WatermarkOverlay> component:

    at WatermarkOverlay (http://[::1]:5173/resources/js/Pages/GalleryShow.tsx?t=1780775237164:33:29)
    at div
    at div
    at div
    at GalleryShow (http://[::1]:5173/resources/js/Pages/GalleryShow.tsx?t=1780775237164:62:39)
    at App (http://[::1]:5173/node_modules/.vite/deps/@inertiajs_react.js?v=4934fd6a:15099:3)

Consider adding an error boundary to your tree to customize error handling behavior.
Visit https://reactjs.org/link/error-boundaries to learn more about error boundaries. @ http://jaka-stran.test/galerija/icf-canoe-slalom-world-cup-1:89
[  323910ms] [ERROR] The above error occurred in the <WatermarkOverlay> component:

    at WatermarkOverlay (http://[::1]:5173/resources/js/Pages/GalleryShow.tsx?t=1780775237164:33:29)
    at div
    at div
    at div
    at GalleryShow (http://[::1]:5173/resources/js/Pages/GalleryShow.tsx?t=1780775237164:62:39)
    at App (http://[::1]:5173/node_modules/.vite/deps/@inertiajs_react.js?v=4934fd6a:15099:3)

Consider adding an error boundary to your tree to customize error handling behavior.
Visit https://reactjs.org/link/error-boundaries to learn more about error boundaries. @ http://jaka-stran.test/galerija/icf-canoe-slalom-world-cup-1:89
[  323910ms] [ERROR] The above error occurred in the <WatermarkOverlay> component:

    at WatermarkOverlay (http://[::1]:5173/resources/js/Pages/GalleryShow.tsx?t=1780775237164:33:29)
    at div
    at div
    at div
    at GalleryShow (http://[::1]:5173/resources/js/Pages/GalleryShow.tsx?t=1780775237164:62:39)
    at App (http://[::1]:5173/node_modules/.vite/deps/@inertiajs_react.js?v=4934fd6a:15099:3)

Consider adding an error boundary to your tree to customize error handling behavior.
Visit https://reactjs.org/link/error-boundaries to learn more about error boundaries. @ http://jaka-stran.test/galerija/icf-canoe-slalom-world-cup-1:89
[  323910ms] [ERROR] The above error occurred in the <WatermarkOverlay> component:

    at WatermarkOverlay (http://[::1]:5173/resources/js/Pages/GalleryShow.tsx?t=1780775237164:33:29)
    at div
    at div
    at div
    at GalleryShow (http://[::1]:5173/resources/js/Pages/GalleryShow.tsx?t=1780775237164:62:39)
    at App (http://[::1]:5173/node_modules/.vite/deps/@inertiajs_react.js?v=4934fd6a:15099:3)

Consider adding an error boundary to your tree to customize error handling behavior.
Visit https://reactjs.org/link/error-boundaries to learn more about error boundaries. @ http://jaka-stran.test/galerija/icf-canoe-slalom-world-cup-1:89
[  323910ms] [ERROR] The above error occurred in the <WatermarkOverlay> component:

    at WatermarkOverlay (http://[::1]:5173/resources/js/Pages/GalleryShow.tsx?t=1780775237164:33:29)
    at div
    at div
    at div
    at GalleryShow (http://[::1]:5173/resources/js/Pages/GalleryShow.tsx?t=1780775237164:62:39)
    at App (http://[::1]:5173/node_modules/.vite/deps/@inertiajs_react.js?v=4934fd6a:15099:3)

Consider adding an error boundary to your tree to customize error handling behavior.
Visit https://reactjs.org/link/error-boundaries to learn more about error boundaries. @ http://jaka-stran.test/galerija/icf-canoe-slalom-world-cup-1:89
[  323910ms] [ERROR] The above error occurred in the <WatermarkOverlay> component:

    at WatermarkOverlay (http://[::1]:5173/resources/js/Pages/GalleryShow.tsx?t=1780775237164:33:29)
    at div
    at div
    at div
    at GalleryShow (http://[::1]:5173/resources/js/Pages/GalleryShow.tsx?t=1780775237164:62:39)
    at App (http://[::1]:5173/node_modules/.vite/deps/@inertiajs_react.js?v=4934fd6a:15099:3)

Consider adding an error boundary to your tree to customize error handling behavior.
Visit https://reactjs.org/link/error-boundaries to learn more about error boundaries. @ http://jaka-stran.test/galerija/icf-canoe-slalom-world-cup-1:89
[  323910ms] [ERROR] The above error occurred in the <WatermarkOverlay> component:

    at WatermarkOverlay (http://[::1]:5173/resources/js/Pages/GalleryShow.tsx?t=1780775237164:33:29)
    at div
    at div
    at div
    at GalleryShow (http://[::1]:5173/resources/js/Pages/GalleryShow.tsx?t=1780775237164:62:39)
    at App (http://[::1]:5173/node_modules/.vite/deps/@inertiajs_react.js?v=4934fd6a:15099:3)

Consider adding an error boundary to your tree to customize error handling behavior.
Visit https://reactjs.org/link/error-boundaries to learn more about error boundaries. @ http://jaka-stran.test/galerija/icf-canoe-slalom-world-cup-1:89
[  323911ms] [ERROR] The above error occurred in the <WatermarkOverlay> component:

    at WatermarkOverlay (http://[::1]:5173/resources/js/Pages/GalleryShow.tsx?t=1780775237164:33:29)
    at div
    at div
    at div
    at GalleryShow (http://[::1]:5173/resources/js/Pages/GalleryShow.tsx?t=1780775237164:62:39)
    at App (http://[::1]:5173/node_modules/.vite/deps/@inertiajs_react.js?v=4934fd6a:15099:3)

Consider adding an error boundary to your tree to customize error handling behavior.
Visit https://reactjs.org/link/error-boundaries to learn more about error boundaries. @ http://jaka-stran.test/galerija/icf-canoe-slalom-world-cup-1:89
[  323911ms] [ERROR] The above error occurred in the <WatermarkOverlay> component:

    at WatermarkOverlay (http://[::1]:5173/resources/js/Pages/GalleryShow.tsx?t=1780775237164:33:29)
    at div
    at div
    at div
    at GalleryShow (http://[::1]:5173/resources/js/Pages/GalleryShow.tsx?t=1780775237164:62:39)
    at App (http://[::1]:5173/node_modules/.vite/deps/@inertiajs_react.js?v=4934fd6a:15099:3)

Consider adding an error boundary to your tree to customize error handling behavior.
Visit https://reactjs.org/link/error-boundaries to learn more about error boundaries. @ http://jaka-stran.test/galerija/icf-canoe-slalom-world-cup-1:89
[  323911ms] [ERROR] The above error occurred in the <WatermarkOverlay> component:

    at WatermarkOverlay (http://[::1]:5173/resources/js/Pages/GalleryShow.tsx?t=1780775237164:33:29)
    at div
    at div
    at div
    at GalleryShow (http://[::1]:5173/resources/js/Pages/GalleryShow.tsx?t=1780775237164:62:39)
    at App (http://[::1]:5173/node_modules/.vite/deps/@inertiajs_react.js?v=4934fd6a:15099:3)

Consider adding an error boundary to your tree to customize error handling behavior.
Visit https://reactjs.org/link/error-boundaries to learn more about error boundaries. @ http://jaka-stran.test/galerija/icf-canoe-slalom-world-cup-1:89
[  323911ms] [ERROR] The above error occurred in the <WatermarkOverlay> component:

    at WatermarkOverlay (http://[::1]:5173/resources/js/Pages/GalleryShow.tsx?t=1780775237164:33:29)
    at div
    at div
    at div
    at GalleryShow (http://[::1]:5173/resources/js/Pages/GalleryShow.tsx?t=1780775237164:62:39)
    at App (http://[::1]:5173/node_modules/.vite/deps/@inertiajs_react.js?v=4934fd6a:15099:3)

Consider adding an error boundary to your tree to customize error handling behavior.
Visit https://reactjs.org/link/error-boundaries to learn more about error boundaries. @ http://jaka-stran.test/galerija/icf-canoe-slalom-world-cup-1:89
[  323911ms] [ERROR] The above error occurred in the <WatermarkOverlay> component:

    at WatermarkOverlay (http://[::1]:5173/resources/js/Pages/GalleryShow.tsx?t=1780775237164:33:29)
    at div
    at div
    at div
    at GalleryShow (http://[::1]:5173/resources/js/Pages/GalleryShow.tsx?t=1780775237164:62:39)
    at App (http://[::1]:5173/node_modules/.vite/deps/@inertiajs_react.js?v=4934fd6a:15099:3)

Consider adding an error boundary to your tree to customize error handling behavior.
Visit https://reactjs.org/link/error-boundaries to learn more about error boundaries. @ http://jaka-stran.test/galerija/icf-canoe-slalom-world-cup-1:89
[  323911ms] [ERROR] The above error occurred in the <WatermarkOverlay> component:

    at WatermarkOverlay (http://[::1]:5173/resources/js/Pages/GalleryShow.tsx?t=1780775237164:33:29)
    at div
    at div
    at div
    at GalleryShow (http://[::1]:5173/resources/js/Pages/GalleryShow.tsx?t=1780775237164:62:39)
    at App (http://[::1]:5173/node_modules/.vite/deps/@inertiajs_react.js?v=4934fd6a:15099:3)

Consider adding an error boundary to your tree to customize error handling behavior.
Visit https://reactjs.org/link/error-boundaries to learn more about error boundaries. @ http://jaka-stran.test/galerija/icf-canoe-slalom-world-cup-1:89
[  323911ms] [ERROR] The above error occurred in the <WatermarkOverlay> component:

    at WatermarkOverlay (http://[::1]:5173/resources/js/Pages/GalleryShow.tsx?t=1780775237164:33:29)
    at div
    at div
    at div
    at GalleryShow (http://[::1]:5173/resources/js/Pages/GalleryShow.tsx?t=1780775237164:62:39)
    at App (http://[::1]:5173/node_modules/.vite/deps/@inertiajs_react.js?v=4934fd6a:15099:3)

Consider adding an error boundary to your tree to customize error handling behavior.
Visit https://reactjs.org/link/error-boundaries to learn more about error boundaries. @ http://jaka-stran.test/galerija/icf-canoe-slalom-world-cup-1:89
[  323911ms] [ERROR] The above error occurred in the <WatermarkOverlay> component:

    at WatermarkOverlay (http://[::1]:5173/resources/js/Pages/GalleryShow.tsx?t=1780775237164:33:29)
    at div
    at div
    at div
    at GalleryShow (http://[::1]:5173/resources/js/Pages/GalleryShow.tsx?t=1780775237164:62:39)
    at App (http://[::1]:5173/node_modules/.vite/deps/@inertiajs_react.js?v=4934fd6a:15099:3)

Consider adding an error boundary to your tree to customize error handling behavior.
Visit https://reactjs.org/link/error-boundaries to learn more about error boundaries. @ http://jaka-stran.test/galerija/icf-canoe-slalom-world-cup-1:89
[  323911ms] [ERROR] The above error occurred in the <WatermarkOverlay> component:

    at WatermarkOverlay (http://[::1]:5173/resources/js/Pages/GalleryShow.tsx?t=1780775237164:33:29)
    at div
    at div
    at div
    at GalleryShow (http://[::1]:5173/resources/js/Pages/GalleryShow.tsx?t=1780775237164:62:39)
    at App (http://[::1]:5173/node_modules/.vite/deps/@inertiajs_react.js?v=4934fd6a:15099:3)

Consider adding an error boundary to your tree to customize error handling behavior.
Visit https://reactjs.org/link/error-boundaries to learn more about error boundaries. @ http://jaka-stran.test/galerija/icf-canoe-slalom-world-cup-1:89
[  323911ms] [ERROR] The above error occurred in the <WatermarkOverlay> component:

    at WatermarkOverlay (http://[::1]:5173/resources/js/Pages/GalleryShow.tsx?t=1780775237164:33:29)
    at div
    at div
    at div
    at GalleryShow (http://[::1]:5173/resources/js/Pages/GalleryShow.tsx?t=1780775237164:62:39)
    at App (http://[::1]:5173/node_modules/.vite/deps/@inertiajs_react.js?v=4934fd6a:15099:3)

Consider adding an error boundary to your tree to customize error handling behavior.
Visit https://reactjs.org/link/error-boundaries to learn more about error boundaries. @ http://jaka-stran.test/galerija/icf-canoe-slalom-world-cup-1:89
[  323912ms] [ERROR] The above error occurred in the <WatermarkOverlay> component:

    at WatermarkOverlay (http://[::1]:5173/resources/js/Pages/GalleryShow.tsx?t=1780775237164:33:29)
    at div
    at div
    at div
    at GalleryShow (http://[::1]:5173/resources/js/Pages/GalleryShow.tsx?t=1780775237164:62:39)
    at App (http://[::1]:5173/node_modules/.vite/deps/@inertiajs_react.js?v=4934fd6a:15099:3)

Consider adding an error boundary to your tree to customize error handling behavior.
Visit https://reactjs.org/link/error-boundaries to learn more about error boundaries. @ http://jaka-stran.test/galerija/icf-canoe-slalom-world-cup-1:89
[  323912ms] [ERROR] The above error occurred in the <WatermarkOverlay> component:

    at WatermarkOverlay (http://[::1]:5173/resources/js/Pages/GalleryShow.tsx?t=1780775237164:33:29)
    at div
    at div
    at div
    at GalleryShow (http://[::1]:5173/resources/js/Pages/GalleryShow.tsx?t=1780775237164:62:39)
    at App (http://[::1]:5173/node_modules/.vite/deps/@inertiajs_react.js?v=4934fd6a:15099:3)

Consider adding an error boundary to your tree to customize error handling behavior.
Visit https://reactjs.org/link/error-boundaries to learn more about error boundaries. @ http://jaka-stran.test/galerija/icf-canoe-slalom-world-cup-1:89
[  323912ms] [ERROR] The above error occurred in the <WatermarkOverlay> component:

    at WatermarkOverlay (http://[::1]:5173/resources/js/Pages/GalleryShow.tsx?t=1780775237164:33:29)
    at div
    at div
    at div
    at GalleryShow (http://[::1]:5173/resources/js/Pages/GalleryShow.tsx?t=1780775237164:62:39)
    at App (http://[::1]:5173/node_modules/.vite/deps/@inertiajs_react.js?v=4934fd6a:15099:3)

Consider adding an error boundary to your tree to customize error handling behavior.
Visit https://reactjs.org/link/error-boundaries to learn more about error boundaries. @ http://jaka-stran.test/galerija/icf-canoe-slalom-world-cup-1:89
[  323912ms] [ERROR] The above error occurred in the <WatermarkOverlay> component:

    at WatermarkOverlay (http://[::1]:5173/resources/js/Pages/GalleryShow.tsx?t=1780775237164:33:29)
    at div
    at div
    at div
    at GalleryShow (http://[::1]:5173/resources/js/Pages/GalleryShow.tsx?t=1780775237164:62:39)
    at App (http://[::1]:5173/node_modules/.vite/deps/@inertiajs_react.js?v=4934fd6a:15099:3)

Consider adding an error boundary to your tree to customize error handling behavior.
Visit https://reactjs.org/link/error-boundaries to learn more about error boundaries. @ http://jaka-stran.test/galerija/icf-canoe-slalom-world-cup-1:89
[  323912ms] [ERROR] The above error occurred in the <WatermarkOverlay> component:

    at WatermarkOverlay (http://[::1]:5173/resources/js/Pages/GalleryShow.tsx?t=1780775237164:33:29)
    at div
    at div
    at div
    at GalleryShow (http://[::1]:5173/resources/js/Pages/GalleryShow.tsx?t=1780775237164:62:39)
    at App (http://[::1]:5173/node_modules/.vite/deps/@inertiajs_react.js?v=4934fd6a:15099:3)

Consider adding an error boundary to your tree to customize error handling behavior.
Visit https://reactjs.org/link/error-boundaries to learn more about error boundaries. @ http://jaka-stran.test/galerija/icf-canoe-slalom-world-cup-1:89
[  323912ms] [ERROR] The above error occurred in the <WatermarkOverlay> component:

    at WatermarkOverlay (http://[::1]:5173/resources/js/Pages/GalleryShow.tsx?t=1780775237164:33:29)
    at div
    at div
    at div
    at GalleryShow (http://[::1]:5173/resources/js/Pages/GalleryShow.tsx?t=1780775237164:62:39)
    at App (http://[::1]:5173/node_modules/.vite/deps/@inertiajs_react.js?v=4934fd6a:15099:3)

Consider adding an error boundary to your tree to customize error handling behavior.
Visit https://reactjs.org/link/error-boundaries to learn more about error boundaries. @ http://jaka-stran.test/galerija/icf-canoe-slalom-world-cup-1:89
[  323912ms] [ERROR] The above error occurred in the <WatermarkOverlay> component:

    at WatermarkOverlay (http://[::1]:5173/resources/js/Pages/GalleryShow.tsx?t=1780775237164:33:29)
    at div
    at div
    at div
    at GalleryShow (http://[::1]:5173/resources/js/Pages/GalleryShow.tsx?t=1780775237164:62:39)
    at App (http://[::1]:5173/node_modules/.vite/deps/@inertiajs_react.js?v=4934fd6a:15099:3)

Consider adding an error boundary to your tree to customize error handling behavior.
Visit https://reactjs.org/link/error-boundaries to learn more about error boundaries. @ http://jaka-stran.test/galerija/icf-canoe-slalom-world-cup-1:89
[  323912ms] [ERROR] The above error occurred in the <WatermarkOverlay> component:

    at WatermarkOverlay (http://[::1]:5173/resources/js/Pages/GalleryShow.tsx?t=1780775237164:33:29)
    at div
    at div
    at div
    at GalleryShow (http://[::1]:5173/resources/js/Pages/GalleryShow.tsx?t=1780775237164:62:39)
    at App (http://[::1]:5173/node_modules/.vite/deps/@inertiajs_react.js?v=4934fd6a:15099:3)

Consider adding an error boundary to your tree to customize error handling behavior.
Visit https://reactjs.org/link/error-boundaries to learn more about error boundaries. @ http://jaka-stran.test/galerija/icf-canoe-slalom-world-cup-1:89
[  323912ms] [ERROR] The above error occurred in the <WatermarkOverlay> component:

    at WatermarkOverlay (http://[::1]:5173/resources/js/Pages/GalleryShow.tsx?t=1780775237164:33:29)
    at div
    at div
    at div
    at GalleryShow (http://[::1]:5173/resources/js/Pages/GalleryShow.tsx?t=1780775237164:62:39)
    at App (http://[::1]:5173/node_modules/.vite/deps/@inertiajs_react.js?v=4934fd6a:15099:3)

Consider adding an error boundary to your tree to customize error handling behavior.
Visit https://reactjs.org/link/error-boundaries to learn more about error boundaries. @ http://jaka-stran.test/galerija/icf-canoe-slalom-world-cup-1:89
[  323915ms] TypeError: Cannot read properties of undefined (reading 'enabled')
    at WatermarkOverlay (http://[::1]:5173/resources/js/Pages/GalleryShow.tsx?t=1780775237164:34:18)
    at renderWithHooks (http://[::1]:5173/node_modules/.vite/deps/chunk-LPF6KSF2.js?v=4934fd6a:11596:26)
    at mountIndeterminateComponent (http://[::1]:5173/node_modules/.vite/deps/chunk-LPF6KSF2.js?v=4934fd6a:14974:21)
    at beginWork (http://[::1]:5173/node_modules/.vite/deps/chunk-LPF6KSF2.js?v=4934fd6a:15962:22)
    at beginWork$1 (http://[::1]:5173/node_modules/.vite/deps/chunk-LPF6KSF2.js?v=4934fd6a:19806:22)
    at performUnitOfWork (http://[::1]:5173/node_modules/.vite/deps/chunk-LPF6KSF2.js?v=4934fd6a:19251:20)
    at workLoopSync (http://[::1]:5173/node_modules/.vite/deps/chunk-LPF6KSF2.js?v=4934fd6a:19190:13)
    at renderRootSync (http://[::1]:5173/node_modules/.vite/deps/chunk-LPF6KSF2.js?v=4934fd6a:19169:15)
    at recoverFromConcurrentError (http://[::1]:5173/node_modules/.vite/deps/chunk-LPF6KSF2.js?v=4934fd6a:18786:28)
    at performSyncWorkOnRoot (http://[::1]:5173/node_modules/.vite/deps/chunk-LPF6KSF2.js?v=4934fd6a:18932:28)
